Area,Perimeter,MajorAxisLength,MinorAxisLength,AspectRation,Eccentricity,ConvexArea,EquivDiameter,Extent,Solidity,roundness,Compactness,ShapeFactor1,ShapeFactor2,ShapeFactor3,ShapeFactor4,Class
29987,647.979,248.8178135,153.6975582,1.618879417,0.786405006,30330,195.3986546,0.73497549,0.988691065,0.897472234,0.785308141,0.008297523,0.001946653,0.616708877,0.998377307,DERMASON
53711,879.517,328.5702802,208.810849,1.573530695,0.772089756,54301,261.5090231,0.714802837,0.989134638,0.872538554,0.795899809,0.006117374,0.001514183,0.633456505,0.996763255,SIRA
71972,1089.578,405.9336822,228.7808075,1.774334511,0.826053585,73618,302.7170238,0.693692652,0.977641338,0.761827743,0.745730244,0.005640161,0.001075965,0.556113597,0.986731546,HOROZ
33866,668.421,230.9311586,186.8608751,1.23584543,0.587584681,34171,207.652427,0.799933862,0.991074303,0.952518888,0.899196229,0.006818968,0.002749896,0.808553858,0.999247591,SEKER
41086,807.202,333.0298565,158.2765383,2.104101215,0.879844156,41693,228.7188666,0.612931137,0.985441201,0.792390513,0.686781867,0.008105677,0.001112357,0.471669333,0.992440016,HOROZ
42041,761.435,274.3009697,195.3078848,1.404454152,0.702158783,42564,231.3617594,0.777759278,0.987712621,0.911207384,0.843459502,0.006524606,0.002037,0.711423932,0.999162295,SEKER
72318,1038.352,399.2766927,232.7000454,1.71584278,0.812612775,73244,303.4437961,0.752246817,0.987357326,0.842882551,0.759983745,0.005521125,0.001136121,0.577575292,0.991028395,CALI
62417,971.942,325.2218476,245.4771635,1.324855815,0.655956014,63584,281.9074186,0.737528063,0.981646326,0.830294299,0.866815746,0.005210469,0.001814528,0.751369538,0.995456302,BARBUNYA
34327,677.311,231.1581283,189.3043718,1.221092393,0.573880789,34714,209.0609812,0.793596116,0.98885176,0.940306539,0.904406791,0.006734003,0.002779127,0.817951644,0.998794531,SEKER
39587,748.802,271.0877328,187.280187,1.447498196,0.723000843,40022,224.507759,0.701350011,0.989130978,0.887214158,0.828173804,0.006847898,0.001987115,0.68587185,0.992798266,SIRA
35845,691.866,237.5296825,193.3277871,1.228637053,0.580990955,36310,213.633498,0.780936819,0.987193611,0.941010504,0.89939706,0.006626578,0.002674699,0.808915071,0.993863029,DERMASON
43114,823.478,336.2022065,165.314818,2.033708839,0.870757627,43778,234.295646,0.600481901,0.984832564,0.798958422,0.696889079,0.007797982,0.001134532,0.485654388,0.987679622,HOROZ
46129,812.99,310.6811921,189.4926281,1.639542367,0.792458148,46638,242.3494728,0.795245319,0.989086153,0.877028076,0.780058397,0.006735052,0.001538258,0.608491103,0.997646944,SIRA
33682,691.39,263.2164565,163.6692923,1.608221388,0.783172152,34106,207.0875524,0.712756052,0.98756817,0.885444915,0.786757618,0.007814751,0.001846965,0.61898755,0.995469017,DERMASON
56248,925.453,330.3764438,218.0510188,1.515133686,0.751258776,57157,267.6138597,0.825295283,0.984096436,0.825293099,0.810027061,0.005873568,0.001559839,0.656143839,0.994145633,BARBUNYA
26403,603.752,230.5788556,146.0777015,1.578467166,0.773721396,26707,183.3503305,0.704305378,0.988617216,0.910219164,0.795174085,0.008733055,0.002153748,0.632301826,0.998067671,DERMASON
69833,1017.734,388.5455472,230.6091543,1.684866103,0.804819997,70911,298.1847366,0.796907452,0.984797845,0.847231309,0.767438306,0.005563925,0.001190515,0.588961554,0.992321358,CALI
76045,1062.537,419.1725183,232.5805951,1.802267804,0.831946073,77403,311.1647493,0.732413222,0.98245546,0.846432643,0.742330987,0.005512164,0.001032505,0.551055294,0.993149215,CALI
39373,745.525,287.8294568,174.8563959,1.646090526,0.794319675,39750,223.900113,0.74381305,0.990515723,0.890192535,0.777891587,0.007310326,0.001651174,0.605115322,0.996074598,SIRA
35780,695.185,256.8210498,177.7155929,1.445123895,0.72191457,36107,213.4397126,0.729578728,0.990943584,0.93035654,0.831083405,0.007177782,0.002112265,0.690699627,0.998146534,DERMASON
47551,821.031,314.5426793,192.9740847,1.629973682,0.789689407,47966,246.0565252,0.741316413,0.991348038,0.88644217,0.782267531,0.006614849,0.001527991,0.61194249,0.997450154,SIRA
73077,1014.236,392.6693856,237.5307691,1.653130611,0.79629166,73629,305.0320085,0.697086767,0.992502954,0.892714381,0.776816375,0.005373365,0.001206979,0.60344368,0.997571219,CALI
46486,807.684,301.5468155,196.6007279,1.533803149,0.758241196,46903,243.2854568,0.703906723,0.991109311,0.895465962,0.806791663,0.006486831,0.001695344,0.650912788,0.998372083,SIRA
37393,729.503,278.4071329,171.6490448,1.621955621,0.787323836,37812,218.1977229,0.76662703,0.988918862,0.882970124,0.783736109,0.007445435,0.001732803,0.614242288,0.996273731,DERMASON
181020,1593.456,594.8962104,388.8031964,1.530070267,0.756870603,182766,480.0852241,0.784145549,0.990446801,0.895893267,0.807006694,0.003286356,0.000859811,0.651259804,0.996473263,BOMBAY
48868,830.349,317.2121747,197.1824912,1.608723841,0.783326306,49402,249.4407145,0.808403639,0.989190721,0.890662352,0.786352903,0.006491204,0.001530999,0.618350889,0.994755817,SIRA
38315,724.757,271.6567491,179.8190264,1.510723056,0.749561515,38694,220.8713951,0.77860191,0.9902052,0.916629556,0.813053222,0.007090089,0.001911205,0.661055541,0.998671848,DERMASON
38470,762.336,304.5889469,162.0116492,1.880043493,0.846805548,38914,221.3177022,0.801825837,0.988590225,0.831838836,0.726611075,0.007917571,0.001361381,0.527963654,0.992594633,HOROZ
41506,766.971,292.9027195,180.9660248,1.618550884,0.786306503,41963,229.8849289,0.69884833,0.989109454,0.886671725,0.784850784,0.007056877,0.001651736,0.615990753,0.997012378,DERMASON
59171,954.348,390.5018793,195.2338007,2.000175573,0.866050742,59778,274.4792471,0.695769249,0.989845763,0.816404214,0.702888415,0.006599548,0.000993664,0.494052124,0.988190991,HOROZ
32408,674.039,257.0555033,161.0262144,1.59635811,0.779481009,32781,203.1333236,0.708913923,0.988621458,0.896379763,0.790231374,0.007931853,0.00190797,0.624465625,0.996870765,DERMASON
35587,691.127,253.3402294,179.3130241,1.412837861,0.70641759,35956,212.8632793,0.719656218,0.989737457,0.936236402,0.840226915,0.007118898,0.002188663,0.705981268,0.997437065,DERMASON
64314,997.796,346.2438026,237.3979323,1.458495443,0.727942606,65360,286.1592705,0.730840909,0.983996328,0.811767889,0.826467559,0.005383646,0.001549386,0.683048627,0.99622331,BARBUNYA
44492,787.843,295.1801712,192.6706336,1.532045469,0.75759739,44973,238.010449,0.75689837,0.989304694,0.900766925,0.80632262,0.006634455,0.001729898,0.650156167,0.996068811,SIRA
35499,699.309,271.0406628,167.2360504,1.620707151,0.786951691,35770,212.5999309,0.81991408,0.992423819,0.912195127,0.784383895,0.007635163,0.001782842,0.615258095,0.997153195,DERMASON
58074,910.115,351.9588609,210.417832,1.672666511,0.801609633,58609,271.9229915,0.777648335,0.990871709,0.881046966,0.772598794,0.006060524,0.001332006,0.596908897,0.998429522,SIRA
68843,1007.263,391.8923946,225.7392283,1.736040286,0.817433134,69852,296.0635573,0.807561468,0.985555174,0.852675705,0.755471557,0.005692553,0.001143824,0.570737273,0.990822898,CALI
46273,814.273,313.146018,189.036987,1.656533057,0.797233986,46910,242.7274468,0.747979439,0.986420806,0.876995676,0.775125446,0.006767359,0.001506909,0.600819457,0.995277292,SIRA
35369,700.593,256.7380126,175.7317353,1.460965557,0.729032734,35801,212.2102954,0.749740329,0.987933298,0.905526277,0.826563598,0.007258843,0.002090029,0.683207381,0.998142452,DERMASON
45502,797.005,304.5152524,190.7146866,1.596705832,0.779590622,45895,240.6967922,0.790995219,0.991436976,0.90015699,0.790426063,0.006692349,0.0016114,0.624773362,0.99757927,SIRA
41683,768.766,295.5030768,181.1555416,1.631211909,0.79005099,42412,230.3745731,0.737243319,0.982811468,0.886299485,0.779601267,0.007089295,0.001615373,0.607778136,0.991414933,SIRA
39538,739.521,279.1041066,180.8455127,1.543328902,0.761682851,39945,224.3687704,0.771548444,0.98981099,0.908497087,0.803889176,0.007059136,0.001818511,0.646237808,0.997357487,DERMASON
58825,966.962,390.074867,195.8928485,1.991266501,0.864755596,60214,273.6755674,0.804301458,0.976932275,0.790593037,0.701597541,0.006631107,0.000991101,0.492239109,0.980179249,HOROZ
40526,760.728,287.5860631,180.4545737,1.593675667,0.778632481,41067,227.1548058,0.684329618,0.986826406,0.880004314,0.789867226,0.007096335,0.001703846,0.623890234,0.994278685,SIRA
34131,668.091,224.3380186,193.8042127,1.157549753,0.503674085,34473,208.4632795,0.770625423,0.990079192,0.960920889,0.929237411,0.006572852,0.003023015,0.863482166,0.999523568,SEKER
68888,1013.834,407.3993055,218.5901052,1.863759135,0.843868519,70240,296.1603042,0.7402536,0.980751708,0.842208726,0.726953385,0.005913937,0.001018785,0.528461224,0.984924434,CALI
84307,1126.741,444.3556851,242.4084762,1.833086417,0.838092585,84990,327.6324256,0.819071213,0.99196376,0.834498007,0.737320207,0.005270686,0.000960885,0.543641087,0.996541093,CALI
26613,597.583,221.8251102,153.2020924,1.447924808,0.723195284,26866,184.0780378,0.709226095,0.990582893,0.936498809,0.829834087,0.008335216,0.002438157,0.688624612,0.997076659,DERMASON
44828,800.491,302.9480844,190.0700505,1.593875961,0.778696019,45542,238.9074765,0.68385404,0.984322164,0.879116275,0.788608639,0.00675801,0.001612296,0.621903585,0.991237174,SIRA
32853,686.741,262.8971066,159.5824631,1.647405996,0.794690443,33338,204.5231986,0.698881042,0.985452037,0.875384686,0.777959108,0.008002225,0.00180808,0.605220374,0.997043673,DERMASON
31667,654.114,244.4430233,165.2762433,1.478996729,0.736778658,31918,200.7976012,0.79127936,0.992136099,0.93005771,0.821449508,0.007719172,0.002168073,0.674779294,0.997996369,DERMASON
44359,798.069,300.7113183,189.1698436,1.58963666,0.777344958,44815,237.6544402,0.803619631,0.989824835,0.87520689,0.7903076,0.006779037,0.001631295,0.624586103,0.992864966,SIRA
52836,874.536,342.6316354,198.2759928,1.728054065,0.815550721,53598,259.370169,0.673293065,0.985783052,0.868129295,0.756994224,0.006484814,0.001313553,0.573040256,0.990244543,SIRA
36534,709.64,254.4639115,184.2408922,1.381147847,0.689762764,37052,215.6769193,0.807381215,0.986019648,0.911655831,0.847573701,0.006965126,0.00221727,0.718381179,0.992190619,DERMASON
57105,953.054,346.2734018,210.2189885,1.647203254,0.794633369,58126,269.6448483,0.696062896,0.982434711,0.790039823,0.778705055,0.006063802,0.001375361,0.606381562,0.998833682,BARBUNYA
67538,1010.848,371.6322535,231.7486906,1.60360023,0.781746128,68500,293.2440151,0.698392017,0.985956204,0.830589329,0.789070411,0.005502565,0.001315855,0.622632114,0.998453001,BARBUNYA
53027,910.442,375.7425792,180.6354243,2.080115684,0.876861822,53644,259.8385524,0.625318396,0.988498248,0.803900601,0.691533424,0.007085873,0.000999599,0.478218477,0.994749754,HOROZ
32323,664.437,242.4343542,169.9603597,1.426417046,0.713105002,32692,202.8667587,0.728783369,0.988712835,0.920055252,0.836790476,0.007500367,0.00226845,0.700218301,0.998803321,DERMASON
52741,917.035,385.0091891,175.145116,2.198229662,0.89053664,53339,259.1368882,0.630571497,0.988788691,0.788109207,0.673066762,0.007299998,0.000924134,0.453018866,0.995839509,HOROZ
29930,640.443,235.2698504,162.3481434,1.449168716,0.723760957,30245,195.2128571,0.780321201,0.989585055,0.916971029,0.829740219,0.00786067,0.002298306,0.68846883,0.99770749,DERMASON
32904,668.662,240.0670103,175.161431,1.370547208,0.683836185,33244,204.6818848,0.799145092,0.989772591,0.924794577,0.852603132,0.007295983,0.002378216,0.7269321,0.996294761,DERMASON
50487,835.946,311.6093704,206.4985208,1.509015024,0.748899202,50978,253.5390402,0.713042864,0.990368394,0.907889474,0.813643825,0.006172071,0.001668584,0.662016275,0.998992505,SEKER
39071,732.055,263.0425088,190.0104776,1.384357916,0.691520805,39545,223.0397773,0.732297485,0.988013655,0.916171902,0.847922939,0.006732423,0.002146726,0.718973311,0.995316395,DERMASON
41496,734.055,251.309916,210.3701975,1.194607977,0.547058015,41823,229.8572343,0.7904,0.992181336,0.967740455,0.914636549,0.006056244,0.002614432,0.836560017,0.999361269,SEKER
92751,1148.629,436.2008929,273.8641726,1.592763627,0.77834279,94765,343.6484265,0.815128266,0.978747428,0.883423425,0.787821465,0.004702924,0.001117529,0.620662661,0.988568911,CALI
36831,692.49,240.3522783,195.326873,1.230513111,0.582725416,37129,216.5518083,0.782256866,0.991973929,0.965153438,0.900976724,0.006525815,0.002652582,0.811759057,0.998880163,SEKER
58248,958.961,384.6793719,193.4503333,1.988517494,0.864352047,58831,272.3300516,0.679276968,0.990090259,0.795955873,0.707940356,0.006604164,0.001023256,0.501179548,0.996604298,HOROZ
41863,763.785,281.5964769,190.2356431,1.480250874,0.737303951,42456,230.8714514,0.736609657,0.986032598,0.901774524,0.819866264,0.00672662,0.001874773,0.67218069,0.994996054,DERMASON
59938,957.732,347.338032,220.193528,1.577421622,0.77337738,60922,276.2524784,0.749225,0.983848199,0.821153058,0.795341866,0.005794955,0.00143036,0.632568683,0.997827518,BARBUNYA
30471,655.561,247.9033013,156.845945,1.580552824,0.77440515,30957,196.9692417,0.761508472,0.984300804,0.890984919,0.794540616,0.008135713,0.002000045,0.63129479,0.997794763,DERMASON
68109,1054.03,382.4985513,227.4918703,1.681372397,0.803909057,69487,294.4810217,0.750760582,0.980168952,0.770386074,0.76988794,0.005615977,0.001217069,0.59272744,0.996595557,BARBUNYA
37809,721.444,263.6899886,182.7969036,1.442529843,0.720719735,38242,219.4080991,0.719130402,0.98867737,0.912850806,0.83206837,0.006974265,0.002062122,0.692337773,0.998717899,DERMASON
37888,736.433,265.4337509,182.3838439,1.455357806,0.726547491,38477,219.6372006,0.766963563,0.984692154,0.877900027,0.827465233,0.007005747,0.002025971,0.684698712,0.996481616,DERMASON
35615,697.563,253.5231179,179.0336483,1.416064077,0.708029623,35980,212.9470037,0.788989809,0.989855475,0.919763009,0.839951029,0.007118437,0.002185648,0.705517731,0.999058314,DERMASON
41836,757.765,272.0990391,196.168085,1.387070884,0.692993649,42304,230.7969878,0.773966774,0.988937216,0.915568694,0.848209492,0.006503945,0.002076678,0.719459343,0.997941107,SEKER
29051,625.226,232.1753426,159.8692152,1.452282995,0.725168901,29333,192.3249386,0.808027147,0.990386254,0.933892507,0.82836074,0.007991991,0.002321201,0.686181516,0.996529747,DERMASON
72102,1072.061,377.6167303,243.503876,1.550762708,0.764314228,73400,302.990293,0.70845206,0.982316076,0.788348383,0.802375183,0.005237257,0.00133904,0.643805934,0.998390234,BARBUNYA
74056,1043.271,397.6397877,238.8258183,1.664978228,0.799543297,74857,307.0684414,0.812195657,0.989299598,0.855019154,0.772227657,0.005369447,0.001177852,0.596335554,0.992885713,CALI
43133,772.6,287.5099678,191.8002209,1.499007491,0.74496095,43558,234.3472664,0.769297995,0.990242895,0.908050751,0.815092667,0.006665661,0.001814893,0.664376056,0.995904684,SIRA
40467,747.268,261.2626686,197.9231131,1.320021015,0.652761247,41031,226.9893933,0.748695652,0.986254296,0.910663863,0.868816791,0.006456191,0.00226918,0.754842616,0.996408115,DERMASON
46937,868.451,305.1511731,197.2595108,1.546952904,0.762971528,47931,244.4627671,0.753064433,0.979261856,0.782050059,0.801120194,0.006501293,0.001651848,0.641793566,0.992824421,SIRA
43113,753.398,260.9220427,210.8784942,1.237309872,0.588901274,43517,234.2929288,0.798906699,0.990716272,0.954485164,0.897942261,0.00605205,0.002427034,0.806300303,0.997643325,SEKER
146976,1463.469,540.3445699,347.6428835,1.554309309,0.765553209,148762,432.5917883,0.79836607,0.987994246,0.862361249,0.800585057,0.003676414,0.00093161,0.640936434,0.996213465,BOMBAY
41130,767.813,268.9152404,197.6332955,1.360677814,0.678145321,42068,228.8413041,0.705367861,0.977702767,0.876713414,0.850979304,0.006538177,0.00211501,0.724165776,0.985356305,SIRA
73769,1047.573,399.9223342,236.1586535,1.693447724,0.807029378,74575,306.4728503,0.801532026,0.989192089,0.84472465,0.76633092,0.005421279,0.001153312,0.587263079,0.994499324,CALI
35942,698.658,252.9340109,181.2665967,1.39537022,0.69742715,36276,213.9223591,0.775681975,0.990792811,0.925300573,0.845763519,0.007037283,0.002221164,0.71531593,0.998130546,DERMASON
32262,652.419,222.6986563,184.5129929,1.206953791,0.559941518,32563,202.6752432,0.781313572,0.99075638,0.952462642,0.910087409,0.006902816,0.002921047,0.828259093,0.999670452,SEKER
40695,758.057,285.3585761,182.1732841,1.566412867,0.769703702,41207,227.6279492,0.689593818,0.987574927,0.889912264,0.797690935,0.007012129,0.001751331,0.636310827,0.996725467,SIRA
39334,714.221,241.0411743,208.2253658,1.157597555,0.503735267,39735,223.789196,0.801295632,0.989908141,0.968975389,0.928427256,0.006128062,0.002808629,0.861977169,0.997822664,SEKER
61377,993.965,352.8614992,222.8756912,1.583221111,0.775275101,62512,279.5489645,0.769193172,0.981843486,0.78068051,0.792234248,0.005749084,0.001396989,0.627635104,0.993685146,BARBUNYA
34291,687.182,257.9686332,169.9776055,1.517662473,0.752223504,34674,208.9513274,0.693925045,0.98895426,0.912528557,0.809987342,0.007522925,0.001997466,0.656079493,0.995707227,DERMASON
64828,1021.97,419.9637378,198.5741932,2.114895853,0.881150171,65825,287.3004929,0.728592782,0.984853779,0.780002856,0.684107857,0.006478123,0.00087524,0.468003561,0.98977879,HOROZ
38726,758.269,276.7370044,179.6180068,1.540697446,0.760740035,39285,222.0528644,0.715478698,0.98577065,0.846380994,0.802396719,0.007146026,0.001827262,0.643840495,0.991963407,DERMASON
36144,690.759,222.6202324,206.9200348,1.075875676,0.368884043,36563,214.5226564,0.783287101,0.988540328,0.951903609,0.963626055,0.006159258,0.003275988,0.928575174,0.999031444,SEKER
32105,695.762,253.9301786,161.7862199,1.569541453,0.770757383,32716,202.1814917,0.716933521,0.981324123,0.833414644,0.796208993,0.007909365,0.001960784,0.63394876,0.995008858,DERMASON
50189,883.41,367.1287652,174.3932592,2.105177499,0.879975362,50787,252.7896745,0.642715363,0.988225333,0.808153363,0.688558616,0.007314925,0.001014269,0.474112968,0.998091952,HOROZ
45626,796.935,297.923673,195.812719,1.52147253,0.753665652,46212,241.0245371,0.698927696,0.987319311,0.902768628,0.809014385,0.006529691,0.00172543,0.654504275,0.995810275,SIRA
38746,714.422,250.5392244,197.0547139,1.271419594,0.61756174,39096,222.1101965,0.767916601,0.991047678,0.953953265,0.886528635,0.006466196,0.002463767,0.78593302,0.999250642,SEKER
34099,670.159,237.7722053,183.2249309,1.297706618,0.637330955,34376,208.3655327,0.800671551,0.991942053,0.954104179,0.87632418,0.006972996,0.002536637,0.767944068,0.996566099,SIRA
24186,573.868,213.73122,144.5738136,1.478353615,0.736508628,24512,175.4838216,0.803628389,0.986700392,0.922889906,0.82104908,0.008836981,0.002477195,0.674121592,0.996590092,DERMASON
98240,1198.223,472.245656,267.6939943,1.764124956,0.823818773,99642,353.6708256,0.784551742,0.985929628,0.859850433,0.748912819,0.004807061,0.000932791,0.560870411,0.989445489,CALI
53866,961.806,387.1179249,177.923686,2.175752614,0.888120295,54788,261.8860846,0.605167959,0.983171497,0.731727921,0.676502088,0.007186684,0.000928506,0.457655075,0.995744227,HOROZ
50879,843.716,314.0192157,207.0960918,1.51629716,0.751703392,51313,254.5214231,0.755778372,0.991542104,0.898164449,0.810528179,0.006171883,0.001643122,0.656955929,0.996140409,SIRA
41629,742.831,262.2108879,202.5202822,1.294738903,0.635189299,42053,230.2253005,0.761153368,0.989917485,0.948038127,0.878015792,0.006298755,0.002309106,0.770911732,0.99812941,SEKER
64284,1038.268,351.4861893,233.4468719,1.505636749,0.747580843,65556,286.0925216,0.73023446,0.980596742,0.749365713,0.813950961,0.005467709,0.001480397,0.662516167,0.997508688,BARBUNYA
59471,957.54,361.3700973,211.6221386,1.707619532,0.810592557,60328,275.1741793,0.668965129,0.985794324,0.815081911,0.76147468,0.006076409,0.001260226,0.579843689,0.990152409,HOROZ
50698,854.937,328.9275314,197.1141753,1.668715763,0.800552047,51211,254.0682948,0.801714186,0.989982621,0.871630594,0.772414196,0.006487978,0.001424591,0.596623691,0.995595357,HOROZ
30884,639.64,224.2684585,175.7375178,1.276155834,0.621261437,31200,198.2995968,0.802140149,0.989871795,0.948576101,0.884206357,0.007261639,0.002737972,0.781820883,0.99772528,DERMASON
24439,580.285,213.52485,146.08628,1.461635206,0.729327036,24796,176.3992665,0.756438034,0.985602517,0.912033113,0.826129917,0.008737053,0.002510372,0.682490639,0.997552346,DERMASON
36321,719.951,274.3242677,169.1080355,1.622183517,0.787391656,36783,215.047282,0.800727513,0.98743985,0.880565736,0.783916362,0.007552773,0.001759402,0.614524863,0.996872104,DERMASON
47928,838.842,306.2995139,200.8561609,1.524969474,0.754977382,48754,247.0300081,0.795063203,0.9830578,0.855931159,0.806498205,0.006390826,0.001667825,0.650439354,0.99190016,SIRA
53335,881.24,342.2415341,199.8183913,1.712762934,0.81186014,54233,260.592078,0.695934132,0.983441816,0.863045634,0.76142739,0.006416828,0.001330498,0.57977167,0.993011426,SIRA
26031,597.991,227.2733294,146.1657257,1.554901659,0.765759122,26319,182.054109,0.795957681,0.989057335,0.914768962,0.801035957,0.008730872,0.002217407,0.641658605,0.997716029,DERMASON
53795,928.116,383.5121875,180.6248688,2.123252408,0.882146257,54602,261.7134336,0.619829473,0.985220322,0.784778789,0.682412299,0.007129142,0.000953684,0.465686546,0.98877008,HOROZ
31706,655.576,239.022397,169.246283,1.412275607,0.70613514,32019,200.9212109,0.809322034,0.990224554,0.927054416,0.840595749,0.007538712,0.002321805,0.706601214,0.997915658,DERMASON
29715,638.811,241.8003246,156.8964354,1.541146069,0.760901195,30059,194.5104446,0.699373941,0.98855584,0.915041575,0.804425904,0.008137315,0.002101866,0.647101035,0.997277216,DERMASON
47344,827.636,325.0607593,185.9119405,1.748466281,0.820302557,47790,245.5203719,0.768846016,0.990667504,0.868552482,0.755306092,0.006865934,0.001378387,0.570487293,0.997477796,SIRA
59088,977.984,406.9518663,188.5342666,2.158503458,0.886209899,60601,274.2866716,0.651825703,0.975033415,0.776328723,0.674002737,0.006887217,0.000876739,0.454279689,0.98056428,HOROZ
57659,955.434,387.7576067,196.6257824,1.972058812,0.861896481,60188,270.9496612,0.620790267,0.957981657,0.7937351,0.698760402,0.006725014,0.000988977,0.4882661,0.962889464,HOROZ
67454,1014.674,343.9890329,249.9889963,1.376016696,0.686917539,68666,293.061598,0.731676628,0.982349343,0.823312119,0.851950411,0.005099609,0.001657196,0.725819503,0.998739755,BARBUNYA
175276,1595.654,608.730967,368.7638602,1.650733797,0.795623672,177114,472.4069585,0.789343085,0.989622503,0.865077202,0.776052122,0.003472985,0.000777045,0.602256896,0.994165812,BOMBAY
34727,698.375,260.6260974,170.2968072,1.530422688,0.757000536,35171,210.275509,0.753624132,0.987375963,0.894745993,0.806809107,0.007504999,0.001961614,0.650940936,0.996214776,DERMASON
180805,1631.287,631.507181,369.9237547,1.70712795,0.810470702,184775,479.8000374,0.737714617,0.978514409,0.853806683,0.759769725,0.003492753,0.000717919,0.577250035,0.98543967,BOMBAY
39578,734.744,275.5475876,183.226216,1.503865515,0.746885136,39954,224.4822369,0.705490196,0.990589178,0.921279933,0.814676836,0.00696214,0.001891751,0.663698348,0.998113057,DERMASON
81696,1116.142,434.1408752,242.8222629,1.787895682,0.828954024,83499,322.5191124,0.737142238,0.978406927,0.824084519,0.742890455,0.005314102,0.00099841,0.551886228,0.986715004,CALI
42692,777.834,293.4051912,186.0652447,1.576894125,0.773203499,43232,233.146183,0.800074963,0.987509252,0.886711864,0.794621874,0.006872604,0.00169022,0.631423923,0.995688675,SIRA
57144,878.194,314.6127709,231.565,1.358636974,0.676946976,57621,269.7369099,0.78873706,0.991721768,0.931106953,0.857361604,0.005505613,0.001835023,0.73506892,0.998691813,SEKER
32066,669.313,236.436655,173.2308993,1.364864213,0.680580172,32481,202.058653,0.780878628,0.9872233,0.899489569,0.854599524,0.007373438,0.002426053,0.730340347,0.996815403,SEKER
37903,727.708,273.1955881,177.3482753,1.540446828,0.760649928,38267,219.6806739,0.766181524,0.990487888,0.89943369,0.804115013,0.007207756,0.001858885,0.646600954,0.996054388,SIRA
38010,713.114,239.8470136,202.0040737,1.187337509,0.539133208,38445,219.9905341,0.752613654,0.988685135,0.939268609,0.917211896,0.006310103,0.002754831,0.841277662,0.998880524,SEKER
63164,965.899,351.8699366,229.2060113,1.535168884,0.758739538,63999,283.5893203,0.71455722,0.986952921,0.850777618,0.805949275,0.005570735,0.00144985,0.649554234,0.997175449,BARBUNYA
41251,743.017,250.6483104,209.9098243,1.194076129,0.546487069,41836,229.1776701,0.793715847,0.986016828,0.938959465,0.914339577,0.006076175,0.002619631,0.836016862,0.998267778,SEKER
54609,922.437,360.9467553,193.2920089,1.86736512,0.844526406,55383,263.6860601,0.719258732,0.986024592,0.806493104,0.730540048,0.006609657,0.001161274,0.533688762,0.99659178,HOROZ
33662,677.564,254.5702952,168.8623962,1.507560599,0.748332989,34054,207.0260601,0.714813556,0.988488871,0.921401963,0.813237302,0.007562542,0.002040407,0.661354909,0.997032604,DERMASON
55412,950.15,407.4697047,173.7553106,2.345077704,0.904522875,55983,265.6176757,0.81623875,0.989800475,0.771310679,0.65187098,0.007353456,0.000819064,0.424935775,0.99650741,HOROZ
28788,638.503,243.2529008,151.1621769,1.609218032,0.783477754,29118,191.4523962,0.682180095,0.988666804,0.887351063,0.787050825,0.008449802,0.002000034,0.619449001,0.996828502,DERMASON
45360,784.586,290.296352,199.1389298,1.457757919,0.727615724,45785,240.3209224,0.765182186,0.990717484,0.925980415,0.827846856,0.006399831,0.001854165,0.685330418,0.999045844,SIRA
52467,868.011,333.0600242,200.904464,1.657803005,0.797583936,53019,258.4628778,0.787083708,0.989588638,0.87507573,0.776024918,0.006347991,0.001420099,0.602214673,0.998353294,SIRA
30150,639.517,237.8867478,161.562476,1.472413358,0.73399293,30459,195.928998,0.797935689,0.989855215,0.926388155,0.823623005,0.007890108,0.002239632,0.678354854,0.998818749,DERMASON
31628,669.98,256.5902109,157.3666193,1.630525025,0.789850531,32006,200.6739154,0.668866049,0.988189714,0.885437512,0.782079389,0.008112755,0.001872197,0.611648171,0.99730765,DERMASON
34543,670.896,235.0180104,187.2911352,1.254827198,0.604081588,34826,209.7176998,0.769194798,0.991873887,0.964405129,0.892347354,0.006803636,0.002661072,0.7962838,0.99919857,SEKER
62716,937.448,356.9927877,224.568972,1.58967993,0.777358815,63313,282.5818311,0.775037074,0.990570657,0.89679637,0.791561737,0.005692212,0.001378479,0.626569984,0.996045728,CALI
28279,643.246,245.8127463,146.857054,1.673823215,0.801917595,28642,189.7523151,0.749072897,0.987326304,0.858854753,0.771938469,0.008692413,0.001903929,0.595889,0.997412842,DERMASON
39557,765.521,303.6402703,167.2081587,1.815941714,0.834717452,40200,224.4226741,0.812675912,0.984004975,0.848240479,0.739107082,0.007676019,0.00141301,0.546279279,0.992011329,HOROZ
31114,648.77,235.840739,168.7334929,1.397711473,0.69865857,31395,199.0366177,0.790940058,0.99104953,0.928932575,0.843945022,0.007579891,0.002371916,0.712243201,0.995510493,DERMASON
71184,1061.63,419.1542715,218.2612953,1.920424191,0.853728565,72140,301.0552835,0.803612554,0.98674799,0.793680824,0.71824458,0.005888321,0.000966631,0.515875276,0.99069936,CALI
25172,596.596,222.1323266,144.8773759,1.53324372,0.758036587,25527,179.0250983,0.704348313,0.986093156,0.888724009,0.805938969,0.00882458,0.002296584,0.649537622,0.995899479,DERMASON
44699,767.062,264.3649451,215.4349162,1.227122092,0.579580718,45085,238.5634809,0.756943033,0.991438394,0.954655622,0.902402097,0.005914337,0.00241928,0.814329545,0.999281775,SEKER
73711,1037.428,410.799255,230.5628826,1.781723278,0.827643351,75070,306.3523463,0.791799598,0.981896896,0.860649333,0.745747084,0.005573107,0.00106327,0.556138713,0.99088529,CALI
49263,897.95,372.1063544,169.2170241,2.198988881,0.890616854,49987,250.4468001,0.747723271,0.985516234,0.767761641,0.673051662,0.007553465,0.000956136,0.452998539,0.996138751,HOROZ
54079,882.527,346.5358897,199.4671086,1.737308432,0.817729265,54691,262.4033562,0.7569425,0.988809859,0.872534312,0.757218412,0.006407957,0.001299523,0.573379724,0.996137429,SIRA
41493,778.016,289.4416224,183.7740605,1.574986272,0.772572818,42079,229.8489252,0.736775752,0.986073814,0.861405506,0.794111515,0.006975674,0.001711165,0.630613098,0.993206972,SIRA
32038,645.085,224.4823211,181.9408668,1.233820224,0.5857513,32308,201.970415,0.770514671,0.991642937,0.967478615,0.899716352,0.007006752,0.002832168,0.809489514,0.998764533,SEKER
80420,1161.915,413.4325044,248.2234946,1.665565563,0.799702352,82080,319.9905064,0.679733922,0.979775828,0.748557586,0.773984878,0.005140916,0.001138021,0.599052591,0.997761366,BARBUNYA
42945,771.134,285.0266453,192.3731605,1.481634156,0.737881355,43412,233.8359943,0.805540966,0.989242606,0.907533713,0.820400472,0.006637016,0.001854625,0.673056935,0.997224143,SIRA
63336,990.209,386.0225949,212.8307846,1.813753568,0.83427879,64839,283.9751746,0.63284107,0.976819507,0.811720954,0.735643919,0.006094837,0.001101064,0.541171976,0.981552602,HOROZ
55701,932.537,386.3861056,183.9715804,2.100248879,0.879372713,56186,266.3094363,0.724565854,0.991367956,0.804897747,0.6892314,0.006936789,0.000965603,0.475039922,0.997702064,HOROZ
36707,697.665,244.3788346,191.5007484,1.276124698,0.621237321,37074,216.1869653,0.786202317,0.990100879,0.947686914,0.884638662,0.006657554,0.002515117,0.782585562,0.998676764,SEKER
33262,670.166,253.2302442,167.5252862,1.51159416,0.749898208,33519,205.7923559,0.806351515,0.992332707,0.930665129,0.812668947,0.0076132,0.002048338,0.660430817,0.998303366,DERMASON
71879,1021.137,396.5505994,233.7264399,1.696644161,0.807842235,72910,302.5213798,0.779142368,0.985859279,0.866251231,0.762882165,0.005516919,0.001152673,0.581989198,0.987428574,CALI
33518,676.825,249.6162305,171.2239019,1.457835195,0.727650004,33885,206.5827753,0.746370357,0.989169249,0.919464946,0.827601534,0.007447229,0.002155061,0.6849243,0.99850675,DERMASON
25539,593.522,223.7580605,146.1151222,1.531381948,0.757353635,25766,180.3254412,0.693090534,0.99118994,0.911045588,0.805894727,0.008761426,0.002279648,0.649466312,0.994580986,DERMASON
75051,1077.341,370.1735995,258.9362535,1.429593556,0.714633072,76431,309.1244103,0.79215351,0.981944499,0.812568479,0.83507957,0.004932294,0.001479586,0.697357888,0.996938344,BARBUNYA
55277,939.509,386.6178902,183.0291556,2.11232953,0.880841666,55980,265.2939168,0.673059127,0.987441944,0.786959603,0.686191518,0.006994191,0.00095653,0.470858799,0.994608946,HOROZ
48991,868.685,352.6432965,177.5916364,1.985697658,0.863936161,49643,249.7544365,0.652456484,0.986866225,0.815833479,0.708235316,0.007198124,0.001117145,0.501597263,0.996020509,HOROZ
48141,824.637,319.6570787,193.3045806,1.653644615,0.79643446,48811,247.5783208,0.80204255,0.986273586,0.889609347,0.774512242,0.006640017,0.00147388,0.599869213,0.991970494,SIRA
68566,1008.527,377.992253,234.0837482,1.614773584,0.785168752,69879,295.4673292,0.749109582,0.981210378,0.847117433,0.781675621,0.005512823,0.00126958,0.611016777,0.986653751,CALI
67884,1089.592,423.7583854,206.0546751,2.05653371,0.873816903,69188,293.9942062,0.799915158,0.981152801,0.718537564,0.693777908,0.00624239,0.000892098,0.481327786,0.989866817,HOROZ
32384,657.952,238.5483358,173.0861476,1.378205818,0.688136735,32711,203.0580937,0.755840822,0.990003363,0.940052118,0.851224105,0.007366241,0.00238562,0.724582478,0.998623787,DERMASON
45388,800.96,307.0593315,188.7131332,1.627122216,0.788852955,45929,240.3950841,0.735147392,0.98822095,0.889056281,0.782894573,0.00676521,0.00156774,0.612923912,0.997302114,SIRA
66871,990.128,372.9684585,229.4178899,1.625716541,0.788438664,67765,291.7923947,0.80186824,0.986807349,0.857166121,0.782351397,0.005577432,0.001288907,0.612073709,0.995058353,BARBUNYA
87083,1132.608,441.0428336,252.7778618,1.744784256,0.819459731,87801,332.9827612,0.729417776,0.991822417,0.853068678,0.75498962,0.005064626,0.001015059,0.570009326,0.994543298,CALI
33615,683.001,258.2694941,166.23088,1.553679402,0.76533392,34026,206.8814813,0.802075877,0.987921002,0.905524699,0.801029491,0.007683162,0.001951254,0.641648245,0.996915661,DERMASON
170659,1555.849,572.062147,381.5330734,1.499377608,0.745108382,172297,466.1435267,0.797062258,0.99049316,0.885939714,0.814847703,0.003352077,0.00091159,0.66397678,0.995551916,BOMBAY
37743,744.71,282.2922165,170.8426403,1.652352223,0.796075104,38236,219.2165143,0.791191514,0.987106392,0.855208305,0.776558833,0.007479326,0.001677798,0.603043622,0.996440469,SIRA
182494,1653.298,614.2726257,387.0123388,1.587217161,0.776567947,189173,482.0358674,0.745603857,0.964693693,0.83898882,0.784726272,0.003365988,0.000787345,0.615795322,0.977400902,BOMBAY
26137,602.259,217.317117,154.236721,1.408984291,0.704472665,26529,182.4244007,0.737458383,0.985223717,0.905521997,0.839438712,0.008314539,0.002546677,0.704657351,0.992851138,DERMASON
72490,1057.572,414.9734282,226.718808,1.830344081,0.837559995,74676,303.8044348,0.787934783,0.970726873,0.814456841,0.732105755,0.005724561,0.001014419,0.535978836,0.98102569,CALI
74486,1133.189,356.8890706,267.7683827,1.332827525,0.661114953,76411,307.9586348,0.773575108,0.974807292,0.728919916,0.862897354,0.004791358,0.001638607,0.744591844,0.992412504,BARBUNYA
77843,1073.266,421.1228081,237.1944886,1.775432518,0.826291282,79040,314.821832,0.670915751,0.984855769,0.849209191,0.747577253,0.0054099,0.001042301,0.558871749,0.992239076,CALI
72773,1074.004,396.0606386,234.9417906,1.685781987,0.805057696,73831,304.3968814,0.747117704,0.985669976,0.792808586,0.768561305,0.005442412,0.001171346,0.59068648,0.995768628,BARBUNYA
33090,653.809,228.406675,184.6885548,1.236712666,0.588365282,33352,205.2595833,0.769355964,0.992144399,0.972758069,0.898658427,0.006902589,0.002776965,0.807586968,0.998753033,SEKER
57440,964.157,393.173053,187.7485852,2.094146556,0.878620065,58090,270.4346122,0.630280686,0.988810467,0.776477325,0.687825908,0.006844935,0.000945068,0.47310448,0.990750116,HOROZ
31270,642.131,230.7847535,173.1093399,1.333173321,0.661335743,31646,199.5349608,0.757950359,0.988118562,0.95299467,0.86459334,0.007380389,0.002543938,0.747521643,0.996575911,DERMASON
30336,647.093,248.7147708,155.4688399,1.599772475,0.780553573,30663,196.5324269,0.756131605,0.989335681,0.910405297,0.790192019,0.008198667,0.001971758,0.624403427,0.998903415,DERMASON
38518,716.158,244.1767609,201.1612732,1.213835829,0.566830213,38895,221.455731,0.750896756,0.990307237,0.943747681,0.906948434,0.00633929,0.002645762,0.822555463,0.998447292,SEKER
66697,1000.308,383.9606276,223.7562539,1.715977189,0.812645513,67724,291.4125219,0.809980084,0.984835509,0.837623166,0.758964594,0.00575679,0.001178274,0.576027255,0.98844963,CALI
50303,896.852,369.0958489,174.6859296,2.112911153,0.880911693,50789,253.0766066,0.596120118,0.990430999,0.785890771,0.685666358,0.007337452,0.001000406,0.470138355,0.993360574,HOROZ
30113,641.52,236.1498262,162.6632701,1.451771048,0.724938263,30428,195.8087394,0.732908219,0.989647693,0.919482541,0.829171643,0.007842122,0.002286605,0.687525613,0.99812978,DERMASON
191042,1677.604,629.0483912,389.4610204,1.615176765,0.785290653,193440,493.1959338,0.775250988,0.987603391,0.853021179,0.784034966,0.003292723,0.000767497,0.614710827,0.992866646,BOMBAY
30199,635.705,227.2218621,169.6701943,1.339197277,0.665143032,30525,196.088146,0.790136054,0.989320229,0.939055307,0.862980983,0.007524152,0.0025742,0.744736178,0.997348661,DERMASON
35609,686.971,230.1693895,197.1409408,1.167537238,0.516140833,36002,212.9290655,0.789329018,0.98908394,0.948184461,0.925097234,0.006463798,0.00292023,0.855804892,0.999184079,SEKER
39374,740.919,272.9861883,184.310568,1.48112065,0.737667251,39840,223.9029563,0.745776195,0.988303213,0.901317778,0.820198845,0.006933159,0.001935475,0.672726145,0.996388585,SIRA
52663,879.681,337.3990861,200.9331953,1.679160507,0.803328855,53503,258.9451953,0.820871327,0.984299946,0.855194769,0.767474501,0.006406758,0.001371115,0.58901711,0.989054269,SIRA
42247,773.978,290.39389,185.9658951,1.561543797,0.768048315,42686,231.9279005,0.81575238,0.989715598,0.886234202,0.798666599,0.006873716,0.001725176,0.637868337,0.996059344,SIRA
49313,828.199,308.139263,204.6332337,1.505812411,0.747649671,49909,250.5738647,0.816440397,0.988058266,0.903445345,0.813183825,0.006248642,0.001685467,0.661267934,0.995745462,SIRA
79678,1099.69,430.6063326,236.7611063,1.818737627,0.83527532,80370,318.5108796,0.757395437,0.991389822,0.827956913,0.739679971,0.005404332,0.000997923,0.54712646,0.995079479,CALI
55191,862.202,297.5859178,236.6141496,1.257684371,0.606462551,55791,265.0874643,0.754408267,0.989245577,0.932953665,0.89079304,0.005391928,0.002094263,0.793512239,0.997987941,SEKER
30015,641.881,236.1660032,162.1171454,1.456761422,0.727173038,30321,195.4898589,0.789951574,0.989907985,0.915459573,0.827764607,0.007868266,0.002278695,0.685194245,0.998164542,DERMASON
35246,683.282,240.0903587,186.9855135,1.284005131,0.627256068,35599,211.8409804,0.781282557,0.990083991,0.948679991,0.882338556,0.006811847,0.002546746,0.778521327,0.999625379,SEKER
34997,711.706,267.9497519,167.3078882,1.601536872,0.781104568,35509,211.0913649,0.818604978,0.98558112,0.868239275,0.787802054,0.007656363,0.001819159,0.620632076,0.993965154,DERMASON
37700,737.758,288.6566373,166.6939585,1.731656264,0.816403549,38096,219.0916038,0.787385129,0.989605208,0.870408972,0.759004213,0.007656675,0.001567461,0.576087395,0.997585346,DERMASON
47971,905.348,281.9002603,217.3496658,1.296989619,0.636815537,48879,247.1407983,0.741666667,0.981423515,0.735457435,0.876695886,0.005876472,0.002141373,0.768595676,0.996860613,SEKER
41854,764.973,289.0148725,185.5032852,1.558004066,0.766832852,42437,230.8466329,0.683397557,0.986261988,0.898782526,0.798736172,0.006905311,0.00173371,0.637979472,0.993974612,SIRA
34113,673.914,221.2423662,196.5103818,1.125855866,0.459431581,34492,208.4083026,0.77466164,0.989011945,0.943888774,0.941990931,0.006485573,0.003150032,0.887346915,0.99902473,SEKER
35117,694.419,258.12303,173.6919044,1.486097069,0.739730225,35508,211.4529572,0.706408915,0.988988397,0.915132716,0.819194464,0.007350372,0.002041913,0.67107957,0.997289382,DERMASON
175965,1569.123,587.8046796,382.0314188,1.538629156,0.759994769,177068,473.3345503,0.807641997,0.993770755,0.898094799,0.80525822,0.003340464,0.000866417,0.648440802,0.997709923,BOMBAY
39366,724.816,254.7489051,196.9520753,1.293456313,0.634256898,39741,223.8802089,0.784433286,0.990563901,0.941619858,0.878826972,0.006471293,0.002381137,0.772336846,0.99898397,SEKER
47257,831.164,318.9919571,189.0486076,1.687354174,0.80546466,47715,245.2946823,0.68561936,0.990401341,0.859612185,0.768968235,0.006750153,0.001455885,0.591312147,0.997753019,SIRA
45940,813.641,302.3962409,194.2711931,1.55656758,0.766336675,46422,241.8524854,0.813846372,0.989616992,0.872037588,0.799786679,0.006582417,0.001661353,0.639658732,0.995672045,SIRA
73841,1029.369,379.9428423,249.0095761,1.525816189,0.755293295,74832,306.6223756,0.793989247,0.986757002,0.87571999,0.807022377,0.005145418,0.001346303,0.651285117,0.993741374,CALI
70413,1068.42,371.2253173,243.1744321,1.526580381,0.755577854,71731,299.420467,0.716627992,0.981625796,0.775137404,0.806573402,0.005272113,0.001376385,0.650560652,0.993133129,BARBUNYA
40225,758.276,269.2926818,190.5246578,1.413426928,0.706713026,40719,226.3096566,0.720335948,0.987868071,0.879126347,0.840385469,0.00669466,0.002059787,0.706247736,0.998229568,SIRA
25038,590.797,222.2298637,143.7161248,1.546311272,0.762744185,25389,178.5479536,0.77249167,0.986175115,0.901431928,0.803438164,0.008875703,0.002281352,0.645512883,0.998163846,DERMASON
34600,673.252,231.4349165,190.4578223,1.215150492,0.568123459,34919,209.8906578,0.777790266,0.990864572,0.959247461,0.906910077,0.00668887,0.00279119,0.822485887,0.99944413,SEKER
54781,926.351,378.6340532,184.9103534,2.047662806,0.872641331,55387,264.1009949,0.730569188,0.989058804,0.802211107,0.697509885,0.006911777,0.001009185,0.48652004,0.996228989,HOROZ
43999,790.708,289.945887,196.0156435,1.479197689,0.736862944,44623,236.6881212,0.703421263,0.98601618,0.884342312,0.816318258,0.006589829,0.001805061,0.666375498,0.985701096,SIRA
55706,957.611,403.6922677,176.230172,2.290710286,0.899682026,56402,266.3213887,0.598770342,0.987660012,0.76336736,0.659713871,0.007246836,0.000846741,0.435222392,0.99696841,HOROZ
44995,787.485,293.8005367,195.4877427,1.502910273,0.746508644,45409,239.3520698,0.806795768,0.990882865,0.911778905,0.8146754,0.006529626,0.001774216,0.663696008,0.997475548,SIRA
65935,1007.87,368.8649179,228.9836257,1.610879017,0.783985542,66901,289.7430748,0.681766482,0.985560754,0.815674411,0.785499137,0.005594372,0.001313754,0.617008895,0.993926682,BARBUNYA
62128,937.54,354.1882333,224.6542455,1.576592655,0.773104028,62849,281.2540247,0.735817325,0.988528059,0.888214023,0.794080656,0.005700944,0.001398251,0.630564089,0.994142711,CALI
45460,783.344,267.2120104,217.5853339,1.228079143,0.580472617,45965,240.5856806,0.770338739,0.98901338,0.930966927,0.900355041,0.005877959,0.002382657,0.8106392,0.995529094,SEKER
164719,1536.308,572.9178377,369.5414894,1.550347807,0.764168597,166293,457.9593263,0.818308726,0.990534779,0.876994717,0.799345554,0.003478153,0.000875924,0.638953315,0.99059987,BOMBAY
72741,1036.035,374.0242072,248.8097604,1.503253758,0.746644127,74004,304.3299488,0.800363096,0.982933355,0.851609067,0.813663776,0.005141862,0.001390209,0.662048741,0.995227257,BARBUNYA
72836,1041.011,405.7205268,232.1264133,1.747843001,0.820160321,74256,304.5286119,0.677342558,0.980876966,0.844588792,0.750587145,0.00557033,0.001090599,0.563381062,0.984701647,CALI
36745,719.173,267.6722509,175.8535111,1.522131968,0.753913879,37163,216.2988374,0.812295517,0.988752254,0.892773657,0.808073443,0.00728459,0.001915968,0.65298269,0.993925826,DERMASON
48551,830.623,314.2846765,197.5615225,1.590819268,0.777723177,49079,248.6303544,0.751749659,0.989241835,0.884301045,0.791099194,0.006473289,0.001563971,0.625837935,0.995595046,SIRA
84334,1123.665,370.9664234,290.3691275,1.277568406,0.622352684,85612,327.6848849,0.778276117,0.985072186,0.839341809,0.883327612,0.004398777,0.001651958,0.78026767,0.996845323,BARBUNYA
38184,727.835,279.5911209,174.7165376,1.600255618,0.780704671,38675,220.4934892,0.745956083,0.98730446,0.905785603,0.788628367,0.007322206,0.001747074,0.621934702,0.9952545,DERMASON
35020,698.516,250.447503,178.3763964,1.40403948,0.701945477,35491,211.1607181,0.772761375,0.98672903,0.901930948,0.843133653,0.007151556,0.002229287,0.710874357,0.998095663,DERMASON
29544,652.339,250.6873072,150.9461489,1.660773123,0.79839866,29923,193.9499655,0.665750276,0.987334158,0.872433778,0.773672858,0.008485219,0.001875306,0.598569691,0.994088456,DERMASON
52271,895.603,365.2392709,182.7609245,1.998453837,0.865801947,52915,257.9796586,0.723053727,0.987829538,0.818916447,0.70633056,0.006987417,0.001072824,0.498902859,0.997034334,HOROZ
40841,737.702,252.1445622,206.5444998,1.22077597,0.57357776,41253,228.03591,0.765371713,0.990012848,0.943070825,0.904385596,0.00617381,0.002547696,0.817913305,0.998488909,SEKER
44399,789.571,304.3624793,186.4593089,1.632326544,0.790375638,44900,237.7615666,0.794072935,0.988841871,0.894953921,0.781178965,0.006855165,0.001574707,0.610240575,0.99611189,SIRA
48230,826.694,307.4811191,201.110621,1.528915368,0.756444021,48983,247.8070686,0.786016949,0.98462732,0.886824239,0.805926131,0.006375308,0.001659059,0.649516928,0.993056413,SIRA
37660,721.007,271.8475263,176.7023918,1.538448481,0.759929489,38035,218.9753439,0.716841785,0.99014066,0.910355913,0.805507951,0.007218469,0.001874581,0.648843059,0.998211619,DERMASON
40991,757.012,273.837271,191.1642146,1.432471404,0.716005913,41456,228.454289,0.723672828,0.988783288,0.898861646,0.834270252,0.006680424,0.001996231,0.696006853,0.997009914,SIRA
34909,698.071,263.9343971,168.8021781,1.563572225,0.768740253,35334,210.8258031,0.762871503,0.987971925,0.900218802,0.798781081,0.00756064,0.00189867,0.638051216,0.997639159,DERMASON
89001,1134.402,436.0457977,262.2569509,1.662666313,0.798915268,90415,336.6297561,0.802881319,0.984361002,0.869102068,0.772005505,0.004899336,0.001073491,0.595992499,0.990936652,CALI
25038,582.663,210.7664856,151.8401402,1.388081474,0.693539286,25462,178.5479536,0.721680982,0.983347734,0.926775657,0.847136361,0.008417864,0.002674207,0.717640014,0.996142808,DERMASON
49878,822.009,292.0031631,218.0170791,1.339359119,0.665244314,50429,252.005242,0.779977482,0.989073747,0.9276107,0.863022302,0.005854348,0.002003302,0.744807494,0.997564709,SEKER
31806,660.093,242.2858742,167.5121199,1.446378175,0.722489289,32220,201.237812,0.759310542,0.987150838,0.917294235,0.830580044,0.007617615,0.002236273,0.689863209,0.997803089,DERMASON
201946,1713.493,665.4332105,388.2992918,1.71371214,0.812092608,203438,507.0755694,0.818307434,0.99266607,0.864331718,0.762023237,0.003295105,0.000685365,0.580679414,0.995117362,BOMBAY
35227,698.954,263.2494765,171.0636313,1.538897979,0.760091845,35601,211.7838744,0.768309706,0.989494677,0.906125462,0.804498748,0.007472946,0.001930959,0.647218236,0.996002836,DERMASON
73353,1059.701,381.7712858,245.9856928,1.552006059,0.76474978,74671,305.6074939,0.67776361,0.982349239,0.820844809,0.800498899,0.005204576,0.001318281,0.640798487,0.994523135,BARBUNYA
91235,1158.807,457.3964108,256.6972405,1.781851686,0.827670778,92679,340.828417,0.802206981,0.98441934,0.853786179,0.745148866,0.005013388,0.000953418,0.555246833,0.989367506,CALI
53645,913.513,375.6954573,183.8018544,2.044024302,0.872154261,54346,261.3483028,0.823281154,0.987101167,0.807810789,0.695638709,0.007003364,0.001011629,0.483913213,0.989130368,HOROZ
67856,1036.144,372.7244725,232.5676809,1.602649479,0.781450884,69052,293.9335683,0.810201547,0.98267972,0.794251212,0.788608181,0.005492874,0.001310462,0.621902863,0.996692299,BARBUNYA
34465,699.267,265.8142325,165.6411923,1.604759231,0.782105182,34941,209.4807889,0.774494382,0.986377036,0.88573148,0.788072132,0.007712585,0.001835032,0.621057685,0.996648053,DERMASON
61761,986.295,413.163532,191.164635,2.161296895,0.886522669,62314,280.4220881,0.704744625,0.99112559,0.79783029,0.67871936,0.006689716,0.000875686,0.46065997,0.995622963,HOROZ
46947,801.777,297.618262,201.6623331,1.475824749,0.735442417,47478,244.4888073,0.792996858,0.988815873,0.917720687,0.821484561,0.006339452,0.001780857,0.674836884,0.995940975,SIRA
46701,781.494,274.3479976,217.1541499,1.263379022,0.611132771,47058,243.8474113,0.753339141,0.992413617,0.960914503,0.888825191,0.005874564,0.002261626,0.79001022,0.998082339,SEKER
155917,1507.244,553.8696768,361.7394028,1.531128963,0.757260593,158297,445.5554849,0.7876585,0.984964971,0.862454528,0.804441015,0.003552337,0.000917637,0.647125346,0.99083236,BOMBAY
71587,1129.841,377.2378913,242.3102325,1.556838469,0.766430373,73128,301.9062757,0.706195127,0.97892736,0.704708266,0.800307399,0.005269642,0.001333485,0.640491933,0.997142481,BARBUNYA
193432,1682.466,638.9842855,387.7218947,1.64804798,0.794871003,195899,496.2713689,0.788032363,0.987406776,0.858708166,0.77665661,0.003303405,0.000741409,0.60319549,0.994095108,BOMBAY
62388,951.604,355.911248,224.8017623,1.583222677,0.77527561,62942,281.8419215,0.802934363,0.991198246,0.86576178,0.791888211,0.005704803,0.001383808,0.627086939,0.992818262,CALI
35099,687.327,248.991697,179.8896115,1.384136054,0.691399835,35472,211.3987578,0.766839265,0.989484664,0.933636449,0.849019306,0.007093983,0.002273737,0.720833782,0.997732026,DERMASON
75266,1048.881,401.6330873,240.3213381,1.671233568,0.801227072,76209,309.5668709,0.763710897,0.987626133,0.859718482,0.770770339,0.005336182,0.001161744,0.594086916,0.992857996,CALI
63580,984.893,395.1800767,206.249654,1.916027828,0.852998669,64343,284.5216516,0.787153964,0.988141678,0.823668175,0.719979747,0.006215478,0.001030233,0.518370836,0.993212947,HOROZ
49949,823.828,299.1147955,212.9170718,1.404841768,0.702357943,50448,252.1845396,0.757560591,0.990108627,0.924833526,0.84310286,0.005988404,0.001866436,0.710822433,0.998593043,SEKER
40358,746.391,268.0759661,192.389098,1.393405182,0.69638712,40848,226.6834832,0.799754275,0.988004309,0.910346469,0.845594204,0.006642449,0.002094865,0.715029558,0.996325891,DERMASON
34288,685.929,254.6030427,171.9706283,1.480503068,0.737409376,34680,208.942187,0.786873207,0.988696655,0.915785343,0.820658641,0.007425427,0.00207755,0.673480605,0.997090102,DERMASON
33318,688.874,257.4648986,165.036857,1.560044849,0.767534855,33692,205.9655193,0.698695634,0.988899442,0.88228562,0.799975144,0.007727502,0.001952202,0.639960231,0.998366662,SIRA
46218,820.662,314.5132965,187.9773529,1.673144619,0.801737017,46825,242.5831513,0.668663194,0.987036839,0.862367466,0.771296966,0.006804996,0.001485573,0.594899009,0.995352077,SIRA
48955,897.999,356.7442101,176.2208933,2.024414945,0.869479017,49899,249.6626562,0.690966831,0.981081785,0.762878214,0.699836603,0.007287186,0.001078267,0.489771271,0.991500281,HOROZ
45040,796.887,295.2194966,195.037839,1.513652418,0.750690849,45664,239.4717292,0.811824081,0.986334968,0.891281233,0.811165021,0.006554607,0.001750505,0.657988692,0.995966174,SIRA
47186,868.831,356.7470104,168.9603752,2.111424114,0.880732529,47855,245.1103449,0.722326827,0.98602027,0.785511253,0.687070494,0.007560442,0.001039279,0.472065864,0.99673125,HOROZ
47006,807.979,303.1324949,198.0001488,1.530971046,0.757202486,47428,244.6423881,0.800851861,0.991102302,0.904821713,0.807047717,0.006448804,0.001687547,0.651326018,0.997161275,SIRA
39102,715.945,254.5845493,195.9298469,1.299365836,0.638518834,39444,223.1282427,0.751932618,0.99132948,0.958626686,0.87644063,0.006510781,0.002369752,0.768148177,0.998105498,SEKER
39419,742.776,274.0830961,184.586766,1.484846948,0.739214478,39978,224.0308675,0.817143449,0.98601731,0.897841636,0.817383015,0.006953071,0.001914515,0.668114994,0.992048509,SIRA
45849,803.351,300.5580158,195.1588122,1.540068893,0.760513943,46301,241.6128306,0.70089429,0.990237792,0.892748347,0.803880841,0.006555389,0.001688671,0.646224407,0.995230107,SIRA
44756,827.325,266.577995,214.2619832,1.244168429,0.59496758,45565,238.7155401,0.751948925,0.982245144,0.821691573,0.89548104,0.005956252,0.002362536,0.801886292,0.997681608,SEKER
32112,674.896,257.48397,159.8626883,1.610657075,0.783917801,32489,202.2035318,0.808438861,0.988396073,0.885938369,0.785305321,0.00801831,0.001881121,0.616704448,0.993299382,DERMASON
188888,1655.013,630.198992,384.8905254,1.637346077,0.791827784,191255,490.4076581,0.778823238,0.987623853,0.866585491,0.778179058,0.003336363,0.000754695,0.605562647,0.991515624,BOMBAY
41097,763.983,278.3884278,188.8697156,1.473970704,0.734656244,41603,228.7494821,0.719787726,0.987837416,0.884815241,0.821691778,0.006773936,0.001904832,0.675177378,0.995191675,SIRA
32915,681.518,263.1933205,160.1062358,1.643866769,0.793690482,33250,204.7160952,0.836042672,0.989924812,0.890531041,0.777816454,0.007996151,0.001805383,0.604998435,0.994536823,DERMASON
54388,942.313,390.0364557,178.241173,2.188251173,0.889473922,55086,263.1519568,0.64954856,0.987328904,0.769701951,0.67468554,0.00717137,0.000916616,0.455200578,0.996093198,HOROZ
29539,637.861,245.3380924,154.0219633,1.592877322,0.778378936,29847,193.9335528,0.805755592,0.989680705,0.912333357,0.790474691,0.008305565,0.002000326,0.624850237,0.995309773,DERMASON
77511,1065.949,361.2097371,275.01416,1.313422324,0.648317927,78676,314.1497578,0.782876131,0.985192435,0.857235901,0.86971564,0.004660109,0.001644694,0.756405295,0.993479601,BARBUNYA
35699,694.117,236.6649656,192.4798218,1.229557277,0.581843363,36104,213.1979796,0.758488081,0.988782406,0.93110906,0.900843008,0.006629456,0.00269311,0.811518126,0.997808017,SEKER
48263,838.687,304.7356873,202.7929268,1.502693867,0.746423225,48922,247.8918315,0.712011684,0.986529578,0.862232434,0.813465051,0.006314064,0.001705471,0.66172539,0.994370685,SIRA
58102,907.665,334.8035816,223.8662565,1.495551794,0.743577709,58986,271.9885366,0.805294525,0.985013393,0.886236776,0.812382398,0.005762342,0.001548178,0.659965161,0.987012081,CALI
42932,750.704,270.4243534,202.3510197,1.336412111,0.663391852,43263,233.8005991,0.760194776,0.99234912,0.957312048,0.864569319,0.0062989,0.00217092,0.747480107,0.998941468,SEKER
38594,708.534,246.1440961,199.841693,1.23169541,0.583811778,38925,221.6741009,0.765936334,0.991496468,0.966069266,0.900586706,0.006377781,0.002587924,0.811056416,0.998974465,SEKER
34250,685.518,257.4783555,169.5853588,1.518281751,0.752458835,34605,208.8263738,0.718752623,0.989741367,0.91586764,0.811044383,0.007517616,0.002006496,0.657792991,0.998715093,DERMASON
52266,886.528,359.5803838,186.1317189,1.931859793,0.855600997,52802,257.9673197,0.818600426,0.989848869,0.835688093,0.717412104,0.006879814,0.001124168,0.514680127,0.994289843,HOROZ
84442,1119.674,443.7774674,245.1097166,1.810525807,0.833628383,86086,327.894638,0.7354678,0.980902818,0.84641858,0.738871759,0.005255412,0.000966191,0.545931476,0.988423027,CALI
34291,680.903,250.314032,174.6730289,1.433043405,0.716277481,34664,208.9513274,0.757812155,0.989239557,0.929436062,0.834756748,0.007299701,0.002186375,0.696818829,0.998571627,DERMASON
36261,701.08,232.458816,198.9296296,1.168547976,0.517368211,36685,214.8695863,0.766633544,0.988442143,0.927074178,0.924333996,0.006410712,0.0028867,0.854393337,0.998399604,SEKER
39023,711.172,248.1913972,200.4316811,1.238284266,0.589773086,39313,222.9027294,0.783594378,0.992623305,0.969574576,0.898108202,0.006360131,0.002552469,0.806598342,0.998798036,SEKER
159806,1560.008,600.0758879,347.0466396,1.729092921,0.815797311,164335,451.0779519,0.772009662,0.972440442,0.825181141,0.751701511,0.003755027,0.000739562,0.565055162,0.977032881,BOMBAY
34236,692.679,260.9891145,167.2083089,1.560862114,0.767815032,34579,208.7836896,0.710614803,0.990080685,0.896662153,0.799970872,0.007623236,0.001925821,0.639953397,0.998879012,DERMASON
56493,877.951,321.3010809,224.3158962,1.432359838,0.715952895,57079,268.1960507,0.712980375,0.989733527,0.921009153,0.834718794,0.005687449,0.00170317,0.696755465,0.998004545,SEKER
59286,967.97,387.025815,195.6104538,1.978553843,0.862873671,59975,274.7458456,0.628775666,0.98851188,0.795130145,0.709890232,0.006528115,0.001022663,0.503944141,0.997080617,HOROZ
39712,748.993,270.6895485,187.6197853,1.44275588,0.720824185,40330,224.8619328,0.808732486,0.98467642,0.889561761,0.830700461,0.006816316,0.002002199,0.690063256,0.99559282,SIRA
41240,772.337,289.1250411,181.9701687,1.588859554,0.777095866,41803,229.1471118,0.704186872,0.986532067,0.868790051,0.792553668,0.007010791,0.001706324,0.628141316,0.998028332,SIRA
46379,795.796,276.5100037,213.9154064,1.292613788,0.63364215,46847,243.0053021,0.789765858,0.990010033,0.920296437,0.878830056,0.005961966,0.002193759,0.772342267,0.998340264,SEKER
29732,638.922,237.744284,159.4801853,1.49074497,0.741633274,30013,194.5660766,0.742928536,0.99063739,0.915246977,0.818383825,0.007996243,0.002212554,0.669752085,0.998429552,DERMASON
34772,671.947,228.0476746,194.336638,1.173467221,0.523256094,35103,210.4117046,0.763179843,0.990570607,0.967764075,0.922665425,0.006558371,0.002931924,0.851311487,0.998986125,SEKER
56539,943.147,370.3745628,196.675975,1.883171357,0.847359836,57599,268.3052191,0.695727611,0.981596903,0.798728556,0.724415892,0.00655078,0.001112819,0.524778384,0.988247622,HOROZ
43831,776.152,282.8968782,198.6060065,1.4244125,0.712133743,44357,236.2358196,0.710020735,0.988141669,0.914318867,0.835059832,0.006454265,0.001935962,0.697324923,0.993278337,SIRA
41627,761.671,288.5209381,184.8031286,1.561234057,0.767942364,42042,230.2197701,0.715535616,0.990128919,0.901675223,0.797930894,0.006931101,0.001733178,0.636693711,0.994027906,SIRA
54530,943.55,392.9957585,178.0375692,2.207375445,0.891496952,55133,263.4952606,0.759301548,0.989062812,0.769689432,0.670478637,0.007206964,0.000898404,0.449541603,0.992307096,HOROZ
41138,751.833,273.1844114,192.0701764,1.422315617,0.711111917,41557,228.8635585,0.781615747,0.989917463,0.914555929,0.837762145,0.006640683,0.002017788,0.701845411,0.998245689,SIRA
71449,1066.064,369.206449,248.4148551,1.486249479,0.73979299,72753,301.6151393,0.708777255,0.98207634,0.790022505,0.816928144,0.005167412,0.001419673,0.667371593,0.991880683,BARBUNYA
69221,1021.744,378.5480822,233.5553793,1.620806523,0.78698135,70135,296.8752508,0.820542911,0.98696799,0.833227396,0.78424714,0.005468688,0.001276071,0.615043576,0.99686664,BARBUNYA
45473,834.56,335.9276309,173.6660506,1.934331032,0.856000741,46244,240.6200778,0.784071315,0.983327567,0.820442861,0.71628546,0.007387409,0.001199545,0.513064861,0.992437282,HOROZ
54486,931.932,389.0030545,178.6838967,2.177045955,0.888261546,54956,263.3889326,0.61844928,0.991447704,0.788363195,0.677087055,0.007139505,0.000925605,0.45844688,0.998059927,HOROZ
50400,857.43,327.8444716,198.0241166,1.655578509,0.796970317,51001,253.3204947,0.686695279,0.988215917,0.861475739,0.772684967,0.006504851,0.001430299,0.597042058,0.988450001,SIRA
42428,774.635,284.8893188,190.1533835,1.498207991,0.744642007,42844,232.4241971,0.724484743,0.990290356,0.888522015,0.815840334,0.006714654,0.001834949,0.665595451,0.997200424,SIRA
60981,984.126,395.8998237,200.8502472,1.971119424,0.861754256,62440,278.6456902,0.682893234,0.976633568,0.791230454,0.703828781,0.006492183,0.00098274,0.495374953,0.976443192,HOROZ
38290,708.533,244.9577089,199.238526,1.22946959,0.581762275,38631,220.7993256,0.749799283,0.991172892,0.958462367,0.90137733,0.006397433,0.002605026,0.81248109,0.998920793,SEKER
33058,655.511,224.4458788,187.8781612,1.194635275,0.547087283,33320,205.1603102,0.799274662,0.992136855,0.96677736,0.914074748,0.006789457,0.00292376,0.835532645,0.998156772,SEKER
50447,844.685,317.7933992,203.0782459,1.564881545,0.769185132,51135,253.4385829,0.710501113,0.986545419,0.888496343,0.797494799,0.00629955,0.001571812,0.635997954,0.995261461,SIRA
68470,1015.665,344.1346446,255.5808844,1.346480373,0.669649818,69737,295.2604132,0.811948582,0.981831739,0.834082901,0.857979334,0.005026065,0.001680023,0.736128538,0.991182628,BARBUNYA
37240,742.398,280.7374947,169.3158837,1.658069454,0.797657237,37762,217.7508683,0.709738898,0.98617658,0.849074797,0.77563871,0.007538601,0.001683094,0.601615409,0.997520132,SIRA
35091,685.847,232.5036811,192.6269167,1.207015536,0.560004226,35452,211.3746647,0.762367203,0.989817218,0.937456494,0.909123949,0.006625735,0.002791941,0.826506354,0.99760601,SEKER
39868,732.632,255.1164421,199.1201328,1.281218722,0.625147217,40297,225.3031606,0.753876409,0.989354046,0.933388715,0.883138534,0.006399028,0.002401094,0.77993367,0.999265619,SEKER
72960,1063.457,382.7319153,244.0928528,1.567976739,0.770231369,74227,304.7877248,0.776566757,0.982930739,0.810690009,0.796347816,0.005245777,0.00130137,0.634169844,0.994363563,BARBUNYA
41477,762.707,286.3057308,184.8289192,1.549031028,0.763705448,41886,229.8046053,0.805284821,0.990235401,0.895987057,0.802654577,0.006902759,0.001767328,0.64425437,0.997970009,SIRA
30523,651.045,246.5474853,157.9002434,1.561412953,0.768003567,30863,197.137238,0.785298961,0.988983573,0.904930164,0.799591356,0.008077433,0.002036693,0.639346336,0.998283651,DERMASON
33796,689.612,257.0214392,167.8566113,1.531196401,0.757285401,34210,207.4377103,0.69658058,0.987898275,0.893028965,0.807083296,0.007605085,0.001990477,0.651383447,0.99739599,DERMASON
42420,775.479,279.8956629,193.8871989,1.443600529,0.72121392,42942,232.4022837,0.703097807,0.987844069,0.886421834,0.830317559,0.0065982,0.00193456,0.68942725,0.995257542,SIRA
42438,762.303,287.5245902,188.8720731,1.522324532,0.753986288,42893,232.4515859,0.809267735,0.989392209,0.917718559,0.808458107,0.006775168,0.001785377,0.653604511,0.994998181,SIRA
37637,703.354,250.5441029,191.5283756,1.308130465,0.644683323,37959,218.9084666,0.786332108,0.991517163,0.95604193,0.873732265,0.006656856,0.002393109,0.763408072,0.998637355,SEKER
24813,587.813,222.7964679,142.0245125,1.568718414,0.770480941,25079,177.7438967,0.713386234,0.989393516,0.902424269,0.797785972,0.008979022,0.002243646,0.636462457,0.998430377,DERMASON
43683,755.258,256.9267863,216.5735949,1.186325537,0.538009229,44054,235.8366448,0.788900527,0.991578517,0.962346901,0.917913808,0.00588162,0.002575635,0.842565759,0.999557277,SEKER
47002,847.653,346.9692765,173.4072482,2.000892582,0.866154141,47610,244.6319789,0.70177377,0.987229574,0.822034406,0.705053719,0.007382011,0.001125235,0.497100747,0.994645197,HOROZ
33037,678.063,263.7833569,160.0818022,1.647803519,0.794802277,33357,205.0951361,0.820835818,0.990406811,0.902963871,0.777513557,0.007984483,0.001799942,0.604527331,0.996142263,DERMASON
38833,768.636,299.9610879,166.7458641,1.798911712,0.831254758,39550,222.3594191,0.790413189,0.981871049,0.825979682,0.741294215,0.007724386,0.001438819,0.549517113,0.98853277,HOROZ
41244,790.991,328.298616,160.4802028,2.045726577,0.872382494,41710,229.1582243,0.813154315,0.988827619,0.828376096,0.698017637,0.007959912,0.001165611,0.487228622,0.996736542,HOROZ
35706,693.069,250.7097581,181.6645682,1.380069656,0.689168511,36096,213.2188809,0.724627093,0.989195479,0.934110205,0.850461037,0.007021502,0.002265831,0.723283976,0.998182268,DERMASON
33725,676.717,251.5991783,170.9062633,1.472147207,0.733879298,34071,207.219699,0.787452134,0.989844736,0.925438683,0.823610396,0.007460317,0.002117504,0.678334085,0.998607629,DERMASON
77122,1057.788,406.5208103,244.2218415,1.664555503,0.799428697,78470,313.3604636,0.780587045,0.98282146,0.866145545,0.770834987,0.005271139,0.001147968,0.594186578,0.989056538,CALI
29983,637.582,231.8095088,164.8285853,1.406367157,0.703139556,30312,195.385622,0.762344266,0.989146213,0.926857254,0.842871472,0.007731365,0.002407029,0.710432318,0.99912868,DERMASON
33961,667.497,233.113834,185.7332978,1.255099849,0.604309903,34279,207.9434735,0.771192406,0.990723183,0.957837195,0.892025454,0.006864163,0.002680874,0.79570941,0.99869476,SEKER
23033,556.421,203.2432992,144.6375618,1.405190302,0.702536834,23355,171.2498947,0.72417154,0.986212802,0.934874571,0.842585686,0.008824005,0.00274348,0.709950639,0.997615752,DERMASON
29646,641.1,239.1682056,158.2154422,1.511661581,0.749924237,29965,194.284481,0.698753152,0.989354247,0.906409429,0.812334066,0.00806747,0.002166984,0.659886635,0.997525275,DERMASON
38185,713.378,228.1868579,213.4553209,1.069014616,0.353483116,38677,220.4963764,0.775361436,0.987279262,0.942894788,0.966297439,0.005975824,0.003213815,0.933730741,0.998171809,SEKER
33686,678.056,246.4267581,174.4051059,1.412956099,0.70647693,34106,207.0998486,0.790194699,0.987685451,0.920721282,0.840411367,0.007315406,0.002251054,0.706291266,0.997958552,DERMASON
170067,1545.389,549.5836288,396.7035678,1.385376068,0.692074931,171795,465.3343203,0.785383763,0.9899415,0.894858322,0.846703388,0.003231571,0.001024516,0.716906627,0.993185283,BOMBAY
49743,838.536,312.3948782,203.6718231,1.533814906,0.758245493,50318,251.6639717,0.79002287,0.988572678,0.888993147,0.805595704,0.006280178,0.001631625,0.648984438,0.995422005,SIRA
32274,669.447,253.6942715,162.2346851,1.563748661,0.768800282,32663,202.7129327,0.77151463,0.9880905,0.904961825,0.799044186,0.007860639,0.001976609,0.638471611,0.998409127,DERMASON
40704,788.385,318.9302769,163.6593084,1.948745109,0.8582985,41333,227.6531186,0.63606957,0.984782135,0.822943934,0.713802154,0.007835355,0.001254729,0.509513515,0.992911971,HOROZ
36641,711.783,262.2954817,178.2226545,1.471729183,0.733700666,37096,215.9925234,0.72468899,0.987734527,0.908828546,0.823470241,0.007158524,0.002030462,0.678103237,0.997984323,DERMASON
25919,602.036,230.2421418,143.5329493,1.604106534,0.781903095,26196,181.6620372,0.760779594,0.989425867,0.898634696,0.789004288,0.008883141,0.002123556,0.622527767,0.998600858,DERMASON
56889,951.582,384.2369343,190.1773181,2.020414096,0.868922572,57644,269.1343985,0.613504012,0.986902366,0.789488352,0.700438647,0.006754152,0.001002838,0.490614299,0.991244045,HOROZ
70002,1048.285,382.0247492,234.1121031,1.631802646,0.790223147,71186,298.5453309,0.705750696,0.983367516,0.80050043,0.781481649,0.00545734,0.001255556,0.610713568,0.996564015,BARBUNYA
53566,921.082,358.423533,192.9712758,1.857393187,0.842696458,54665,261.1557954,0.691584683,0.979895729,0.793418806,0.728623462,0.006691251,0.001163321,0.530892149,0.986075461,HOROZ
29990,641.991,236.8732707,161.7399266,1.46453183,0.730594064,30358,195.4084285,0.745927123,0.987877989,0.914383646,0.824949257,0.007898408,0.002256463,0.680541276,0.99667436,DERMASON
53674,835.455,283.723264,241.0759436,1.17690409,0.527287545,54066,261.4189345,0.778222416,0.992749602,0.96633498,0.921387026,0.005286047,0.002350061,0.848954052,0.999137496,SEKER
31479,670.537,255.180817,157.8175133,1.616935989,0.785821262,31964,200.2006684,0.779453276,0.98482668,0.879802714,0.784544351,0.008106383,0.001894423,0.615509838,0.995240009,DERMASON
73609,1071.166,393.9251894,238.6648443,1.65053714,0.79556871,74988,306.1403104,0.763634289,0.981610391,0.806171096,0.777153426,0.00535159,0.001204175,0.603967447,0.996870702,BARBUNYA
46221,793.688,296.0831106,199.3272406,1.485412178,0.739447874,46621,242.5910241,0.813377679,0.991420175,0.922039599,0.819334219,0.006405814,0.001780731,0.671308562,0.997169913,SIRA
46427,811.657,293.9180293,202.2461601,1.453268775,0.725612114,46974,243.1310189,0.683795805,0.98835526,0.885595515,0.82720689,0.006330756,0.001828487,0.684271239,0.994430025,SEKER
37577,704.505,246.6819275,194.2830571,1.269703757,0.616205658,37883,218.7339077,0.75543806,0.991922498,0.951401451,0.886704226,0.006564705,0.002503284,0.786244385,0.998297449,SEKER
33903,684.459,256.8778802,168.5016179,1.524483168,0.754795641,34340,207.7658304,0.716856261,0.987274316,0.909396162,0.808811682,0.007576848,0.002000129,0.654176337,0.997280815,DERMASON
79278,1088.437,420.0452858,241.1781364,1.741639156,0.818734879,80286,317.7103785,0.757568229,0.987444885,0.840922468,0.756371728,0.005298384,0.001069706,0.57209819,0.996388609,BARBUNYA
39598,715.191,245.7534219,205.3312462,1.196863246,0.549464074,39879,224.5389487,0.783994615,0.992953685,0.972834657,0.913675777,0.006206208,0.002667931,0.834803426,0.999145538,SEKER
179180,1624.796,619.7963023,372.5204849,1.663791194,0.79922123,181677,477.6390495,0.800911854,0.986255828,0.852907069,0.770638753,0.003459071,0.000752563,0.593884088,0.988099115,BOMBAY
43841,785.132,300.7763356,186.6696678,1.611275892,0.784106591,44336,236.2627666,0.735587248,0.988835258,0.893727165,0.785509825,0.006860618,0.0016112,0.617025685,0.99419861,SIRA
37996,723.824,247.2044981,196.7645928,1.256346452,0.605350813,38627,219.9500165,0.767813119,0.983664276,0.911342838,0.889749249,0.006506066,0.002515178,0.791653726,0.99459135,SEKER
45608,820.748,307.8064073,190.3045773,1.617440903,0.785973166,46407,240.9769889,0.746570633,0.98278277,0.850807336,0.782884902,0.006748956,0.001563897,0.612908769,0.991343713,SIRA
28736,652.79,245.1565597,150.3931283,1.630104795,0.789727741,29209,191.279407,0.711956791,0.983806361,0.847401431,0.780233689,0.008531339,0.001950275,0.60876461,0.99235011,DERMASON
46143,832.979,334.310932,177.2798264,1.885781021,0.84781991,46616,242.3862461,0.772966363,0.989853269,0.83569458,0.725032366,0.007245106,0.001234963,0.525671932,0.991302153,HOROZ
56642,921.327,352.3944833,207.0553753,1.701933518,0.809175507,57583,268.5495006,0.642250519,0.983658371,0.838534328,0.762070672,0.006221434,0.001294349,0.580751709,0.988400799,SIRA
46281,792.617,291.0355096,202.736418,1.43553641,0.717456104,46737,242.7484282,0.720259587,0.990243276,0.925733186,0.834085258,0.006288445,0.001877434,0.695698218,0.998700122,SIRA
71544,1034.654,407.0116681,226.1256515,1.799935856,0.831466191,72741,301.8155894,0.79071618,0.983544356,0.839832737,0.741540386,0.00568897,0.001061091,0.549882144,0.989752587,CALI
30304,644.496,238.1604842,162.5838077,1.464847499,0.730731557,30657,196.4287432,0.738401559,0.988485501,0.916788947,0.824774706,0.007859044,0.002243318,0.680253315,0.996467367,DERMASON
31339,654.642,245.7888293,163.0658133,1.507298338,0.74823067,31665,199.7549852,0.813155163,0.989704721,0.918940238,0.812709779,0.007842906,0.002110565,0.660497185,0.995566309,DERMASON
25187,590.941,219.3864284,146.7625379,1.494839429,0.74329105,25548,179.0784309,0.705182406,0.985869735,0.906354428,0.816269412,0.008710304,0.002385323,0.666295753,0.996005163,DERMASON
60061,976.479,391.6625718,195.9880485,1.998400284,0.865794196,60896,276.5357848,0.806296147,0.986288098,0.791546818,0.706056194,0.00652108,0.000999669,0.498515349,0.996233216,HOROZ
56329,1019.436,359.4270613,204.0419407,1.761535202,0.823244726,58567,267.8064792,0.646812957,0.961787355,0.681117397,0.745092699,0.006380853,0.001213109,0.55516313,0.977939397,HOROZ
39474,778.662,314.8992903,160.743702,1.959014794,0.859901103,39998,224.1871044,0.604743083,0.986899345,0.818131358,0.711932708,0.007977385,0.001264143,0.50684818,0.992923084,HOROZ
24934,589.119,216.8434003,147.5652569,1.469474623,0.732733849,25262,178.1767516,0.721240346,0.987016072,0.902808751,0.821683996,0.008696695,0.002445419,0.675164589,0.99213723,DERMASON
38897,708.832,248.9550624,199.0594684,1.250656723,0.600559701,39175,222.542577,0.764079596,0.992903638,0.972835343,0.893906614,0.006400367,0.002520886,0.799069035,0.999361061,SEKER
35683,699.955,237.1640772,192.1409058,1.234323718,0.586208483,36188,213.1501975,0.787495586,0.986045098,0.915231552,0.898745712,0.006646416,0.002674944,0.807743855,0.997017398,SEKER
50552,813.194,289.6649456,222.4757365,1.302006907,0.640395779,50884,253.7021984,0.768501064,0.993475356,0.96063825,0.875847086,0.005730039,0.002079939,0.767108117,0.998780067,SEKER
73299,1042.622,408.6516884,229.4278965,1.781176982,0.827526591,73978,305.4949842,0.715628844,0.990821596,0.847333047,0.747568144,0.005575133,0.001074084,0.55885813,0.995425237,CALI
67796,1015.155,344.1761834,253.0661384,1.360024639,0.677762606,69240,293.8035878,0.738647259,0.979145003,0.826702439,0.853642994,0.005076644,0.001662883,0.728706362,0.991058606,BARBUNYA
47145,819.001,308.9069945,194.9084044,1.584882886,0.775814186,47633,245.0038333,0.805773471,0.989755002,0.883235751,0.793131388,0.006552275,0.001599383,0.629057399,0.996982306,SIRA
72779,1065.022,361.2907741,258.664936,1.396752029,0.698154946,74246,304.4094296,0.729153517,0.98024136,0.806303955,0.842560761,0.004964217,0.001543247,0.709908636,0.991566328,BARBUNYA
74724,1061.193,404.2396466,238.7556691,1.693110149,0.806943215,76531,308.4502419,0.801587642,0.976388653,0.833837116,0.763038075,0.00540977,0.00113121,0.582227105,0.98577462,CALI
46063,829.889,312.4502211,189.7115169,1.646975504,0.794569225,46775,242.1760375,0.693981168,0.984778193,0.840469711,0.775086786,0.006783106,0.001510114,0.600759525,0.989436221,SIRA
30644,658.033,254.148704,154.1071451,1.649168855,0.795185649,30931,197.5275996,0.796858748,0.990721283,0.889323913,0.777212697,0.008293588,0.001866731,0.604059576,0.996196239,DERMASON
28187,621.785,228.6742393,157.2353672,1.454343532,0.726093997,28533,189.4434033,0.806633471,0.98787369,0.91617458,0.828442259,0.008112755,0.002357204,0.686316576,0.998140073,DERMASON
74846,1024.352,390.6549574,244.3383937,1.598827559,0.780257579,75491,308.7019387,0.797948784,0.991455935,0.896354947,0.790216361,0.00521945,0.001255419,0.624441897,0.998374913,CALI
58526,977.222,410.3717132,182.7068475,2.246066411,0.895419817,59193,272.9791523,0.654755778,0.988731776,0.770144531,0.665199729,0.007011785,0.00084687,0.442490679,0.993863452,HOROZ
71128,1041.841,397.15082,232.5928973,1.707493327,0.810561284,73413,300.9368411,0.707994904,0.968874722,0.823469603,0.757739443,0.005583607,0.001135466,0.574169063,0.980389844,CALI
40824,736.42,257.1585532,202.3097591,1.271112943,0.617320005,41179,227.9884453,0.749339207,0.991379101,0.945963261,0.886567615,0.0062992,0.00240056,0.786002137,0.999097489,SEKER
76217,1067.935,379.0568007,257.0248846,1.474786386,0.735002587,77190,311.5164496,0.736438827,0.98739474,0.839792659,0.821819973,0.004973389,0.001399391,0.675388068,0.996053127,BARBUNYA
32853,662.223,238.1110673,176.1123771,1.352040505,0.673021617,33202,204.5231986,0.720460526,0.989488585,0.941404732,0.85894033,0.007247772,0.002433528,0.73777849,0.997506402,DERMASON
45688,795.665,292.6611012,199.5632819,1.466507759,0.731452811,46262,241.1882425,0.772435247,0.987592408,0.906883504,0.824121284,0.006405645,0.001822666,0.679175891,0.996016713,SIRA
41344,778.307,293.3547028,180.0693261,1.629120902,0.789439805,41813,229.4358641,0.688779675,0.988783393,0.857670521,0.782110741,0.00709546,0.001637696,0.611697212,0.996528713,SIRA
33927,709.639,285.8833083,152.4196982,1.875632294,0.846018499,34358,207.8393563,0.756050274,0.987455614,0.84660411,0.727007665,0.008426425,0.001452042,0.528540144,0.991346964,HOROZ
47605,877.296,373.1439467,163.592869,2.280930391,0.898771394,48131,246.1961993,0.630396207,0.989071492,0.777266831,0.659788807,0.007838335,0.00091627,0.435321269,0.992937513,HOROZ
93548,1241.752,460.1698344,260.4665467,1.766713769,0.824389693,95271,345.1217364,0.836086086,0.981914748,0.762385512,0.749987745,0.004919077,0.00096002,0.562481618,0.993744019,BARBUNYA
68859,1084.476,413.5414071,217.1072221,1.904779597,0.851105235,70948,296.0979598,0.710179455,0.9705559,0.735750701,0.716005592,0.006005626,0.000973652,0.512664007,0.976511941,BARBUNYA
36576,687.61,230.1563744,202.5033372,1.136555958,0.475249469,36883,215.8008563,0.781037796,0.991676382,0.972124088,0.93762711,0.006292552,0.003000041,0.879144598,0.999197031,SEKER
23018,567.483,209.2048084,140.1855369,1.492342313,0.742282075,23306,171.1941233,0.73315072,0.987642667,0.898197285,0.818308741,0.009088748,0.002513927,0.669629195,0.999315982,DERMASON
87909,1150.644,458.2581399,245.0287579,1.870221862,0.845044539,88517,334.5582388,0.766051448,0.993131263,0.834374935,0.730065022,0.005212869,0.000913488,0.532994936,0.996818781,CALI
49784,856.101,328.2985726,194.09757,1.691410008,0.806508347,50440,251.7676657,0.770316272,0.986994449,0.853590638,0.766886264,0.00659446,0.001406963,0.588114542,0.994742822,SIRA
50182,845.771,325.1109276,196.8934945,1.651201978,0.795754426,50642,252.7720452,0.679834722,0.99091663,0.881560759,0.777494768,0.006478636,0.001460338,0.604498114,0.998148482,SIRA
31977,662.731,248.2332684,164.8049984,1.506224148,0.747810878,32380,201.7780487,0.758108108,0.987554046,0.914898698,0.812856592,0.007762869,0.002090537,0.66073584,0.995216277,DERMASON
38747,704.737,245.5420687,201.2303264,1.220204097,0.573029088,39008,222.1130627,0.791886368,0.993309065,0.980378549,0.904582518,0.00633706,0.002617341,0.818269532,0.998455835,SEKER
27815,625.665,235.4277129,150.6423758,1.562825278,0.76848584,28153,188.1891547,0.743279354,0.987994175,0.8929049,0.799350053,0.008464056,0.002131603,0.638960507,0.998583632,DERMASON
40834,750.33,278.3408374,187.3299607,1.485831931,0.73962098,41275,228.0163669,0.747109192,0.989315566,0.911438074,0.819198394,0.006816399,0.001893613,0.671086008,0.99712102,DERMASON
37401,718.286,272.9152915,174.9021975,1.560388008,0.767652564,37686,218.2210627,0.699031848,0.99243751,0.910957833,0.799592656,0.007297005,0.001839923,0.639348415,0.9976316,DERMASON
37713,717.219,252.764546,190.9237129,1.323903365,0.655330644,38160,219.1293749,0.715820442,0.988286164,0.921292155,0.866930819,0.006702319,0.0023353,0.751569045,0.995004788,DERMASON
44535,795.057,305.9278053,187.2165257,1.634085475,0.790886322,45089,238.1254357,0.701217112,0.987713189,0.885349588,0.77837134,0.006869379,0.001555409,0.605861943,0.9900302,SIRA
32931,703.18,258.9877407,162.4359022,1.594399619,0.778862,33528,204.7658454,0.736826796,0.982193987,0.836915793,0.790639143,0.007864557,0.00189569,0.625110255,0.996675553,DERMASON
47981,809.088,291.6539681,210.0431569,1.388543061,0.693787968,48451,247.1665564,0.769777478,0.990299478,0.9210594,0.84746509,0.00607853,0.001934041,0.718197079,0.997247571,BARBUNYA
25423,590.252,221.4381682,146.3057798,1.513529873,0.75064377,25739,179.9154494,0.76391226,0.987722911,0.916983934,0.812486171,0.008710151,0.002341366,0.660133778,0.999132193,DERMASON
31637,671.317,255.2481715,158.386502,1.611552552,0.78419091,32075,200.702465,0.718467548,0.986344505,0.882165092,0.786303243,0.008068027,0.001902424,0.61827279,0.996379093,DERMASON
31905,663.989,250.5939394,162.6181497,1.540996131,0.760847351,32220,201.5507571,0.753898866,0.990223464,0.909383026,0.804292225,0.007854378,0.002027436,0.646885983,0.996848797,DERMASON
28209,615.103,223.5858671,160.9587055,1.389088378,0.694081325,28488,189.5173193,0.779986728,0.990206403,0.936918608,0.84762656,0.007926047,0.002523798,0.718470784,0.998019416,DERMASON
173366,1577.459,586.7185949,378.779386,1.54897182,0.763684588,175139,469.8259751,0.776228598,0.989876612,0.875502988,0.800768851,0.003384277,0.00085837,0.641230753,0.993248366,BOMBAY
51761,871.374,339.2488997,195.8695273,1.732014696,0.816488069,52606,256.71804,0.679171259,0.983937193,0.856649819,0.756724754,0.006554141,0.001325706,0.572632353,0.99180765,SIRA
31125,657.231,253.7003625,156.8484867,1.617486836,0.785986976,31517,199.0717982,0.812493474,0.987562268,0.905488928,0.784672896,0.008151016,0.001906102,0.615711554,0.995905333,DERMASON
37537,742.621,294.2614873,162.9060461,1.806326372,0.832776187,37949,218.6174577,0.732229245,0.989143324,0.855332496,0.742936018,0.007839238,0.001473192,0.551953927,0.997008934,DERMASON
40485,803.073,334.3901428,156.0020136,2.143498888,0.884506984,41117,227.0398709,0.598447894,0.984629229,0.788849143,0.678966996,0.008259606,0.001082764,0.460996182,0.988144804,HOROZ
37009,734.756,275.4357807,171.7588053,1.603619565,0.781752126,37559,217.0744626,0.693571964,0.985356373,0.861451699,0.788112794,0.0074424,0.001771113,0.621121776,0.996043032,SIRA
54515,937.25,367.2654562,191.910564,1.913732358,0.852615318,55802,263.4590173,0.706802889,0.976936311,0.779857014,0.71735311,0.006736962,0.001100464,0.514595485,0.984798031,HOROZ
69584,1047.351,367.0781473,242.0498115,1.516539695,0.751795914,71131,297.6526507,0.753367113,0.978251395,0.797140273,0.810869982,0.005275324,0.001406805,0.657510128,0.997140209,BARBUNYA
48226,821.186,305.6394848,201.3631148,1.517852389,0.752295712,48664,247.7967923,0.775387485,0.990999507,0.898686116,0.810748626,0.00633765,0.00168909,0.657313334,0.997704614,SIRA
68264,1027.426,408.5483541,215.8187179,1.893016316,0.849084242,69822,294.8159159,0.733075601,0.977686116,0.812644299,0.721618171,0.005984829,0.001001063,0.520732784,0.985755657,CALI
37008,691.802,242.2470916,194.6144489,1.244753887,0.595477935,37288,217.0715299,0.79334591,0.992490882,0.971721592,0.896074865,0.006545803,0.002603274,0.802950163,0.999475336,SEKER
59930,973.199,396.55265,193.5951033,2.048360951,0.872734461,60675,276.2340419,0.622895273,0.987721467,0.795153241,0.696588566,0.006616931,0.000961041,0.485235631,0.993937718,HOROZ
55487,915.307,359.2053494,197.7867172,1.816124735,0.834754061,56143,265.7973714,0.654034749,0.988315551,0.832276326,0.73995939,0.006473685,0.001197189,0.5475399,0.994400755,HOROZ
29112,632.794,242.3495216,154.1074782,1.572600658,0.771780243,29496,192.5267504,0.785706575,0.986981286,0.913602336,0.794417704,0.008324729,0.002045246,0.631099488,0.99246747,DERMASON
157613,1470.934,516.2064274,389.9328574,1.323834136,0.655285113,158756,447.9722138,0.770723716,0.992800272,0.915409734,0.867816033,0.003275151,0.001145834,0.753104666,0.996985665,BOMBAY
32346,658.68,233.794202,176.5200436,1.324462634,0.655698091,32722,202.9389226,0.776987749,0.98850926,0.93687466,0.868023762,0.007227917,0.002531159,0.753465251,0.99793657,DERMASON
38193,723.468,273.1959579,178.4052416,1.531322485,0.757331771,38538,220.5194729,0.777228327,0.991047797,0.916969697,0.807184245,0.007153037,0.0018731,0.651546405,0.997727659,DERMASON
81074,1099.966,445.0481712,232.547287,1.913796445,0.852626042,81570,321.2890021,0.78075886,0.993919333,0.842040425,0.72191961,0.005489407,0.00091973,0.521167923,0.997409318,CALI
61731,969.593,363.2265518,218.0080432,1.666115371,0.799851062,63023,280.3539733,0.773755656,0.979499548,0.825152526,0.77184328,0.005884022,0.001288162,0.59574205,0.992574986,BARBUNYA
40409,734.88,246.3011391,209.0904901,1.17796433,0.528517928,40864,226.8266668,0.772786384,0.988865505,0.94027548,0.920932269,0.006095205,0.002704449,0.848116243,0.999050683,SEKER
39293,736.159,276.7120865,181.3179874,1.526114924,0.755404597,39686,223.6725317,0.705629882,0.990097264,0.91113305,0.808322233,0.007042274,0.001854517,0.653384832,0.997140344,DERMASON
64452,999.152,406.7403994,202.8724765,2.004906759,0.866730748,65281,286.4661152,0.756727563,0.987301052,0.811303105,0.704297177,0.006310749,0.000957821,0.496034514,0.99450295,HOROZ
51426,879.177,300.8312456,217.9846705,1.380056886,0.689161461,52169,255.885945,0.740731138,0.985757826,0.836064866,0.850596302,0.005849789,0.001888922,0.723514069,0.998490572,SEKER
36600,693.853,240.8547217,193.6350183,1.243859317,0.594697654,36908,215.8716455,0.770283069,0.991654926,0.955335703,0.896273256,0.00658073,0.002619483,0.803305749,0.99919934,SEKER
51818,872.032,333.3625914,198.6584241,1.678069244,0.803041605,52505,256.859352,0.732565208,0.986915532,0.856299453,0.770510425,0.006433336,0.001398718,0.593686315,0.996246746,SIRA
49854,843.916,307.608677,207.3586578,1.483461941,0.738641137,50533,251.9446055,0.697005285,0.986563236,0.879653088,0.819042584,0.00617019,0.001712791,0.670830754,0.995151892,SIRA
52487,925.347,377.1397585,178.2679188,2.1155784,0.881232014,53280,258.5121351,0.620237758,0.985116366,0.770286651,0.685454475,0.007185394,0.000978464,0.469847837,0.993999935,HOROZ
190919,1627.569,596.8968719,408.8116613,1.4600779,0.728641811,192563,493.0371392,0.777129669,0.991462534,0.905691301,0.826000541,0.00312644,0.000897741,0.682276894,0.996177415,BOMBAY
30900,701.895,256.91668,153.6367611,1.672234419,0.801494398,31444,198.3509565,0.797213622,0.982699402,0.788177524,0.772043903,0.008314456,0.001822139,0.596051789,0.996738317,DERMASON
35189,692.856,260.2085531,172.5705835,1.507838403,0.748441299,35538,211.669616,0.701367297,0.990179526,0.921150993,0.813461408,0.007394599,0.001997295,0.661719462,0.997766018,DERMASON
31136,655.339,242.2245189,163.9991576,1.47698636,0.735933043,31546,199.1069724,0.756205372,0.987003107,0.911046732,0.821993468,0.007779564,0.002190829,0.675673262,0.997960192,DERMASON
57597,943.978,387.3908323,191.2330044,2.025753,0.869664302,58442,270.8039476,0.676211609,0.98554122,0.812243008,0.699045835,0.006725886,0.000990722,0.488665079,0.989914749,HOROZ
63218,1017.841,432.095913,186.9965114,2.31071644,0.901506187,63820,283.7105171,0.788450985,0.99056722,0.766815238,0.656591531,0.006835014,0.000783611,0.431112439,0.9961786,HOROZ
34241,683.44,251.4446589,173.7791583,1.446920686,0.722737267,34641,208.798935,0.744871544,0.988452989,0.921203368,0.830397177,0.00734338,0.002153869,0.689559472,0.997737864,DERMASON
53839,888.3,350.6316116,196.3478764,1.785767273,0.828503838,54482,261.820442,0.772439024,0.988197937,0.857407987,0.746710888,0.006512595,0.001248946,0.55757715,0.995703026,SIRA
30529,644.616,242.4491161,160.7713409,1.508036909,0.748518646,30858,197.156613,0.702591365,0.989338259,0.923252051,0.813187593,0.0079416,0.002142154,0.661274061,0.997225691,DERMASON
55530,891.941,333.3852971,213.7850337,1.559441703,0.767327734,56421,265.9003421,0.694758968,0.984208008,0.87713266,0.797576691,0.006003697,0.001498609,0.636128578,0.992005433,SIRA
45915,817.888,324.0965544,181.5498296,1.785165842,0.828376291,46477,241.7866698,0.75955335,0.987907998,0.862535106,0.74603283,0.00705862,0.00134875,0.556564984,0.993560798,HOROZ
47905,865.459,344.6048961,177.9479683,1.936548641,0.856357999,48616,246.9707278,0.664802454,0.985375185,0.803706927,0.716677942,0.007193506,0.001170622,0.513627273,0.994664197,HOROZ
58962,931.901,335.844087,224.6666206,1.494855293,0.743297439,59755,273.9940693,0.700128242,0.986729144,0.853183632,0.81583711,0.005695941,0.001556536,0.66559019,0.994961019,BARBUNYA
183612,1610.186,590.3071646,396.9258523,1.487197574,0.740182875,185076,483.5101439,0.797979974,0.992089736,0.889936117,0.81908229,0.003214971,0.000892621,0.670895797,0.997754602,BOMBAY
36606,706.337,250.3332284,187.889661,1.33234169,0.660804333,37135,215.8893392,0.833925642,0.985754679,0.922015509,0.862407841,0.006838585,0.002333441,0.743747285,0.990925514,SIRA
44642,796.47,305.4426422,186.7558995,1.635518038,0.791300789,45159,238.4113247,0.7177632,0.988551562,0.88433062,0.780543682,0.006842047,0.001566587,0.60924844,0.996436813,SIRA
33172,673.649,255.1735001,166.0027753,1.53716406,0.759464586,33489,205.5137518,0.762294329,0.990534205,0.91857407,0.805388302,0.007692436,0.00199648,0.648650316,0.997081954,DERMASON
68888,1079.833,364.5529324,241.5708805,1.509093031,0.748929512,70428,296.1603042,0.742503611,0.978133697,0.742403908,0.812393147,0.005291966,0.001421876,0.659982626,0.995975182,BARBUNYA
38702,708.716,251.2348757,196.4299548,1.279004905,0.623456761,39004,221.9840464,0.751072212,0.992257204,0.968275175,0.88357178,0.006491522,0.002440583,0.780699091,0.998517967,SEKER
29158,626.228,229.0498289,162.2908031,1.411354337,0.705671364,29440,192.6787966,0.78597229,0.990421196,0.93433503,0.841209083,0.007855471,0.00242643,0.707632722,0.998720511,DERMASON
37424,695.317,238.5826817,199.8395309,1.193871306,0.546266826,37686,218.2881507,0.781343299,0.993047816,0.97273462,0.914937116,0.006375125,0.00275571,0.837109926,0.99940152,SEKER
42767,767.672,280.7109964,194.8580428,1.440592302,0.719821777,43235,233.3508852,0.757823298,0.989175437,0.911942067,0.831285159,0.006563729,0.001933439,0.691035015,0.995499723,SIRA
44164,791.839,300.4440647,187.9431277,1.598590321,0.780183164,44698,237.1315062,0.694140576,0.988053157,0.885124759,0.789270064,0.006802918,0.001628462,0.622947234,0.995837419,SIRA
79790,1160.791,425.1604783,239.5172087,1.775072783,0.826213463,81401,318.7346597,0.680529139,0.980209088,0.744132486,0.749680829,0.005328493,0.001038221,0.562021345,0.997628793,BARBUNYA
41376,733.668,260.7469508,202.3572387,1.288547682,0.630649831,41678,229.5246379,0.762494471,0.992753971,0.965960156,0.880258186,0.006301889,0.002333946,0.774854474,0.998436936,SEKER
33573,682.052,253.9958361,168.9121369,1.503715723,0.746826158,34017,206.7521977,0.713029627,0.986947703,0.906911776,0.813998374,0.007565479,0.002048851,0.662593353,0.996352044,DERMASON
49254,842.823,321.5933468,195.7813148,1.642615115,0.793334993,49838,250.4239217,0.789326923,0.988282034,0.871321866,0.778697458,0.006529284,0.001480882,0.606369731,0.996032085,SIRA
29923,633.899,229.5402992,166.3706019,1.379692665,0.688960279,30216,195.1900277,0.820595091,0.990303151,0.935782379,0.850351892,0.007671032,0.002474163,0.72309834,0.997653476,DERMASON
62839,952.704,360.6232376,222.5298568,1.620561136,0.786908099,63383,282.8587983,0.798706086,0.991417257,0.870007811,0.784360986,0.005738844,0.001339887,0.615222156,0.997005117,BARBUNYA
73591,1051.278,412.8532672,228.2203079,1.809011963,0.833321961,74305,306.102877,0.731375472,0.990390956,0.83675712,0.741432614,0.005610105,0.001045773,0.549722321,0.994454255,CALI
39434,728.011,265.9602824,189.8956657,1.400560046,0.700145607,39831,224.0734884,0.723294204,0.990032889,0.934985366,0.842507334,0.006744441,0.002096141,0.709818608,0.994143582,SIRA
59030,973.241,389.9037253,193.9118341,2.010726818,0.867559959,59864,274.1520205,0.722344591,0.986068422,0.783144414,0.703127471,0.006605179,0.000995865,0.494388241,0.994079695,HOROZ
59605,1001.665,399.3457097,196.1110647,2.036324214,0.871113951,62307,275.484016,0.778326217,0.956634086,0.746530504,0.689838426,0.006699869,0.000935913,0.475877055,0.969039969,HOROZ
51487,909.858,377.6142924,174.9837576,2.157996249,0.886152967,52007,256.0376622,0.762487967,0.990001346,0.781556205,0.678040178,0.007334168,0.000956208,0.459738483,0.992113922,HOROZ
47024,818.549,303.5226101,197.4438754,1.537260194,0.759499432,47475,244.689224,0.703720332,0.990500263,0.881942087,0.806164733,0.006454632,0.001681692,0.649901577,0.999067824,SIRA
73364,1041.373,401.5893013,235.538193,1.704985914,0.809938286,74655,305.6304075,0.700539508,0.982707119,0.850120011,0.761052166,0.005473929,0.001132757,0.579200399,0.987528522,CALI
37507,733.863,284.8498994,168.264038,1.692874501,0.806883032,37953,218.5300794,0.748090233,0.988248623,0.87516957,0.767176256,0.00759458,0.001622797,0.588559408,0.996357215,SIRA
37393,699.759,237.2305761,200.9293747,1.180666473,0.531625954,37751,218.1977229,0.763870731,0.990516808,0.959628611,0.919770657,0.006344251,0.002800776,0.845978062,0.998817935,SEKER
77062,1073.309,421.4446574,234.3819018,1.798110921,0.831089148,77975,313.2385446,0.778828856,0.988291119,0.840621702,0.743249532,0.005468904,0.001029482,0.552419868,0.993312197,CALI
40662,727.207,248.5951322,208.5024269,1.192288914,0.544558463,41024,227.5356376,0.793559719,0.991175897,0.966234408,0.915285973,0.006113697,0.002646738,0.837748413,0.998838146,SEKER
68386,1045.495,425.1693811,205.7332617,2.06660497,0.875131365,69326,295.0792428,0.640918463,0.986440874,0.786200192,0.6940275,0.006217199,0.000889777,0.481674171,0.995430236,HOROZ
37354,720.973,274.5369228,173.7113108,1.580420535,0.77436188,37720,218.0839058,0.700352482,0.990296925,0.903044135,0.794370038,0.007349599,0.00180524,0.631023757,0.997282904,DERMASON
42073,753.785,257.1541534,208.5139395,1.233270802,0.585251365,42548,231.4497945,0.779620502,0.988836138,0.930504253,0.900042995,0.006112095,0.002474132,0.810077393,0.999044797,SEKER
40685,755.663,287.1821242,180.834581,1.588092956,0.776849704,41126,227.59998,0.791475372,0.989276856,0.895339754,0.792528367,0.007058673,0.001717759,0.628101213,0.997483112,SIRA
31846,657.514,238.9091393,170.0041557,1.405313525,0.702600037,32189,201.364313,0.743370682,0.989344186,0.925666924,0.842848932,0.007502014,0.002335375,0.710394323,0.99832675,DERMASON
57027,946.971,389.2422835,188.0080582,2.070348938,0.875614633,57544,269.4606307,0.647004765,0.991015571,0.799129256,0.692269679,0.006825579,0.000966987,0.479237309,0.992188453,HOROZ
29008,637.927,239.3587518,155.6394161,1.537905742,0.759733219,29303,192.1825505,0.810573672,0.989932771,0.895747661,0.802905885,0.008251474,0.00211529,0.644657861,0.991423026,DERMASON
37117,699.991,249.5144267,189.7779774,1.314770186,0.649233451,37429,217.3909662,0.750050519,0.991664218,0.951914229,0.8712561,0.006722376,0.002389384,0.759087191,0.998025207,SEKER
51396,888.765,361.0072548,182.6451157,1.976550281,0.862573377,52078,255.8112969,0.695292208,0.986904259,0.817645964,0.708604311,0.007024034,0.0010924,0.502120069,0.992465564,HOROZ
29279,641.766,232.0582722,161.1945323,1.439616275,0.719367634,29647,193.0781723,0.728333333,0.987587277,0.893331594,0.832024519,0.007925758,0.002342961,0.6922648,0.996595673,DERMASON
76440,1057.912,408.2975512,241.8667866,1.688109214,0.805659627,77990,311.971843,0.808349989,0.980125657,0.858284868,0.764079633,0.005341412,0.001123027,0.583817685,0.985548014,CALI
45550,797.549,296.9324933,196.3919571,1.511938156,0.750030966,46093,240.8237141,0.775662421,0.988219469,0.899877712,0.811038601,0.006518825,0.001739864,0.657783613,0.994528142,SIRA
32469,667.636,242.2560197,171.5790356,1.411920861,0.705956702,32830,203.3244077,0.745026502,0.98900396,0.9153755,0.839295585,0.007461148,0.002283732,0.704417079,0.994581168,DERMASON
43197,766.806,285.2327442,193.2649859,1.475863529,0.735458821,43571,234.5210622,0.739067205,0.991416309,0.923192878,0.822209466,0.006603068,0.001861467,0.676028405,0.997725668,SIRA
58410,983.302,420.3521618,177.8126939,2.364016609,0.90612554,59008,272.7084924,0.566669254,0.989865781,0.759142359,0.64876196,0.007196579,0.000786407,0.420892081,0.994995869,HOROZ
64828,1010.288,356.174454,232.8480203,1.529643471,0.756713099,65960,287.3004929,0.743406266,0.982838084,0.798145553,0.806628577,0.005494145,0.001434744,0.650649661,0.995262005,BARBUNYA
46519,863.421,356.7518402,167.5166271,2.12965033,0.882900217,47189,243.3717945,0.75959309,0.985801776,0.784142548,0.682187916,0.007668949,0.001024547,0.465380353,0.991097423,HOROZ
23692,563.739,197.0441659,153.5096536,1.283594623,0.626946688,24015,173.6824438,0.749225223,0.986550073,0.936818431,0.881439159,0.008316907,0.003096784,0.776934991,0.997269576,DERMASON
76161,1088.451,430.8531802,228.5727479,1.884971784,0.847677476,77773,311.4019861,0.802370417,0.979273012,0.807838852,0.722756615,0.005657137,0.000952236,0.522377125,0.98466614,CALI
50058,889.781,370.2690893,173.2543516,2.137141641,0.88377363,50675,252.4595515,0.591164071,0.987824371,0.794542445,0.681827241,0.007396801,0.0009861,0.464888386,0.993532329,HOROZ
41506,732.16,253.9617627,208.2460293,1.219527515,0.572378278,41795,229.8849289,0.804021463,0.993085297,0.972990834,0.905195044,0.006118676,0.002533996,0.819378067,0.999254099,SEKER
29791,629.87,231.6707136,164.0525703,1.412173629,0.706083863,30080,194.7590287,0.74338116,0.990392287,0.943611223,0.84067177,0.007776534,0.002395916,0.706729024,0.998024091,DERMASON
80384,1072.144,407.6730682,251.320718,1.622122806,0.787373592,80950,319.9188765,0.78567519,0.99300803,0.878765986,0.784743711,0.00507157,0.001186407,0.615822692,0.998940033,CALI
35998,706.35,266.4221785,172.3450703,1.545864805,0.762585786,36402,214.0889468,0.758891114,0.988901709,0.906668104,0.803570288,0.007401027,0.001903563,0.645725208,0.998203873,DERMASON
27578,628.954,229.7758474,153.2815866,1.499044031,0.744975512,28005,187.3856989,0.818994447,0.984752723,0.876062043,0.815515212,0.008331853,0.002273263,0.665065061,0.99696181,DERMASON
76729,1058.497,397.6171783,247.1648798,1.608712284,0.783322762,77498,312.5610293,0.805503065,0.990077163,0.860577801,0.786085326,0.005182098,0.001220574,0.61793014,0.994071807,BARBUNYA
45862,778.266,274.2327099,213.1213698,1.28674431,0.629309012,46192,241.6470815,0.783095706,0.992855906,0.951495499,0.881175267,0.005979519,0.002223797,0.776469852,0.999118164,SEKER
60413,977.491,390.7232106,199.2938491,1.960538232,0.860136444,61469,277.3449488,0.765050781,0.982820609,0.794538108,0.709824605,0.006467535,0.001012798,0.50385097,0.987819091,HOROZ
41889,771.13,283.532964,188.6554447,1.502914292,0.74651023,42520,230.9431343,0.709441951,0.985159925,0.885227013,0.814519522,0.006768673,0.001837762,0.663442052,0.997096541,SIRA
35195,694.629,255.2988088,175.8550161,1.451757331,0.724932079,35606,211.6876609,0.783294757,0.988457002,0.916610889,0.829176062,0.007253837,0.002115118,0.687532942,0.998130989,DERMASON
71992,1052.401,376.4976777,243.9985594,1.543032379,0.76157691,73278,302.7590813,0.773242825,0.982450394,0.816829847,0.804145946,0.005229715,0.001348955,0.646650703,0.997802973,BARBUNYA
63612,984.282,400.9314668,204.3478084,1.96200522,0.860362486,64581,284.5932429,0.815663948,0.984995587,0.825106158,0.709830149,0.006302765,0.000987026,0.503858841,0.988573676,SIRA
26661,628.75,240.3696913,141.6208974,1.697275584,0.808002168,26993,184.2439673,0.681797259,0.987700515,0.847481649,0.766502492,0.009015779,0.001919717,0.58752607,0.997193654,DERMASON
44154,819.804,340.6483224,166.2502814,2.049008997,0.872820814,44617,237.104658,0.82604954,0.98962279,0.825581308,0.696039412,0.007715005,0.001116995,0.484470863,0.992685157,HOROZ
46448,777.498,278.5876383,212.4825018,1.311108613,0.646736728,46761,243.1859995,0.787681454,0.993306388,0.9655579,0.872924589,0.005997839,0.002148234,0.761997337,0.999061272,SEKER
29162,653.27,242.7035113,153.7599865,1.578456898,0.773718022,29651,192.6920123,0.693920286,0.983508145,0.858700549,0.793939945,0.008322595,0.002039807,0.630340636,0.994965524,DERMASON
38729,727.147,240.518967,205.2125207,1.172048207,0.521572075,39234,222.0614652,0.782783572,0.987128511,0.920453205,0.923259683,0.006210307,0.002783481,0.852408442,0.999063787,SEKER
30731,670.479,249.4778692,157.2158612,1.586849236,0.776449409,31184,197.8077967,0.76162978,0.98547332,0.859045559,0.79288715,0.008118118,0.001979159,0.628670033,0.997604561,DERMASON
62114,961.586,360.3624473,220.2068869,1.636472194,0.791576121,62796,281.2223339,0.768357249,0.989139436,0.844156752,0.780387457,0.00580163,0.001327306,0.609004583,0.996619067,CALI
32775,649.807,220.0250995,189.8094038,1.159189666,0.505764488,33062,204.2802636,0.772630835,0.991319339,0.975402341,0.928440728,0.006713199,0.00307699,0.862002186,0.999224026,SEKER
82998,1186.993,392.1350204,272.2095469,1.44056307,0.719808193,84544,325.0789685,0.787726358,0.981713664,0.740254704,0.828997543,0.004724632,0.001376451,0.687236926,0.990008136,BARBUNYA
56932,952.347,375.4934805,195.0726649,1.9248903,0.854464294,57821,269.236093,0.647734771,0.984624963,0.788816286,0.717019354,0.006595473,0.001075349,0.514116755,0.989618354,HOROZ
42913,773.005,292.0289241,187.4694983,1.557741002,0.766742114,43294,233.7488579,0.794052884,0.991199704,0.902472827,0.800430501,0.006805139,0.001723103,0.640688987,0.998027504,SIRA
41353,757.504,292.7940147,180.0947381,1.625777731,0.788456725,41666,229.4608352,0.696178451,0.99248788,0.905622126,0.783693736,0.007080357,0.001647481,0.614175872,0.998513455,DERMASON
37946,738.476,264.9601146,182.5882627,1.45113443,0.724651016,38540,219.8052496,0.759223689,0.984587442,0.874385798,0.829578633,0.006982557,0.002039973,0.688200708,0.998671742,DERMASON
63766,1027.779,339.7887826,240.0385775,1.415559058,0.707778251,65051,284.9375244,0.76447034,0.980246268,0.758576805,0.838572487,0.005328683,0.001625407,0.703203815,0.99542653,BARBUNYA
50366,843.262,319.8930901,201.0535881,1.591083716,0.777807612,50882,253.2350349,0.719226595,0.989858889,0.890066109,0.79162396,0.00635137,0.00153859,0.626668495,0.997082038,SIRA
39241,750.376,281.9757339,178.4004016,1.58057791,0.774413354,39790,223.5244796,0.802015206,0.986202563,0.875774025,0.792708211,0.007185743,0.001750269,0.628386308,0.993213518,SIRA
45265,785.65,283.8099192,203.7962633,1.392615913,0.695967707,45693,240.0691317,0.797452521,0.990633139,0.921539933,0.84587999,0.006269964,0.001980067,0.715512958,0.996434731,SIRA
55300,930.782,379.6827557,185.9231094,2.042149343,0.871902144,56000,265.3491037,0.626856197,0.9875,0.802119442,0.698870569,0.006865873,0.001010328,0.488420073,0.997426731,HOROZ
34494,684.366,253.7005454,173.4545184,1.4626344,0.729765198,34824,209.5689024,0.774658642,0.990523777,0.925500319,0.826048293,0.007354918,0.002112416,0.682355782,0.998037039,DERMASON
43360,780.042,288.6251504,193.7335965,1.489804327,0.741249965,43971,234.9631177,0.771942318,0.986104478,0.895494996,0.814077073,0.006656484,0.001803378,0.662721481,0.98732533,SIRA
33668,690.41,254.9717361,168.6651878,1.51170339,0.749940376,34064,207.0445097,0.781250725,0.988374824,0.887591299,0.812029258,0.007573118,0.002031146,0.659391516,0.99680439,DERMASON
34862,702.718,264.0184917,168.7377813,1.564667318,0.769112436,35381,210.6838319,0.732148858,0.98533111,0.887156025,0.797988923,0.007573246,0.001894302,0.636786321,0.996358746,SIRA
40101,782.797,312.0999066,164.072804,1.902203772,0.850666307,40619,225.9605695,0.710632642,0.987247347,0.822369058,0.72400076,0.007782846,0.00131909,0.5241771,0.997091658,HOROZ
48545,890.521,360.9889612,171.8947746,2.100057794,0.879349254,49372,248.6149909,0.601116917,0.983249615,0.769247403,0.688705245,0.007436172,0.00103196,0.474314914,0.996088732,HOROZ
56514,939.837,378.7018614,192.7573674,1.964655704,0.860769454,57290,268.245894,0.778429752,0.986454879,0.804008859,0.708330012,0.006701027,0.001040552,0.501731406,0.985729468,HOROZ
65587,1010.572,408.4144656,207.2316923,1.970810841,0.861707487,66766,288.9774421,0.801973539,0.982341311,0.807036372,0.707559272,0.006227064,0.000962752,0.500640124,0.986666983,HOROZ
26251,612.657,231.5699431,144.7921865,1.599326239,0.780413869,26632,182.821802,0.685941991,0.985693902,0.878862464,0.789488478,0.008821376,0.002113972,0.623292057,0.996847342,DERMASON
27566,705.665,237.1318271,148.4305543,1.597594433,0.779870343,28466,187.344926,0.702390052,0.968383335,0.695643066,0.790045471,0.00860233,0.002067303,0.624171846,0.997173466,DERMASON
36654,700.355,248.50689,188.4427809,1.318739242,0.651905723,37009,216.0308364,0.755752577,0.990407739,0.939063093,0.869315279,0.006779803,0.002388395,0.755709054,0.996583185,DERMASON
42421,786.412,302.6513978,179.1325303,1.689539009,0.806027985,42926,232.405023,0.697989338,0.988235568,0.861966728,0.767896744,0.007134471,0.001530216,0.58966541,0.996262712,SIRA
37127,722.863,273.0564593,173.2732741,1.575871759,0.772865883,37545,217.4202488,0.784461629,0.988866693,0.892868971,0.796246496,0.00735466,0.001823612,0.634008482,0.999116061,DERMASON
29054,621.3,229.3542841,161.7145945,1.418265834,0.709121372,29351,192.3348687,0.757344316,0.989881094,0.945830009,0.838592876,0.007894069,0.00240816,0.703238012,0.997378445,DERMASON
39028,733.184,272.167639,183.2053668,1.485587698,0.739520281,39505,222.9170091,0.766969304,0.987925579,0.912347324,0.819043035,0.006973651,0.001935828,0.670831493,0.996579013,SIRA
31521,674.54,252.2699917,159.6053993,1.580585574,0.774415861,31958,200.33418,0.797515434,0.986325803,0.870551432,0.794126082,0.008003236,0.001963375,0.630636234,0.996774533,DERMASON
32638,706.803,256.0687262,163.5324996,1.565858327,0.769516127,33261,203.8528692,0.730516138,0.981269354,0.820987668,0.796086551,0.007845724,0.00194381,0.633753797,0.992368661,DERMASON
47496,793.007,276.264608,219.2654235,1.259955189,0.608336759,47965,245.914183,0.748675914,0.990222037,0.949101933,0.890140017,0.005816587,0.002252585,0.792349251,0.99832455,SEKER
44107,790.967,293.0861424,192.846761,1.519787736,0.753029617,44651,236.9784307,0.727262235,0.987816622,0.885932542,0.808562386,0.00664489,0.00175195,0.653773132,0.993596389,SIRA
43059,772.666,293.8423183,187.138584,1.570185645,0.770973381,43492,234.1461543,0.814169834,0.990044146,0.906338021,0.796842863,0.006824179,0.001697153,0.634958549,0.997002799,SIRA
147827,1452.182,541.3785204,349.7474326,1.547912779,0.763310977,148921,433.8423471,0.783803989,0.992653823,0.880889694,0.801366014,0.003662244,0.000931646,0.642187489,0.994050221,BOMBAY
37301,711.888,229.3815744,207.1091018,1.107539806,0.42984628,37731,217.9291359,0.781991614,0.988603536,0.924926014,0.950072544,0.006149475,0.003090615,0.902637838,0.999707336,SEKER
50575,858.52,314.32679,205.4662817,1.529821766,0.756778917,51389,253.7599062,0.712123346,0.984160034,0.862273267,0.807312371,0.006215063,0.001628515,0.651753265,0.997066331,BARBUNYA
46851,854.53,328.9176038,183.1554803,1.795838176,0.830617735,47631,244.2387068,0.717286464,0.98362411,0.806258119,0.742552858,0.007020503,0.001316611,0.551384747,0.990197779,HOROZ
34589,685.425,253.0012318,174.6093576,1.448955745,0.723664243,34965,209.8572911,0.784331066,0.989246389,0.925183735,0.82947142,0.0073145,0.002135847,0.688022837,0.996914642,DERMASON
39764,722.344,252.7578302,200.5577303,1.260274684,0.608599179,40089,225.0091048,0.767422561,0.991893038,0.957660974,0.890216159,0.006356449,0.0024625,0.79248481,0.998748544,SEKER
44290,764.47,266.3331823,212.346134,1.254240787,0.603589734,44661,237.4695337,0.779040315,0.991692976,0.952345754,0.891625789,0.006013393,0.00234439,0.794996547,0.997117095,SEKER
31390,653.785,237.5376375,169.070098,1.404965398,0.702421419,31812,199.9174562,0.711936676,0.986734566,0.922850337,0.841624335,0.007567303,0.002342038,0.708331521,0.995181278,DERMASON
36345,708.709,266.3794179,174.4065031,1.527347966,0.755863139,36794,215.1183192,0.693712781,0.987796923,0.909323974,0.807563591,0.00732919,0.001922838,0.652158953,0.996073651,DERMASON
48903,849.167,324.3534192,194.1598,1.670548791,0.801043842,49534,249.5300252,0.68468582,0.987261275,0.852234575,0.76931523,0.006632587,0.001433112,0.591845923,0.98870749,SIRA
27058,613.873,223.252567,154.636081,1.443728822,0.721273038,27433,185.6106559,0.724405654,0.986330332,0.902294878,0.831393154,0.008250889,0.002431679,0.691214577,0.997926407,DERMASON
51290,844.228,316.1689438,207.5508659,1.523332329,0.754364685,51815,255.547366,0.772416493,0.989867799,0.904321922,0.808262073,0.006164339,0.001622838,0.653287579,0.995174089,SIRA
37671,721.516,276.4940779,173.7695975,1.591153355,0.777829838,38013,219.0073215,0.776577542,0.991003078,0.909337457,0.792086844,0.007339706,0.001782172,0.627401568,0.99829211,DERMASON
32885,659.728,227.0674037,184.5596932,1.230319577,0.582547095,33225,204.6227808,0.785669916,0.989766742,0.949462632,0.90115436,0.006904893,0.002808882,0.81207918,0.999116914,SEKER
83343,1113.526,416.8090886,257.6891372,1.617488006,0.785987328,84140,325.7539,0.806532153,0.990527692,0.844652884,0.781542219,0.005001129,0.001150953,0.61080824,0.987975002,CALI
25260,584.992,207.4081319,155.9523276,1.329945729,0.659265332,25601,179.3377565,0.794339623,0.986680208,0.927562871,0.864661163,0.008210932,0.002831105,0.747638926,0.994319196,DERMASON
40272,723.726,249.7229125,205.5231241,1.215059929,0.5680346,40551,226.4418313,0.76847629,0.993119775,0.966194836,0.906772346,0.006200907,0.002585997,0.822236088,0.999066122,SEKER
44642,802.456,297.3153679,192.0522386,1.548096341,0.763375802,45289,238.4113247,0.713518524,0.98571397,0.871186325,0.801880261,0.006659992,0.001698602,0.643011953,0.995444451,SIRA
46298,842.976,329.6366159,179.9828696,1.831488834,0.83778265,46971,242.7930074,0.639731384,0.98567201,0.818731829,0.736547446,0.007119889,0.001292575,0.542502139,0.993586611,HOROZ
39608,751.252,279.7037376,181.1192238,1.54430729,0.76203187,40163,224.5672992,0.787388426,0.986181311,0.881904371,0.802875575,0.007061799,0.00181004,0.644609189,0.99547467,DERMASON
77809,1075.41,410.5856876,243.1165011,1.688843356,0.805848902,78761,314.7530711,0.765896921,0.987912799,0.845457063,0.766595331,0.005276841,0.001124135,0.587668401,0.992479875,CALI
37832,720.476,263.0344964,183.3849805,1.434329549,0.716886544,38289,219.4748242,0.725167721,0.988064457,0.915862186,0.834395591,0.006952699,0.002078841,0.696216003,0.998603186,DERMASON
25276,600.507,224.4821311,145.969269,1.537872544,0.759721205,25798,179.3945449,0.727995392,0.979765873,0.880809646,0.79914844,0.008881236,0.002234411,0.638638229,0.982144198,DERMASON
36738,690.192,237.9328529,197.0584232,1.2074229,0.560417534,37032,216.2782338,0.746661789,0.99206092,0.969137797,0.908988528,0.006476478,0.002727422,0.826260144,0.99764542,SEKER
31488,658.189,242.2020375,165.9941975,1.459099421,0.72820982,31850,200.2292855,0.786217228,0.988634223,0.913384634,0.826703556,0.007691884,0.002216214,0.683438769,0.997205112,DERMASON
36000,691.429,221.6979749,207.2346239,1.069792155,0.355277139,36450,214.0948939,0.779406352,0.987654321,0.946274601,0.965705231,0.006158277,0.003303827,0.932586592,0.99767382,SEKER
36721,720.72,280.3253831,167.8108742,1.670484016,0.801026495,37148,216.2281881,0.788833752,0.988505438,0.888364542,0.77134716,0.007633926,0.001666968,0.594976441,0.993898634,DERMASON
50116,843.528,318.117155,201.0775971,1.58206165,0.774897739,50629,252.605766,0.692736195,0.989867467,0.885089642,0.794065212,0.006347617,0.001556737,0.63053956,0.997552457,SIRA
83982,1174.925,412.0556943,260.2859528,1.583088483,0.775231987,85570,327.0003111,0.741956003,0.981442094,0.764497003,0.793582799,0.004906476,0.001200379,0.629773658,0.996987425,BARBUNYA
97743,1183.507,464.4234944,269.7537726,1.721657087,0.814020775,98773,352.775074,0.734981615,0.989572049,0.876907666,0.75959782,0.004751476,0.00097576,0.576988848,0.99337694,CALI
78096,1273.205,397.7600751,251.9766019,1.578559565,0.773751758,79835,315.3330231,0.735263381,0.978217574,0.605399396,0.792771932,0.00509322,0.001240981,0.628487336,0.992104696,BARBUNYA
45240,800.869,299.9796848,192.4831247,1.558472647,0.766994339,45658,240.0028271,0.718711276,0.990844978,0.886358663,0.800063602,0.006630851,0.001675896,0.640101767,0.997581095,SIRA
55860,941.12,391.8042791,182.2239559,2.150124977,0.8852638,56519,266.6892592,0.7448,0.988340204,0.792539269,0.680669593,0.00701404,0.000928738,0.463311095,0.996176757,HOROZ
29475,635.407,237.0339181,159.3031469,1.487942472,0.740488533,29797,193.7233481,0.765028032,0.989193543,0.917402011,0.817281128,0.008041863,0.002213208,0.667948443,0.993868857,DERMASON
61671,977.631,397.7022226,200.6870021,1.981703939,0.863343759,62653,280.2176939,0.803007813,0.984326369,0.810850756,0.704591722,0.006448772,0.000980408,0.496449495,0.983815919,HOROZ
79613,1131.686,407.1782582,249.7181315,1.630551437,0.789858244,80930,318.3809352,0.779320066,0.983726677,0.781163544,0.781920274,0.005114469,0.001179316,0.611399315,0.996918031,BARBUNYA
56761,959.439,398.3767662,182.0855177,2.187855307,0.889431436,57299,268.8314524,0.591408269,0.990610656,0.774863433,0.674817096,0.007018494,0.000897776,0.455378113,0.996301421,HOROZ
70249,1056.843,378.126483,237.3059218,1.593413599,0.778549302,71505,299.0715713,0.706233035,0.982434795,0.790367475,0.790929979,0.00538266,0.001299358,0.625570232,0.996792115,BARBUNYA
29070,630.761,234.5562905,158.0432726,1.484127015,0.738916709,29419,192.3878207,0.716963449,0.988136918,0.918174505,0.820220257,0.008068672,0.002252702,0.672761269,0.998463174,DERMASON
57531,960.364,406.3091754,180.6903526,2.24864897,0.895673883,58025,270.648747,0.79423215,0.991486428,0.78386278,0.666115272,0.007062439,0.000857693,0.443709556,0.997747036,HOROZ
35555,697.407,238.2386137,190.2546224,1.252209332,0.601877373,36021,212.7675539,0.756087188,0.987063102,0.918624328,0.89308593,0.006700566,0.002629446,0.797602479,0.998765267,SEKER
69962,1000.601,377.1407444,239.2072993,1.576627241,0.773115444,71574,298.4600225,0.778133689,0.977477855,0.878112612,0.791375705,0.005390651,0.001304223,0.626275507,0.987403024,CALI
67455,1001.021,386.5975476,223.7845018,1.727543885,0.815429431,68436,293.0637703,0.763411046,0.985665439,0.845936246,0.758059052,0.005731192,0.001167446,0.574653526,0.992739185,CALI
77995,1077.542,406.6296361,244.8143065,1.660971705,0.798452947,78742,315.1290502,0.789423077,0.990513322,0.844127818,0.774978069,0.005213535,0.001160031,0.600591007,0.99756467,CALI
42329,778.504,298.9254323,180.931875,1.652143561,0.796016991,42765,232.1528735,0.734814686,0.989804747,0.877659738,0.776624698,0.007061954,0.001584709,0.603145921,0.99648365,SIRA
65757,997.586,392.3467629,214.5200565,1.828951425,0.837288479,66564,289.3517111,0.811213916,0.98787633,0.830330831,0.737489737,0.005966616,0.001088759,0.543891113,0.994750426,CALI
56214,898.795,347.7550468,206.614216,1.683112873,0.804363703,56742,267.5329658,0.717015306,0.990694723,0.874446125,0.769314402,0.006186271,0.00133667,0.591844649,0.996141347,SIRA
43242,753.985,256.332891,215.0265347,1.192098879,0.54435248,43702,234.6431853,0.791282389,0.989474166,0.955851057,0.915384617,0.005927869,0.002567395,0.837928997,0.998894218,SEKER
176826,1632.597,640.2908694,354.9426494,1.803927678,0.83228635,179666,474.4911545,0.809576134,0.984192891,0.833677343,0.741055631,0.003621022,0.000673619,0.549163449,0.990651145,BOMBAY
30012,634.168,229.1646598,167.0001639,1.372242125,0.684796479,30308,195.4800891,0.765456029,0.990233602,0.937769609,0.853011495,0.007635768,0.002493745,0.727628611,0.998482631,DERMASON
169410,1566.793,573.4514258,380.042361,1.508914491,0.748860131,172175,464.4346146,0.746181222,0.983940758,0.867212764,0.809893556,0.003384992,0.000898357,0.655927573,0.989738619,BOMBAY
32620,657.383,237.1041582,175.3426743,1.352233044,0.673137332,32951,203.7966485,0.757617986,0.989954781,0.948542693,0.859523722,0.007268674,0.002447183,0.738781029,0.999004119,DERMASON
101496,1239.9,480.4816111,270.0436282,1.779274017,0.8271189,102579,359.4839646,0.668326024,0.989442284,0.829631954,0.748174241,0.004733996,0.000914995,0.559764695,0.995974777,CALI
50215,833.741,322.7242819,198.9522403,1.622119366,0.787372568,50652,252.8551438,0.691495222,0.991372503,0.907780843,0.783502073,0.00642685,0.001493959,0.613875498,0.995779334,SIRA
41606,775.252,284.4384319,187.2336056,1.519163352,0.752793228,42111,230.1616921,0.82231797,0.988007884,0.869921447,0.809179303,0.006836476,0.00180797,0.654771144,0.994704326,SIRA
40418,780.121,316.1365416,163.8126042,1.929867016,0.855277392,40814,226.8519251,0.651398917,0.990297447,0.834566112,0.717575779,0.007821677,0.001279236,0.514914999,0.993717472,HOROZ
52369,868.397,342.6756601,195.2762541,1.754825039,0.821743613,52934,258.2213812,0.692876611,0.989326331,0.872664916,0.753544565,0.006543483,0.001301441,0.567829411,0.996441269,SIRA
55878,953.303,404.8527692,177.2172763,2.284499444,0.89910518,56462,266.7322239,0.678592247,0.98965676,0.772660655,0.658837593,0.007245298,0.000842073,0.434066974,0.991625761,HOROZ
45684,799.811,293.4970999,199.0398848,1.474564258,0.734908344,46175,241.1776842,0.72120485,0.98936654,0.897427227,0.821737878,0.006424505,0.001806977,0.675253141,0.995704146,SIRA
83001,1119.895,432.2294073,246.7591762,1.751624454,0.821020557,84155,325.0848435,0.739759358,0.986287208,0.831646143,0.752111814,0.00520752,0.001027875,0.56567218,0.990845224,CALI
77107,1073.559,415.6769817,237.3120596,1.751604964,0.82101614,77867,313.3299883,0.796017178,0.990239768,0.840720885,0.753782389,0.005390911,0.001073559,0.56818789,0.995240729,CALI
44515,786.469,297.6097129,191.1638368,1.556830612,0.766427656,44934,238.0719604,0.762243151,0.990675213,0.90438432,0.799946877,0.006685605,0.001688749,0.639915006,0.99623927,SIRA
32364,664.498,239.8191214,172.7763916,1.388031774,0.693512491,32722,202.9953808,0.704576131,0.989059348,0.921053167,0.846452024,0.007410058,0.002346447,0.71648103,0.994498435,DERMASON
38343,729.785,279.4803126,175.2427818,1.594817828,0.778994413,38680,220.952085,0.810634249,0.991287487,0.904703121,0.79058193,0.007288953,0.001756436,0.625019788,0.996792701,DERMASON
62555,975.486,392.8875999,203.5628662,1.930055355,0.855308024,63275,282.2188862,0.687629161,0.988621098,0.826094652,0.718319658,0.006280675,0.001031471,0.51598313,0.995876004,HOROZ
42558,776.179,299.3323869,182.0755208,1.644001267,0.793728624,43129,232.7800003,0.811927656,0.986760648,0.887702202,0.77766393,0.007033516,0.001586792,0.604761188,0.994228159,SIRA
50031,854.392,333.5188388,192.7151579,1.730631064,0.816161464,50710,252.3914572,0.731832543,0.986610136,0.86126084,0.756753226,0.006666244,0.001348584,0.572675445,0.991089915,SIRA
73780,1047.986,404.1658945,234.4628894,1.723794736,0.814534246,74526,306.4956992,0.801956522,0.989990071,0.844184848,0.758341323,0.005477987,0.001117531,0.575081562,0.99132257,CALI
52093,892.816,338.606796,198.1655184,1.708706937,0.810861666,52989,257.5400311,0.670127097,0.98309083,0.821230941,0.760587307,0.006500044,0.001341814,0.578493051,0.98847509,SIRA
29501,640.635,240.5941928,156.5127729,1.537217623,0.759484003,29826,193.8087712,0.708069316,0.989103467,0.903285997,0.805542183,0.008155459,0.00211827,0.648898208,0.997497761,DERMASON
24761,576.546,210.827701,150.2609306,1.403077301,0.701449553,25024,177.5575523,0.804660081,0.98949009,0.936073859,0.842192707,0.008514507,0.002642318,0.709288556,0.995186673,DERMASON
36374,708.419,264.0014548,176.0947739,1.499200964,0.745038036,36774,215.2041245,0.741947986,0.98912275,0.910794764,0.815162646,0.007257971,0.001976843,0.66449014,0.996204258,DERMASON
78375,1066.6,367.9499283,272.6156513,1.349702141,0.671610713,79456,315.8957887,0.80632716,0.986394986,0.865733572,0.858529285,0.004694736,0.001573299,0.737072532,0.994828375,BARBUNYA
28354,628.104,231.7005474,156.448003,1.481006744,0.73761972,28720,190.0037738,0.775334974,0.987256267,0.903152484,0.820040246,0.008171706,0.002279466,0.672466004,0.995926687,DERMASON
39069,731.629,267.7007193,186.0038201,1.43922162,0.719183659,39440,223.0340686,0.786698079,0.990593306,0.917192165,0.833147065,0.006851998,0.002036497,0.694134033,0.999012707,SIRA
41864,739.821,253.7366005,210.5953614,1.204853701,0.557798677,42166,230.8742088,0.774542091,0.992837831,0.961163514,0.909897147,0.006060974,0.002562662,0.827912818,0.997513822,SEKER
41898,797.562,315.9442125,169.8922335,1.859674254,0.843118006,42521,230.9679425,0.668624228,0.985348416,0.827702466,0.73104027,0.007540795,0.001328502,0.534419877,0.993846885,HOROZ
39835,731.546,249.6095936,203.4462417,1.22690688,0.579379679,40279,225.209896,0.793778894,0.988976886,0.935387163,0.902248558,0.006266087,0.002561421,0.814052461,0.998766565,SEKER
36536,687.345,231.5417418,201.2117885,1.150736463,0.494796802,36879,215.6828227,0.784775324,0.990699314,0.971809873,0.9315073,0.006337359,0.00294329,0.867705849,0.99850076,SEKER
68384,1005.668,363.0102959,240.8738472,1.507055665,0.748135933,69167,295.0749278,0.743854153,0.988679573,0.849679425,0.812855534,0.00530841,0.001429544,0.660734119,0.995763097,BARBUNYA
42490,771.623,296.8766722,183.8915802,1.614411448,0.785059167,43065,232.5939558,0.797350297,0.98664809,0.896780728,0.783469964,0.006986977,0.001623897,0.613825185,0.990966405,SIRA
52388,894.691,353.8191066,189.7892566,1.864273632,0.84396265,53003,258.2682196,0.790440123,0.988396883,0.822423565,0.729944242,0.00675382,0.001182736,0.532818597,0.99331966,HOROZ
106064,1234.604,481.0983687,282.3527039,1.703891488,0.809665348,106961,367.484529,0.810032229,0.991613766,0.87442488,0.763844887,0.004535925,0.000952503,0.583459011,0.994150843,CALI
51739,907.654,382.584963,172.9795175,2.211735635,0.891950226,52348,256.6634777,0.661827159,0.988366318,0.789200302,0.670866611,0.007394518,0.00092392,0.45006201,0.995418186,HOROZ
34460,677.801,245.457549,179.0722248,1.370718152,0.68393326,34864,209.4655931,0.757828994,0.988412116,0.942585439,0.8533679,0.00712297,0.002330162,0.728236773,0.998207363,DERMASON
40754,760.071,276.569335,187.8639111,1.472179161,0.733892945,41237,227.7928981,0.765074717,0.988287218,0.886485793,0.823637581,0.006786311,0.001926452,0.678378865,0.998695228,DERMASON
26043,589.855,219.3074019,151.4279243,1.448262617,0.723349093,26259,182.0960666,0.796422018,0.991774249,0.940611631,0.830323395,0.008420973,0.002469057,0.689436941,0.998485748,DERMASON
46275,832.69,337.7416295,175.5197554,1.924237125,0.854357052,46788,242.7326923,0.801604074,0.98903565,0.838667074,0.718693437,0.007298577,0.001201137,0.516520256,0.993907452,HOROZ
34079,686.949,251.3405216,173.0145374,1.452713312,0.725362518,34519,208.3044177,0.727096224,0.987253397,0.90750226,0.828773715,0.007375232,0.002146344,0.68686587,0.997819193,DERMASON
38290,719.888,270.4465104,180.5080659,1.498251666,0.744659447,38605,220.7993256,0.759903152,0.991840435,0.928464626,0.816425123,0.007063111,0.001935714,0.666549982,0.99865962,DERMASON
52398,904.806,358.823553,186.3452156,1.925585006,0.854578221,53028,258.292868,0.673842593,0.988119484,0.804291781,0.719832536,0.006848039,0.001134154,0.518158879,0.997758969,HOROZ
40362,760.534,277.919317,185.9394585,1.494676381,0.743225365,40984,226.6947165,0.732217042,0.984823346,0.876890316,0.815685354,0.006885668,0.001880254,0.665342597,0.994471865,SIRA
48094,827.726,314.4611428,195.0514734,1.61219568,0.784386717,48648,247.4574361,0.79499471,0.98861207,0.882119797,0.786925322,0.006538469,0.001546642,0.619251463,0.998354533,SIRA
73636,1045.21,412.0408752,230.1832737,1.790055674,0.829409002,74832,306.1964518,0.758258506,0.984017533,0.847018587,0.743121545,0.005595644,0.001052614,0.552229631,0.988521784,CALI
49667,905.454,371.1786906,171.1045243,2.16930962,0.887412524,50274,251.4716455,0.655211535,0.987926165,0.761281032,0.677494834,0.007473346,0.000971223,0.45899925,0.995711489,HOROZ
56161,936.82,391.1434144,183.9732217,2.126088845,0.882481435,56596,267.4068175,0.744465654,0.992313944,0.804141339,0.683654148,0.00696468,0.000938484,0.467382993,0.993697769,HOROZ
51339,889.001,360.4412657,181.9405007,1.981094173,0.863252958,51958,255.6694057,0.637593145,0.988086531,0.816305589,0.709323349,0.007020808,0.001096337,0.503139613,0.996766956,HOROZ
41888,789.822,299.2714357,179.5340781,1.666933871,0.800072124,42668,230.9403777,0.669201521,0.981719321,0.843802943,0.771675309,0.007144563,0.001562766,0.595482783,0.99263042,DERMASON
58933,947.479,385.2989993,195.5366109,1.970469865,0.861655779,59553,273.9266801,0.646025169,0.989589106,0.82495304,0.710945735,0.006537916,0.001030303,0.505443838,0.995961851,HOROZ
60756,953.871,381.054531,203.6893462,1.870763189,0.845142417,61292,278.1311593,0.812898047,0.991254976,0.839111642,0.729898575,0.006271883,0.001098064,0.53275193,0.996652701,HOROZ
44177,802.585,303.7853658,187.067069,1.623938235,0.787912693,44960,237.1664044,0.797548338,0.98258452,0.861834761,0.780703849,0.00687655,0.00157578,0.6094985,0.989787918,SIRA
150467,1474.074,525.8869356,366.7114136,1.434062088,0.716760063,152958,437.6991371,0.787200092,0.983714484,0.870186926,0.832306542,0.003495032,0.00103458,0.692734181,0.993423826,BOMBAY
32321,663.808,243.2709547,169.3369997,1.436608392,0.717960429,32670,202.8604824,0.763187721,0.989317417,0.921742662,0.833886983,0.007526715,0.002244988,0.6953675,0.998970786,DERMASON
73688,1059.474,415.6538966,228.3115046,1.820556075,0.835636577,75227,306.3045471,0.720411395,0.97954192,0.82494696,0.736922111,0.005640727,0.001026127,0.543054198,0.98866062,CALI
25032,585.495,219.2763506,145.7923911,1.504031514,0.746950469,25320,178.526559,0.770689655,0.988625592,0.917611891,0.814162396,0.008759841,0.002374216,0.662860407,0.996962942,DERMASON
39928,737.776,252.9698984,201.198248,1.257316607,0.606157516,40395,225.4726337,0.748261839,0.988439163,0.921803545,0.891302227,0.006335652,0.002466443,0.794419659,0.99883703,SEKER
85618,1109.054,420.1109726,261.33371,1.60756518,0.782970562,87049,330.1699916,0.74806906,0.983560983,0.874721009,0.785911374,0.004906807,0.00115471,0.617656687,0.992923384,CALI
24047,571.966,210.9874182,145.9358504,1.445754539,0.722203779,24356,174.9788311,0.762017936,0.987313188,0.923698718,0.829333012,0.00877396,0.002560302,0.687793245,0.994380207,DERMASON
153287,1484.785,534.7542054,368.3810922,1.45163315,0.724876084,155347,441.7816996,0.789707685,0.986739364,0.873751724,0.826139739,0.003488582,0.001002404,0.682506868,0.990749595,BOMBAY
32104,654.85,233.5501325,175.4105875,1.331448323,0.660231886,32424,202.1783429,0.787345187,0.990130767,0.940774088,0.865674281,0.007274799,0.002520106,0.74939196,0.997776668,DERMASON
94354,1178.195,466.1352095,259.7038638,1.794872062,0.83041672,95515,346.6053144,0.735359676,0.987844841,0.854153313,0.743572482,0.00494028,0.00093159,0.552900035,0.992384826,CALI
38992,741.513,279.9243156,177.6535862,1.575675006,0.772800818,39445,222.8141744,0.777972865,0.988515655,0.891143897,0.795980063,0.007179019,0.00177768,0.633584261,0.998322884,DERMASON
29060,638.507,242.1319108,153.2172856,1.580317193,0.774328068,29423,192.3547274,0.808614837,0.987662713,0.895723871,0.794421218,0.008332137,0.002047102,0.631105071,0.997346195,DERMASON
37657,721.8,259.4043624,185.887381,1.39549205,0.697491435,38146,218.966622,0.698334693,0.987180832,0.908284341,0.844113106,0.006888609,0.002157317,0.712526935,0.994325673,DERMASON
43880,756.327,256.2454805,218.6627679,1.171875226,0.521365997,44263,236.3678303,0.769581536,0.991347175,0.96395614,0.922427314,0.005839687,0.002607942,0.85087215,0.997115993,SEKER
69471,1069.638,399.1002455,225.0057818,1.77373329,0.825923216,71088,297.410868,0.707386364,0.977253545,0.763026757,0.74520342,0.005744847,0.001092842,0.555328138,0.985004005,CALI
39054,743.283,285.5676142,174.9237281,1.632526458,0.79043378,39578,222.9912491,0.73512028,0.986760321,0.88831498,0.780870232,0.007312122,0.001677022,0.609758319,0.995446588,SIRA
199788,1749.634,685.9410473,375.6152944,1.826179758,0.836745993,202653,504.3589814,0.792627094,0.985862533,0.820134052,0.735280362,0.003433345,0.000619026,0.540637211,0.98730073,BOMBAY
218077,1795.577,710.8683797,394.6904946,1.801078033,0.831701502,220398,526.9385735,0.805374903,0.989469051,0.849985781,0.741260392,0.003259713,0.000607075,0.549466968,0.989632886,BOMBAY
54413,922.901,379.7136483,183.156467,2.07316539,0.875976279,54921,263.2124301,0.67613947,0.990750351,0.802790643,0.693186645,0.006978363,0.00099388,0.480507725,0.996171986,HOROZ
45654,828.517,340.1323581,171.8568782,1.979160576,0.862964408,46355,241.0984823,0.705898724,0.984877575,0.835768215,0.708837241,0.00745022,0.001160206,0.502450234,0.994429695,HOROZ
44579,785.7,289.9130585,196.272241,1.477096593,0.735979525,45033,238.2430391,0.760098211,0.989918504,0.907458305,0.821774087,0.006503355,0.001829477,0.675312651,0.997502016,SIRA
59338,940.712,352.1829755,215.7836786,1.632111278,0.790313002,59999,274.8663095,0.793076717,0.98898315,0.842615415,0.780464499,0.005935201,0.0013584,0.609124834,0.994159511,CALI
85099,1161.055,428.0509995,255.1448778,1.677678201,0.80293851,86211,329.1677566,0.799607239,0.987101414,0.793284072,0.768991912,0.005030036,0.00108502,0.591348561,0.99209259,BARBUNYA
79031,1088.647,439.2246402,232.9526203,1.885467696,0.847764786,80928,317.2150603,0.708721931,0.976559411,0.837979088,0.722215994,0.005557625,0.00093269,0.521595943,0.9834523,CALI
31855,664.685,251.8856928,161.2512721,1.562069492,0.768227959,32169,201.3927648,0.718360996,0.99023905,0.906057411,0.79954031,0.007907258,0.001993274,0.639264707,0.998575895,DERMASON
31992,640.338,212.8873637,191.4872537,1.111757361,0.436968432,32258,201.8253689,0.774212284,0.991753984,0.980466376,0.948038274,0.006654394,0.003315826,0.898776569,0.999221466,SEKER
45240,805.168,307.020917,188.3309453,1.63022023,0.789761482,45679,240.0028271,0.709268782,0.990389457,0.876918935,0.781714905,0.006786492,0.001563215,0.611078193,0.996192033,SIRA
38998,747.763,281.3657909,177.618235,1.584104193,0.775561834,39652,222.8313168,0.768009768,0.983506507,0.876444167,0.791963075,0.007214877,0.001750767,0.627205511,0.993558881,SIRA
69648,1038.597,400.3222294,224.724079,1.78139446,0.827573088,71221,297.7895025,0.780710899,0.977913818,0.811380164,0.743874511,0.005747792,0.001085624,0.553349288,0.985733356,CALI
34003,687.389,261.6872275,166.0757913,1.575709653,0.772812277,34364,208.072017,0.694080425,0.98949482,0.904319599,0.795117205,0.007696004,0.001897447,0.63221137,0.996181559,DERMASON
38780,742.106,279.8394551,177.8766254,1.573222195,0.771987163,39473,222.2076271,0.79804091,0.982443696,0.88488286,0.794053959,0.007216077,0.001769624,0.630521689,0.991950716,SIRA
56392,930.097,371.9571248,195.0053327,1.907420273,0.851553134,57178,267.9561987,0.732782369,0.986253454,0.819164031,0.720395392,0.00659592,0.001095819,0.518969521,0.989892985,HOROZ
50661,863.776,325.1539409,199.4678056,1.630107375,0.789728495,51476,253.9755669,0.796556604,0.984167379,0.85325994,0.781093307,0.00641823,0.001473692,0.610106754,0.994539519,SIRA
62719,964.622,363.7687768,221.9326844,1.639095105,0.792330024,63475,282.5885897,0.797180843,0.988089799,0.847021948,0.776835748,0.005799977,0.001302935,0.603473779,0.989150917,CALI
69810,1022.531,400.0841038,223.7557422,1.788039493,0.828984375,70894,298.1356279,0.78054071,0.984709566,0.839024293,0.745182388,0.005731043,0.001090093,0.555296791,0.992892593,CALI
35105,687.922,232.3755601,192.4946821,1.207179116,0.560170279,35508,211.4168258,0.782720178,0.988650445,0.932181424,0.909806632,0.006619443,0.002797677,0.827748108,0.999240229,SEKER
49306,831.795,306.6491937,205.6595309,1.491052675,0.741758463,49840,250.5560795,0.83006734,0.989285714,0.895523577,0.817077249,0.006219308,0.001709914,0.66761523,0.995449475,SIRA
62524,977.204,359.2187289,224.1367188,1.602676843,0.781459391,63879,282.1489488,0.71538576,0.978788021,0.822784585,0.785451665,0.005745293,0.001348869,0.616934318,0.988746346,BARBUNYA
48960,875.826,341.2162902,188.7558859,1.807712054,0.833058138,51176,249.6754055,0.787378781,0.956698452,0.802076156,0.731721822,0.006969287,0.001232401,0.535416825,0.967879448,HOROZ
62761,1026.847,356.449425,225.8237984,1.578440482,0.773712627,64077,282.683192,0.711575964,0.97946221,0.747976996,0.793052737,0.005679473,0.001385786,0.628932643,0.992732744,BARBUNYA
36548,725.724,267.6696671,174.5499145,1.533484951,0.758124851,37077,215.7182396,0.755748553,0.985732395,0.872028159,0.80591216,0.007323784,0.001905751,0.64949441,0.995989903,DERMASON
38749,729.743,268.5252537,184.3366137,1.456711438,0.727150803,39196,222.1187951,0.818871513,0.988595775,0.914387936,0.827180282,0.006929863,0.002001267,0.684227219,0.996721616,SIRA
48623,896.599,360.6307342,173.7178725,2.075956429,0.876333064,49603,248.8146426,0.591024566,0.98024313,0.760072666,0.689942978,0.007416875,0.001036701,0.476021312,0.988199504,HOROZ
87174,1143.707,461.7478661,241.7607518,1.909937253,0.851978108,88169,333.156696,0.742032686,0.988714854,0.837466184,0.721512151,0.005296853,0.000885467,0.520579784,0.994274722,CALI
46071,805.639,303.9729407,194.3540717,1.564016324,0.768891302,46709,242.1970666,0.758245556,0.986340962,0.891982922,0.796771798,0.006597924,0.001640298,0.634845298,0.99290841,SIRA
46015,775.166,277.2145631,211.5356223,1.310486433,0.646309435,46401,242.0498247,0.785372931,0.991681214,0.962320769,0.873149744,0.006024439,0.002159988,0.762390475,0.999102374,SEKER
35129,703.253,268.4473909,167.1702673,1.605832157,0.782436731,35497,211.4890824,0.814453306,0.989632927,0.892590919,0.787823199,0.00764176,0.001815885,0.620665393,0.996684447,SIRA
44034,802.811,300.0388235,188.3883682,1.592661088,0.778310182,44621,236.782242,0.712259192,0.986844759,0.858561428,0.789172012,0.006813799,0.001630256,0.622792464,0.991897324,SIRA
163117,1524.028,560.180104,371.8570345,1.506439443,0.747895106,165192,455.7269082,0.731154889,0.987438859,0.882517238,0.813536405,0.003434223,0.000927932,0.661841483,0.997024115,BOMBAY
80107,1128.926,393.6625627,260.4238339,1.511622637,0.749909203,81661,319.3671871,0.705459125,0.980970108,0.789858655,0.811271422,0.004914209,0.001313101,0.658161321,0.994891551,BARBUNYA
27875,616.012,222.6462814,159.8193731,1.393111968,0.696231421,28270,188.3920176,0.791071885,0.986027591,0.923094993,0.846149401,0.007987311,0.002525623,0.715968809,0.997424716,DERMASON
45342,801.253,297.3335972,194.8520314,1.525945586,0.755341516,45876,240.273235,0.803252551,0.988359927,0.887505799,0.808093123,0.006557576,0.001724919,0.653014495,0.996464585,SIRA
35242,707.012,267.9233055,168.5752625,1.589339394,0.777249725,35740,211.8289594,0.719312569,0.986066032,0.885965562,0.790632823,0.007602387,0.001832437,0.625100261,0.99349647,DERMASON
48487,926.765,376.123116,165.3173306,2.275158416,0.898227992,49454,248.4664279,0.586441703,0.980446476,0.709407753,0.660598664,0.007757195,0.000911245,0.436390595,0.992857735,HOROZ
45255,795.015,294.5214123,196.1550266,1.501472674,0.745940324,45709,240.042612,0.704292206,0.990067602,0.899758147,0.815026012,0.006508041,0.001771397,0.6642674,0.997379349,SIRA
46669,805.211,306.5174825,194.7067816,1.574251703,0.772329242,47160,243.7638536,0.729681979,0.989588634,0.904521639,0.795269006,0.006567903,0.001620551,0.632452792,0.995639884,SIRA
43033,746.785,259.6430136,211.8346101,1.225687405,0.578237193,43303,234.0754522,0.744721722,0.993764866,0.969661864,0.901528021,0.006033579,0.002458508,0.812752772,0.996180837,SEKER
51734,878.392,319.9387591,206.311128,1.550758615,0.764312792,52632,256.6510756,0.746522367,0.982938136,0.842576184,0.802188132,0.006184304,0.001579703,0.643505799,0.997922163,BARBUNYA
44567,782.358,280.7871163,202.7030257,1.385214233,0.691986964,45005,238.2109712,0.753635687,0.990267748,0.914981281,0.848368595,0.006300337,0.002013177,0.719729272,0.996979232,SIRA
40098,718.837,248.4775273,205.7908678,1.207427375,0.56042207,40356,225.9521172,0.796084893,0.993606899,0.975150683,0.909346288,0.006196756,0.002613734,0.826910672,0.998434582,SEKER
61704,969.404,395.6012989,199.799678,1.979989672,0.863088249,62388,280.2926558,0.650927274,0.989036353,0.825113262,0.708523093,0.006411275,0.000996644,0.502004973,0.993964662,HOROZ
49317,886.931,310.5630747,202.4588914,1.533956215,0.758297131,50400,250.5840271,0.713085599,0.978511905,0.787819715,0.806869997,0.006297282,0.001646445,0.651039191,0.998665614,BARBUNYA
46880,810.125,299.6967315,200.1270667,1.497532225,0.744371919,47394,244.314285,0.706534844,0.989154745,0.897621814,0.815205037,0.006392848,0.001741573,0.664559252,0.995198895,SIRA
47026,815.622,312.6353105,192.7472981,1.621995813,0.787335799,47758,244.6944275,0.741290709,0.984672725,0.888321228,0.782683271,0.006648137,0.001538948,0.612593103,0.993623448,SIRA
40251,755.91,285.2356657,180.2157124,1.582745822,0.775120534,40738,226.3827841,0.774772867,0.988045559,0.885210093,0.793669275,0.007086424,0.001734464,0.629910918,0.996988874,SIRA
37420,704.994,238.9729806,199.7897404,1.196122384,0.548676341,37757,218.2764847,0.755898513,0.991074503,0.946112555,0.913393992,0.006386237,0.002741936,0.834288584,0.997911251,SEKER
58869,1011.122,418.2336882,180.1421057,2.321687573,0.902485052,59926,273.7779004,0.585965262,0.982361579,0.723584746,0.654605088,0.007104481,0.000804692,0.428507822,0.994861284,HOROZ
32942,674.93,247.0960351,169.9765205,1.453706868,0.725808707,33368,204.8000417,0.77854982,0.987233277,0.908745685,0.828827713,0.007500942,0.002183497,0.686955378,0.998631751,DERMASON
64762,1000.168,385.8340559,214.5390567,1.798432704,0.831155726,65876,287.1542084,0.709642779,0.983089441,0.813549918,0.744242775,0.005957723,0.001127505,0.553897308,0.996147033,BARBUNYA
40610,743.566,273.4562028,189.494928,1.443079272,0.720973509,41048,227.3901007,0.726138111,0.989329565,0.923004476,0.831541206,0.006733716,0.001985956,0.691460778,0.997832716,SIRA
30101,649.144,242.956399,157.9521009,1.538165036,0.759827019,30402,195.7697207,0.729632772,0.990099336,0.897653427,0.80578129,0.008071373,0.00209892,0.649283488,0.998705159,DERMASON
38294,771.058,306.0067702,160.3861358,1.907937795,0.851640669,38844,220.8108583,0.827191429,0.985840799,0.809406154,0.721588147,0.007990985,0.001336404,0.520689454,0.993443088,HOROZ
45525,799.104,302.3272013,191.9650203,1.574907766,0.772546807,45935,240.7576173,0.79679706,0.991074344,0.895886948,0.796347852,0.006640905,0.001647473,0.634169901,0.998759102,SIRA
73398,1037.523,409.9397199,229.4542441,1.786585912,0.82867721,74232,305.7012203,0.812931951,0.988764953,0.856837813,0.745722372,0.005585162,0.001065428,0.556101856,0.993523741,CALI
59205,970.174,386.6354197,200.2093475,1.931155686,0.855486786,60974,274.5580945,0.706385568,0.970987634,0.79044014,0.710121423,0.006530452,0.001024362,0.504272436,0.973828581,HOROZ
29669,644.61,237.0415392,160.0543067,1.481006941,0.737619802,30108,194.3598314,0.758468185,0.985419158,0.897260802,0.819939965,0.007989536,0.002227561,0.672301546,0.995683256,DERMASON
85695,1156.716,406.8040568,268.7567432,1.513651535,0.750690509,87339,330.3184263,0.713275014,0.981176794,0.804844279,0.811984101,0.004747115,0.001272916,0.65931818,0.997977976,BARBUNYA
43266,772.889,287.0127137,193.0071437,1.487057464,0.740125318,43691,234.7082916,0.776489591,0.990272596,0.910169666,0.8177627,0.006633678,0.001829967,0.668735833,0.994448612,SIRA
35720,685.105,236.703013,192.3416647,1.230638268,0.582840661,36074,213.2606774,0.775577558,0.990186838,0.956328371,0.900963087,0.006626624,0.002693395,0.811734485,0.99895152,SEKER
38060,730.117,271.4252656,178.9602154,1.516679363,0.751849169,38544,220.1351791,0.719593125,0.987442922,0.897209218,0.811034222,0.00713151,0.001903347,0.657776509,0.997636057,SIRA
38760,738.594,271.1452449,182.28296,1.48749639,0.74030556,39191,222.1503202,0.720459488,0.989002577,0.892857358,0.819303766,0.006995491,0.001944365,0.67125866,0.998494834,SIRA
35437,685.657,228.037132,198.2331243,1.150348272,0.494281412,35804,212.4141938,0.781549116,0.989749749,0.947224635,0.931489499,0.006435001,0.00298841,0.867672687,0.998125776,SEKER
49157,848.793,328.4144891,191.2522156,1.71718005,0.812938093,49734,250.1772098,0.745525965,0.988398279,0.857416143,0.761772754,0.00668093,0.001387773,0.580297729,0.996475682,SIRA
30529,640.227,229.6933267,169.9602498,1.351453219,0.672668231,30877,197.156613,0.824706899,0.988729475,0.935953929,0.858347153,0.007523775,0.002519228,0.736759835,0.995696451,DERMASON
34475,677.676,241.0431821,182.3691135,1.321732487,0.65389796,34878,209.511177,0.776463964,0.988445438,0.943343645,0.869185244,0.006991825,0.002461613,0.755482988,0.99854641,SEKER
79814,1075.684,380.9404484,267.5498262,1.423811235,0.711841354,80880,318.7825921,0.789956055,0.98681998,0.866801238,0.836830516,0.004772852,0.001443803,0.700285313,0.997074096,BARBUNYA
57948,970.925,394.0233294,188.9565751,2.085258633,0.87751083,58901,271.6278431,0.603398725,0.983820309,0.772461687,0.68936995,0.006799602,0.000947268,0.475230929,0.990979397,HOROZ
28262,628.251,228.451745,158.1130471,1.444863338,0.721794936,28719,189.6952715,0.786103694,0.98408719,0.899800808,0.830351598,0.008083354,0.002370388,0.689483776,0.99620983,DERMASON
83175,1111.879,400.1873429,266.1833759,1.503427258,0.746712517,84511,325.4254126,0.802731265,0.984191407,0.845449395,0.813182671,0.00481139,0.001297785,0.661266057,0.994165415,BARBUNYA
78791,1164.715,414.6113966,243.3587512,1.703704488,0.80961865,80403,316.7330374,0.807897381,0.979950997,0.729872733,0.763927475,0.005262167,0.001105485,0.583585187,0.994256703,BARBUNYA
47044,792.003,279.620142,214.5121886,1.303516335,0.641460923,47419,244.7412535,0.779829593,0.992091778,0.942454629,0.875263319,0.0059438,0.002151785,0.766085877,0.998605455,SEKER
40623,754.866,280.6707445,185.0864713,1.516430361,0.751754213,41153,227.4264937,0.806267863,0.987121231,0.895864088,0.810296399,0.006909158,0.001837302,0.656580255,0.995658233,SIRA
51043,901.195,373.8465696,174.8966602,2.137528351,0.883818444,51637,254.9312968,0.63846048,0.988496621,0.789784323,0.681914233,0.00732415,0.000976913,0.465007021,0.993965691,HOROZ
31026,648.469,236.2812723,167.6454005,1.409411004,0.704689082,31397,198.7549499,0.729165687,0.988183584,0.927165393,0.841179447,0.007615589,0.002352003,0.707582862,0.997275072,DERMASON
62493,994.395,398.8778744,201.8084816,1.976516899,0.862568365,63814,282.078994,0.758124977,0.979299213,0.794188097,0.707181351,0.006382761,0.000984717,0.500105463,0.988466899,CALI
42223,736.821,250.6663218,215.0788966,1.16546219,0.513601753,42491,231.8620135,0.75175373,0.993692782,0.977315893,0.924982709,0.005936725,0.00268078,0.855593013,0.997161306,SEKER
37867,719.536,269.9203426,179.066724,1.507372987,0.7482598,38243,219.5763235,0.711197506,0.990168135,0.919106227,0.813485643,0.007128115,0.001925547,0.661758891,0.997517477,DERMASON
46250,782.848,281.7191347,209.3760487,1.345517486,0.669059909,46601,242.6671155,0.795083376,0.992467973,0.948345763,0.8613796,0.006091225,0.002068534,0.741974815,0.998340088,SEKER
40130,746.638,271.568027,189.189184,1.43543104,0.717406451,40637,226.0422592,0.789556526,0.987523685,0.90460471,0.832359618,0.006767207,0.002003703,0.692822533,0.994498969,SIRA
65686,1015.675,352.4510301,237.8380449,1.481895087,0.73799004,66838,289.1954577,0.771723295,0.982764296,0.800153215,0.820526635,0.005365695,0.001500294,0.673263958,0.997706552,BARBUNYA
43879,765.193,268.7811697,208.3114239,1.290285308,0.631933777,44259,236.365137,0.755596501,0.991414176,0.941726103,0.879396192,0.006125508,0.002259749,0.773337662,0.997826223,SEKER
27287,609.595,225.4052287,154.3099848,1.46073003,0.728929098,27592,186.3944405,0.781459419,0.988946071,0.922747469,0.82693042,0.008260535,0.00238267,0.68381392,0.998867528,DERMASON
73478,1011.417,376.0807407,249.5667142,1.506934696,0.748088686,74153,305.8677742,0.776001183,0.990897199,0.902623617,0.813303477,0.005118277,0.001381383,0.661462546,0.996780861,BARBUNYA
44807,793.217,296.441382,193.2565024,1.533927077,0.758286485,45362,238.8515109,0.788300493,0.98776509,0.894894223,0.805729313,0.006615961,0.001720004,0.649199725,0.995825037,SIRA
46245,805.849,303.7389482,194.5713657,1.561067052,0.767885205,46760,242.653998,0.700310441,0.988986313,0.894885158,0.798889966,0.006568039,0.001650302,0.638225178,0.996312297,SIRA
30128,649.502,242.7659338,158.3638805,1.532962776,0.757933727,30498,195.8575018,0.697681958,0.987868057,0.897468432,0.806775064,0.008057818,0.002105751,0.650886004,0.997784015,DERMASON
40688,732.945,258.7484843,200.4328103,1.290948742,0.632421942,41046,227.6083711,0.798539831,0.991278078,0.951773117,0.879651031,0.006359332,0.002348729,0.773785937,0.998917982,SEKER
56759,949.722,396.2990196,183.1637049,2.163632909,0.886783209,57486,268.8267162,0.737292649,0.987353443,0.790772581,0.678343127,0.006982135,0.000911939,0.460149398,0.99559438,HOROZ
69392,1065.193,383.8567096,230.4881579,1.665407512,0.79965957,70781,297.2417173,0.7613781,0.98037609,0.768533249,0.774355925,0.005531714,0.00122688,0.599627098,0.998623473,BARBUNYA
43634,775.132,298.9581612,186.9380099,1.599236888,0.780385879,44262,235.7043366,0.797929925,0.985811757,0.912606502,0.788419141,0.006851496,0.001633029,0.621604742,0.994093233,SIRA
39775,753.771,273.8009306,186.2738571,1.46988383,0.732909753,40304,225.0402251,0.694881202,0.986874752,0.879713391,0.821911834,0.006883744,0.001937784,0.675539063,0.992963945,SIRA
168514,1547.595,567.0395457,381.1117797,1.487856256,0.740453186,170385,463.204802,0.823023199,0.989018986,0.884160718,0.816882712,0.00336494,0.000924264,0.667297366,0.99284256,BOMBAY
30314,647.757,247.5794653,156.0983507,1.586047925,0.776190896,30631,196.4611503,0.701080043,0.989651007,0.907880902,0.793527646,0.008167166,0.001997558,0.629686125,0.998712372,DERMASON
94415,1207.294,481.0232314,252.9364026,1.901755645,0.85058974,96363,346.7173368,0.735176173,0.979784772,0.814000697,0.720791251,0.005094776,0.000848287,0.519540028,0.98803818,CALI
88242,1146.332,426.3163276,266.4148514,1.600197306,0.780686444,90372,335.1912945,0.774841066,0.976430753,0.84384829,0.786250192,0.004831218,0.001138884,0.618189365,0.989224956,CALI
37265,700.187,232.9372916,204.1582816,1.140964206,0.481489818,37602,217.8239464,0.778950669,0.991037711,0.955174904,0.935118396,0.006250833,0.002948384,0.874446414,0.997712058,SEKER
50582,850.083,326.2039967,198.4493346,1.643764628,0.793661509,51101,253.7774668,0.665272517,0.989843643,0.879595905,0.777971666,0.006449013,0.00145723,0.605239913,0.994871961,SIRA
72707,1017.465,385.5659854,241.5449444,1.596249453,0.779446739,73595,304.2588168,0.721070692,0.987933963,0.882565876,0.789122558,0.005303011,0.00126847,0.622714412,0.994007539,CALI
71275,1008.785,371.7758415,245.2956185,1.515623654,0.751446172,72348,301.2476532,0.790127152,0.985168906,0.880136148,0.810293783,0.005216076,0.001387055,0.656576015,0.995122139,BARBUNYA
26464,597.198,219.6286216,154.021151,1.425964033,0.712885978,26774,183.5620094,0.788135088,0.988421603,0.932456676,0.835783643,0.008299147,0.002497978,0.698534298,0.996084784,DERMASON
60950,993.724,404.9700226,192.333172,2.105565142,0.880022565,61620,278.5748557,0.732924483,0.989126907,0.775625388,0.687890066,0.006644299,0.000917709,0.473192743,0.996338146,HOROZ
36930,722.957,265.8682106,177.827434,1.495091082,0.743392376,37447,216.8426535,0.711026396,0.986193821,0.887900371,0.815602035,0.007199248,0.001965079,0.665206679,0.994544573,SIRA
47344,828.258,324.6922984,187.2701519,1.73381767,0.816912292,48123,245.5203719,0.747611603,0.983812314,0.867248452,0.756163214,0.006858151,0.001383085,0.571782806,0.991367132,HOROZ
36197,710.441,262.1711384,176.1394356,1.488429536,0.740688077,36607,214.6798822,0.777577281,0.988799956,0.901210842,0.818853988,0.007242897,0.002008713,0.670521853,0.998024531,SIRA
26038,618.657,230.3408572,144.2018142,1.59735062,0.77979365,26411,182.0785854,0.785412645,0.985877097,0.854904541,0.79047455,0.008846334,0.002130564,0.624850014,0.998104557,DERMASON
40690,750.562,281.8048666,184.1658951,1.530168582,0.756906862,41062,227.613965,0.762127739,0.990940529,0.907662532,0.807700618,0.006925654,0.001818202,0.652380289,0.998251821,DERMASON
26874,611.538,230.0523741,149.0248277,1.543718437,0.761821908,27164,184.978484,0.777604167,0.989324105,0.903015655,0.80407118,0.008560407,0.002207253,0.646530463,0.998060996,DERMASON
75799,1096.146,409.7062235,236.3038694,1.733810896,0.816910701,77029,310.661044,0.796877628,0.984031988,0.792750516,0.758253173,0.005405167,0.001102163,0.574947874,0.996850889,BARBUNYA
44090,789.911,289.9401635,194.4578348,1.491018162,0.741744426,44729,236.9327574,0.72089601,0.985713966,0.887960484,0.817178119,0.006576098,0.001808902,0.667780078,0.995672225,SIRA
70754,1027.569,409.3725229,221.4679481,1.848450425,0.841026657,71552,300.1446164,0.800022614,0.988847272,0.842051926,0.733182125,0.005785857,0.001031324,0.537556029,0.99364567,CALI
41741,756.956,281.0310209,189.7241324,1.481261331,0.737725936,42253,230.5347953,0.747711599,0.987882517,0.915443282,0.820317965,0.006732733,0.001880616,0.672921564,0.996772692,SIRA
204774,1739.277,659.2536003,398.65381,1.653699485,0.796449695,209024,510.6137038,0.811526085,0.979667407,0.850642682,0.774533053,0.00321942,0.000714689,0.59990145,0.992056719,BOMBAY
25135,607.531,229.8754823,139.8878933,1.64328361,0.793524977,25611,178.8934766,0.671879177,0.981414236,0.855759772,0.778219037,0.009145633,0.002069193,0.60562487,0.995213423,DERMASON
30612,652.526,241.3117547,161.9323696,1.49020085,0.74141166,31020,197.4244386,0.768759417,0.986847195,0.903453754,0.818130218,0.007882914,0.002178494,0.669337054,0.997446647,DERMASON
31890,661.977,242.9988586,167.3011328,1.452463917,0.725250332,32232,201.5033724,0.793579694,0.989389427,0.914489203,0.82923588,0.007619908,0.0022225,0.687632145,0.998760879,DERMASON
46471,814.123,309.8209623,192.0263743,1.613429215,0.784761488,47043,243.2462022,0.799707451,0.987840912,0.88107288,0.785118606,0.006666974,0.001562606,0.616411226,0.994535881,SIRA
29293,636.476,241.0748285,155.3683844,1.551633748,0.764619493,29669,193.1243278,0.730134596,0.987326839,0.908677243,0.801097024,0.008229776,0.00209078,0.641756442,0.995770954,DERMASON
44963,878.718,365.0836635,157.3328691,2.320453861,0.902375723,45613,239.2669422,0.804462177,0.985749677,0.731755674,0.655375647,0.008119646,0.000924013,0.429517239,0.996674936,HOROZ
175054,1619.861,607.6671569,370.082794,1.641976246,0.793153169,177343,472.1076946,0.768168155,0.987092809,0.838351999,0.776918234,0.003471313,0.000780144,0.603601943,0.991100052,BOMBAY
39145,716.674,252.7945232,197.7307919,1.278478283,0.623052664,39458,223.2508947,0.765208382,0.992067515,0.957729497,0.883131849,0.006457901,0.002423111,0.779921862,0.997113163,SEKER
52153,909.777,361.5588773,184.5522277,1.959114131,0.859916467,53049,257.6883039,0.758081865,0.983109955,0.791806847,0.712714637,0.006932657,0.001103423,0.507962154,0.995155833,HOROZ
30573,661.776,260.1477983,149.9551614,1.73483724,0.817151505,30901,197.2986381,0.65961165,0.989385457,0.877255085,0.758409794,0.00850907,0.001736511,0.575185415,0.997853079,DERMASON
39883,729.422,245.9412377,206.7585615,1.189509329,0.54152791,40302,225.3455408,0.757511871,0.989603494,0.94197628,0.916257651,0.006166568,0.002680981,0.839528083,0.998626487,SEKER
23521,559.892,205.8476826,145.7216814,1.412608478,0.706302413,23770,173.0545213,0.768208244,0.989524611,0.942881515,0.840692104,0.008751655,0.002696608,0.706763213,0.998379706,DERMASON
39515,714.776,238.9512884,210.6437034,1.134386096,0.472120399,39852,224.3035011,0.796207862,0.991543712,0.97192315,0.938699693,0.006047103,0.002896235,0.881157114,0.999572378,SEKER
70924,1079.045,391.0066504,232.6839979,1.680419169,0.803659348,72038,300.5049774,0.827343249,0.984535939,0.765462592,0.768541858,0.005513037,0.001186426,0.590656587,0.992550651,BARBUNYA
39375,746.118,271.9917683,184.9159144,1.470894321,0.733343321,39868,223.9057996,0.79091676,0.987634193,0.888823229,0.823208,0.006907727,0.001956831,0.677671411,0.99678303,SIRA
48404,864.977,355.6865339,174.1591487,2.04230749,0.871923439,49075,248.2536745,0.790295193,0.98632705,0.812983997,0.697956349,0.007348288,0.00107567,0.487143065,0.99489593,HOROZ
36457,709.285,247.0727088,188.5366505,1.310475752,0.646302092,36944,215.4495163,0.72083597,0.986817887,0.910645281,0.872008557,0.006777099,0.002417167,0.760398924,0.996484351,SIRA
45470,842.281,339.4060381,173.5649996,1.955498165,0.859355504,46378,240.6121404,0.625017182,0.980421752,0.805417033,0.708921213,0.007464395,0.001162964,0.502569287,0.982773318,HOROZ
45089,815.231,307.1166674,187.2811351,1.639869746,0.79255185,45619,239.6019571,0.769594456,0.988382034,0.852548502,0.780165919,0.006811344,0.001556541,0.608658861,0.998121252,SIRA
210910,1748.332,675.7077433,400.4043103,1.68756361,0.805518772,212898,518.2074415,0.809840497,0.990662195,0.867080107,0.766910616,0.003203773,0.000683629,0.588151893,0.992543731,BOMBAY
38944,712.513,248.52265,199.8302719,1.243668678,0.59453102,39279,222.6769877,0.76107094,0.99147127,0.963972923,0.89600279,0.006381539,0.002537129,0.802820999,0.99844333,SEKER
76932,1049.061,410.2193065,239.7367078,1.711124301,0.811457756,77480,312.9742236,0.814353763,0.992927207,0.878446674,0.762943671,0.005332232,0.001114445,0.582083045,0.996016443,CALI
32257,679.625,261.0839521,157.7447956,1.655103429,0.796838886,32758,202.6595371,0.802572651,0.984706026,0.877597033,0.776223646,0.00809387,0.001812523,0.602523148,0.997238128,DERMASON
30884,643.069,229.2296568,172.132298,1.331706248,0.660397327,31221,198.2995968,0.72407568,0.989205983,0.938486996,0.865069553,0.007422279,0.002564018,0.748345332,0.996576155,DERMASON
40414,749.182,284.2051761,181.727867,1.56390531,0.768853558,40860,226.8406995,0.749351035,0.989084679,0.904830085,0.798158227,0.007032345,0.001760499,0.637056555,0.99629613,SIRA
32953,675.085,258.5233923,162.8425082,1.587567,0.776680564,33268,204.8342323,0.811910218,0.990531442,0.908631745,0.792323783,0.007845216,0.001907196,0.627776978,0.996638013,DERMASON
32336,657.561,231.004161,178.815936,1.291854441,0.633086549,32746,202.9075502,0.798124152,0.987479387,0.939775385,0.878371841,0.007143869,0.002623173,0.771537091,0.996713617,DERMASON
72924,1041.775,389.4012176,238.9101238,1.629906725,0.789669826,73829,304.7125212,0.725467569,0.987741944,0.844369396,0.782515584,0.005339823,0.001235033,0.612330639,0.998041827,BARBUNYA
42588,765.436,280.882102,193.9428884,1.448272243,0.723353474,43076,232.8620315,0.817977528,0.988671186,0.91343856,0.82903834,0.006595334,0.00192183,0.687304569,0.99540413,SIRA
50152,836.759,315.5431206,203.7994365,1.548302223,0.763448476,50894,252.6964773,0.689734844,0.985420678,0.900113627,0.800830254,0.006291736,0.001596291,0.641329095,0.992971264,SIRA
42669,770.878,287.2991309,189.3883161,1.516984452,0.751965435,43062,233.0833716,0.801988572,0.990873624,0.902300142,0.8112916,0.006733205,0.001799325,0.65819406,0.998470156,SIRA
71656,1097.198,373.8467167,245.1558511,1.524934914,0.754964474,73142,302.0517386,0.803498542,0.979683356,0.747984177,0.807956109,0.005217242,0.001371424,0.652793074,0.995466951,BARBUNYA
24458,570.635,209.014197,149.3111557,1.399856534,0.69977949,24712,176.4678237,0.783910256,0.989721593,0.943873935,0.844286303,0.008545842,0.002678512,0.712819362,0.997844841,DERMASON
46091,809.128,306.9268149,191.5446012,1.602377791,0.781366398,46535,242.2496313,0.788608288,0.990458794,0.884690847,0.789274901,0.006659149,0.001594086,0.622954869,0.998209046,SIRA
48492,875.858,351.4417653,176.1853443,1.99472758,0.865261038,49121,248.4792386,0.617543681,0.987194886,0.794351204,0.7070282,0.007247417,0.001117146,0.499888875,0.997142126,HOROZ
25265,591.321,224.7942659,143.5736382,1.565707108,0.769464935,25562,179.3555048,0.697928177,0.988381191,0.907993127,0.797865124,0.008897458,0.002224148,0.636588756,0.99671154,DERMASON
28546,612.114,220.0364105,165.5130155,1.329420589,0.658926424,28776,190.6459967,0.73564581,0.992007228,0.957393557,0.866429316,0.007708135,0.002679548,0.750699759,0.997995716,DERMASON
63882,1004.206,411.2634035,198.7654528,2.069088957,0.875452319,64663,285.1965789,0.754704944,0.987921996,0.796054395,0.69346452,0.00643786,0.000918371,0.480893041,0.995010481,HOROZ
28196,624.647,233.9070745,153.8845783,1.520016346,0.753116076,28486,189.4736451,0.818984547,0.98981956,0.908088235,0.810038113,0.008295754,0.002203218,0.656161744,0.997376577,DERMASON
65974,1020.876,374.4587697,225.5123262,1.660480276,0.798318561,66946,289.8287524,0.766141769,0.985480835,0.795493604,0.773993764,0.005675854,0.001256495,0.599066346,0.994737852,BARBUNYA
39797,755.236,287.8634353,176.4977828,1.630974796,0.789981826,40299,225.1024526,0.682437067,0.987543115,0.876788474,0.781976538,0.007233295,0.001668364,0.611487306,0.997320385,DERMASON
42389,805.943,327.9802769,167.2015406,1.961586453,0.860298017,43060,232.3173499,0.781364055,0.984417092,0.820076525,0.708327196,0.007737391,0.001201462,0.501727417,0.984181704,HOROZ
33006,710.496,283.0203847,149.6237186,1.891547593,0.848828915,33354,204.9988888,0.635476232,0.989566469,0.821636048,0.724325525,0.008574816,0.001455927,0.524647467,0.992395653,HOROZ
49987,828.77,299.1049357,214.4676282,1.39463908,0.697040877,50520,252.2804493,0.7972154,0.989449723,0.914531972,0.843451308,0.005983654,0.001868041,0.71141011,0.992160341,SIRA
24427,583.658,215.1734347,145.5922225,1.47791847,0.736325663,24734,176.3559536,0.803942865,0.987587936,0.901079504,0.819599101,0.008808836,0.002451908,0.671742686,0.992780922,DERMASON
45576,804.721,310.5935738,187.3781201,1.657576528,0.797521597,46053,240.8924355,0.7922403,0.989642369,0.884413577,0.775587314,0.006814849,0.001521104,0.601535681,0.997091426,SIRA
48280,815.562,304.1171821,202.4372215,1.502278978,0.746259331,48680,247.935486,0.808750859,0.991783073,0.912143486,0.815262999,0.00629903,0.001716502,0.664653758,0.998495368,SIRA
45185,793.741,299.2518691,192.8424075,1.551794924,0.764675909,45569,239.8568924,0.711541187,0.991573219,0.901252583,0.801521785,0.006622814,0.001686101,0.642437172,0.996930743,SIRA
47801,863.33,358.6060299,170.263653,2.106180759,0.880097468,48372,246.7024999,0.791826796,0.98819565,0.805922315,0.687948555,0.007502061,0.001036536,0.473273214,0.996798937,HOROZ
24545,598.067,212.2481129,148.1343876,1.432807847,0.716165698,24982,176.7814035,0.761699355,0.982507405,0.862329456,0.832899766,0.008647305,0.002567033,0.69372202,0.993970353,DERMASON
51161,852.648,321.4401731,203.5386105,1.579258954,0.773981363,51700,255.2257988,0.738637676,0.989574468,0.884319768,0.794007159,0.006282914,0.001540418,0.630447369,0.995639653,SIRA
29948,636.964,231.1941469,165.4664022,1.397227134,0.69840451,30305,195.2715491,0.733803783,0.988219766,0.927572604,0.844621508,0.007719853,0.002423468,0.713385492,0.996761567,DERMASON
40176,759.93,281.0137131,182.8070817,1.53721459,0.759482903,40677,226.1717753,0.725879887,0.987683457,0.874237397,0.804842486,0.006994567,0.00181044,0.647771427,0.995763688,SIRA
39344,764.8,294.0574599,170.8502168,1.721141859,0.81389668,39803,223.8176415,0.727662801,0.988468206,0.845264475,0.761135737,0.00747401,0.001547326,0.57932761,0.997105,SIRA
60868,1018.898,416.2250284,187.5107574,2.219739466,0.892774752,61982,278.3874002,0.760869022,0.98202704,0.736779403,0.668838684,0.006838158,0.000844121,0.447345185,0.992989762,HOROZ
103801,1235.37,470.0347856,282.9014051,1.661479148,0.798591564,105041,363.5430346,0.773335817,0.988195086,0.854707078,0.773438575,0.00452823,0.000999566,0.598207229,0.993908837,CALI
45083,794.349,296.5770826,194.3932231,1.525655462,0.755233378,45589,239.5860146,0.819616399,0.988900831,0.8978421,0.807837249,0.006578468,0.001728224,0.652601021,0.995644313,SIRA
32493,664.733,246.6587413,168.0090215,1.468127956,0.732153623,32865,203.3995392,0.794158622,0.988680968,0.924070691,0.824619221,0.007591135,0.002165211,0.67999686,0.9983224,DERMASON
38613,712.049,252.2318701,195.6011238,1.289521579,0.631370412,38925,221.7286597,0.766587254,0.991984586,0.957025803,0.879066787,0.006532304,0.002406211,0.772758417,0.996488654,SEKER
26383,603.722,231.0449513,145.9625909,1.582905249,0.7751724,26630,183.2808744,0.780262029,0.990724747,0.909620077,0.793269333,0.008757342,0.002139118,0.629276234,0.996084654,DERMASON
42030,745.326,256.8478441,208.924403,1.22938173,0.581680997,42433,231.3314896,0.778765981,0.990502675,0.950772718,0.900655758,0.00611106,0.002480457,0.811180794,0.997250847,SEKER
48123,798.934,276.4188256,221.9289894,1.245528249,0.596151187,48499,247.5320315,0.756960393,0.992247263,0.947416077,0.895496285,0.005744007,0.002278504,0.801913597,0.998806038,SEKER
22227,544.406,197.9233017,143.9369164,1.375069765,0.686387682,22438,168.2269163,0.719786269,0.99059631,0.942420897,0.849960135,0.008904634,0.002866752,0.722432231,0.993394718,DERMASON
43000,968.539,348.5200766,158.3193142,2.201374345,0.890868301,44715,233.9856842,0.668210284,0.96164598,0.576028662,0.671369312,0.008105118,0.001015746,0.450736754,0.992240326,HOROZ
41487,815.9,299.046841,177.0814896,1.688752684,0.805825541,42483,229.8323062,0.68917572,0.976555328,0.783155548,0.76854952,0.007208206,0.001551295,0.590668365,0.997492788,BARBUNYA
63888,1043.617,367.8371757,221.7071419,1.659112885,0.797943887,65079,285.2099718,0.779625856,0.981699166,0.737134719,0.775370166,0.005757532,0.001283667,0.601198894,0.997456831,BARBUNYA
52345,839.624,289.346965,230.7840721,1.253756216,0.603182474,52832,258.1622048,0.762601981,0.990782102,0.933072479,0.892223648,0.005527691,0.002160819,0.796063039,0.998068983,SEKER
32782,666.759,251.2848315,166.2973185,1.511057628,0.749690918,33098,204.3020772,0.768502239,0.990452595,0.926632518,0.813029883,0.007665329,0.00206603,0.661017591,0.998835673,DERMASON
77315,1086.568,429.5829243,233.3919003,1.84060768,0.839539386,79121,313.7523154,0.724900615,0.977174202,0.822924141,0.73036496,0.005556269,0.000975265,0.533432975,0.981840831,CALI
34408,703.479,249.077025,176.3158634,1.412675072,0.706335859,34916,209.3074921,0.76039779,0.985450796,0.873709421,0.840332392,0.007238928,0.002226683,0.706158528,0.99757255,DERMASON
51680,859.263,327.6778329,201.2672654,1.628073161,0.789132493,52099,256.5170943,0.734842453,0.991957619,0.879589722,0.782833224,0.006340515,0.001468863,0.612827856,0.997728585,SIRA
44648,808.725,310.6323563,183.9106347,1.689039662,0.805899464,45229,238.4273457,0.74552498,0.987154259,0.857847592,0.767554767,0.006957363,0.001489573,0.58914032,0.995081366,HOROZ
50794,859.211,332.7816402,195.9351838,1.698427172,0.808293311,51542,254.3087286,0.818268224,0.985487564,0.864614713,0.764190983,0.006551593,0.00137827,0.583987858,0.991860846,SIRA
31033,654.47,250.5777039,157.9065157,1.586873745,0.776457308,31339,198.7773699,0.780704403,0.990235808,0.910445886,0.793276364,0.008074556,0.001972407,0.62928739,0.998599637,DERMASON
77276,1089.189,430.7430984,231.19266,1.863134835,0.843754179,78423,313.6731724,0.708616073,0.985374189,0.818555262,0.728214041,0.005574086,0.000966918,0.53029569,0.988012372,CALI
53232,880.63,348.7819052,195.4604503,1.784411653,0.828216139,53796,260.34033,0.828268683,0.989515949,0.862572673,0.746427284,0.00655211,0.001254616,0.55715369,0.994191536,SIRA
41196,756.365,274.9410719,191.2819573,1.437360197,0.71831324,41620,229.0248377,0.779562873,0.98981259,0.904903078,0.832996089,0.006673975,0.001982148,0.693882485,0.997359066,SIRA
26582,618.13,224.9146519,152.0666976,1.479052649,0.736802116,27097,183.9707954,0.751413388,0.980994206,0.874254495,0.817958252,0.008461164,0.002336331,0.669055702,0.989568608,DERMASON
45154,773.686,273.6448496,210.4505268,1.300281134,0.639171234,45500,239.7745992,0.757642874,0.992395604,0.94793076,0.876225515,0.006060257,0.002203608,0.767771152,0.998318345,SEKER
32218,653.595,222.7560714,184.4046839,1.207974042,0.560975566,32566,202.5369884,0.754431565,0.989314008,0.947743902,0.90923218,0.006914025,0.002914808,0.826703157,0.998635954,SEKER
72133,1066.766,392.2252141,235.7043101,1.664056181,0.799293197,73453,303.0554208,0.705029713,0.982029325,0.796536219,0.772656652,0.005437528,0.001195439,0.596998302,0.993438715,BARBUNYA
42586,746.12,247.4483837,219.3118287,1.128294744,0.463124497,42974,232.8565637,0.780950285,0.990971285,0.961300904,0.941030853,0.005810557,0.00281069,0.885539067,0.999149075,SEKER
50590,920.82,372.2516309,173.8599815,2.141100141,0.88423111,51320,253.7975346,0.630404984,0.985775526,0.749764816,0.681790256,0.007358206,0.000980742,0.464837953,0.995264606,HOROZ
60716,984.188,404.2630877,192.4520365,2.100591373,0.879414742,61532,278.0395875,0.819290765,0.986738608,0.787692817,0.687768921,0.006658263,0.00091899,0.473026088,0.99363452,HOROZ
173520,1589.015,589.0605955,377.2629071,1.561406077,0.768001215,175941,470.0346006,0.807009711,0.986239705,0.863581657,0.797939302,0.003394771,0.000848926,0.63670713,0.994158382,BOMBAY
52502,895.985,349.7622227,192.6507381,1.815524956,0.834634044,53247,258.5490719,0.662076445,0.986008601,0.821834244,0.739213829,0.006661884,0.001227036,0.546437085,0.992070164,HOROZ
43870,794.358,317.344816,177.0016388,1.792891965,0.830003561,44222,236.3408954,0.823324075,0.992040161,0.873665027,0.744744781,0.007233755,0.001372693,0.554644788,0.994418184,SIRA
94904,1191.159,441.7569765,274.764577,1.607765387,0.783032098,95752,347.6140471,0.808209495,0.991143788,0.84053327,0.786889773,0.004654777,0.001100866,0.619195515,0.995521117,CALI
54282,934.728,382.4225355,181.2497006,2.109920923,0.880550998,55029,262.8953955,0.602530803,0.986425339,0.780719812,0.687447446,0.007045108,0.000970567,0.472583992,0.997114852,HOROZ
206702,1735.169,663.5370804,401.7599413,1.651576009,0.79585879,209401,513.0118521,0.700684746,0.987110854,0.862722218,0.773147225,0.003210114,0.000707537,0.597756631,0.987240511,BOMBAY
42805,759.767,280.2144236,194.7269448,1.439012068,0.719085891,43198,233.4545324,0.768698931,0.990902357,0.931844643,0.833128179,0.006546301,0.001945463,0.694102563,0.998821964,SEKER
50919,841.48,313.9167923,207.1054363,1.515734198,0.75148842,51415,254.6214531,0.806445993,0.99035301,0.903653913,0.811111286,0.006165023,0.001646024,0.657901518,0.99720383,SIRA
50094,847.172,334.6608374,191.2143222,1.750187087,0.820694336,50531,252.5503153,0.767771204,0.991351843,0.87710662,0.754645561,0.006680657,0.001336506,0.569489922,0.996713908,SIRA
35980,710.63,259.9490691,176.8295109,1.470054788,0.732983186,36501,214.0354149,0.795454545,0.985726418,0.895331672,0.823374423,0.007224821,0.002048313,0.677945441,0.996616941,DERMASON
40647,737.815,247.6331774,209.1588573,1.18394784,0.535347659,41105,227.4936654,0.779394846,0.988857803,0.93830364,0.918671996,0.006092287,0.002676714,0.843958236,0.999202531,SEKER
45363,779.489,287.1038322,201.8698685,1.422222317,0.711066312,45774,240.3288694,0.818235931,0.991021104,0.938191838,0.837079977,0.006329031,0.001916835,0.700702889,0.996555286,SEKER
25994,612.498,226.9005514,146.6524853,1.547198814,0.763058566,26369,181.9246787,0.704444444,0.985778755,0.870710193,0.801781563,0.008728959,0.002225187,0.642853675,0.994622443,DERMASON
30167,641.649,235.8461337,163.5860166,1.441725513,0.720347542,30553,195.9842273,0.816737059,0.987366216,0.920761059,0.830983422,0.007818017,0.002299566,0.690533448,0.995559689,DERMASON
40666,737.662,270.0060218,192.1155691,1.4054354,0.702662528,40998,227.5468289,0.727451612,0.991902044,0.939131693,0.842747237,0.006639601,0.002065909,0.710222906,0.998172414,DERMASON
36411,717.877,273.4817534,169.9713275,1.608987571,0.783407149,36843,215.3135506,0.749290036,0.98827457,0.88785571,0.787304995,0.007510965,0.001780113,0.619849156,0.997329587,DERMASON
55668,920.338,372.1519948,191.5956406,1.942382371,0.857291275,56289,266.2305373,0.650395486,0.988967649,0.825887275,0.715381191,0.006685205,0.001080052,0.511770249,0.994053509,HOROZ
48525,817.194,291.9815395,212.9270837,1.371274779,0.684249008,49068,248.5637723,0.74552913,0.988933725,0.913114143,0.851299615,0.006017136,0.001949393,0.724711035,0.993777964,SIRA
72360,1091.04,369.6112501,250.6756945,1.474459863,0.734864032,74162,303.5318986,0.743602919,0.975701842,0.763883406,0.821219318,0.00510795,0.001433056,0.674401168,0.994377453,BARBUNYA
71973,1022.505,379.7684961,242.1072507,1.568596128,0.770439822,72745,302.7191268,0.803046025,0.989387587,0.865064697,0.7971149,0.005276541,0.001314053,0.635392164,0.996673688,BARBUNYA
171055,1550.608,581.8116212,376.6415788,1.54473551,0.76218437,172890,466.6840369,0.816803553,0.989386315,0.894008395,0.802122233,0.003401313,0.000868538,0.643400077,0.993882946,BOMBAY
75990,1047.96,409.9496981,237.5924366,1.725432442,0.81492612,76906,311.052203,0.697443899,0.988089356,0.869514635,0.758757,0.005394785,0.001102973,0.575712185,0.993352481,CALI
37513,720.028,269.5896077,177.5109275,1.518721194,0.752625608,37981,218.5475578,0.780545152,0.98767805,0.909270059,0.810667591,0.007186565,0.001914575,0.657181943,0.998076145,DERMASON
77927,1137.739,409.9604281,242.8502039,1.688120585,0.805662561,79344,314.9916475,0.773945257,0.982141057,0.756506268,0.768346469,0.005260827,0.001130999,0.590356297,0.996592617,BARBUNYA
62764,1003.767,409.2070817,198.3301993,2.063261587,0.874697352,64158,282.6899482,0.703995334,0.97827239,0.78280691,0.690823695,0.006519774,0.00091597,0.477237377,0.984665549,HOROZ
96427,1184.426,463.2794808,268.9414978,1.722603186,0.814248307,98705,350.3921654,0.734732286,0.976921129,0.863759138,0.756329991,0.004804458,0.000969772,0.572035055,0.985389408,CALI
75409,1085.018,386.6434521,249.8017629,1.547801135,0.763271535,76423,309.8608088,0.823143509,0.986731743,0.804931938,0.801412276,0.005127285,0.001304642,0.642261636,0.994093289,BARBUNYA
43897,790.024,303.3674891,184.6128481,1.643263144,0.793519165,44412,236.4136128,0.780307878,0.988404035,0.883820631,0.779297786,0.006910893,0.001572272,0.60730504,0.997961989,SIRA
44001,807.713,305.2356881,185.0656968,1.64933693,0.795232764,44708,236.6935006,0.793382618,0.984186275,0.847536216,0.775445041,0.006937017,0.001547236,0.601315011,0.991771054,SIRA
48638,874.041,301.9839706,205.4110154,1.470144968,0.733021909,49596,248.8530188,0.747747748,0.980683926,0.800058902,0.824060358,0.006208807,0.001766136,0.679075473,0.998339389,BARBUNYA
30784,643.875,228.7239641,171.6812907,1.332259113,0.660751489,31137,197.9782972,0.75830131,0.988663005,0.933107733,0.865577413,0.007429962,0.002572705,0.749224258,0.998160846,DERMASON
40769,812.578,329.6831125,158.2840497,2.082857452,0.877208474,41473,227.8348152,0.704419794,0.983025101,0.775907238,0.691072143,0.008086613,0.001137732,0.477580707,0.994732535,HOROZ
36135,694.588,257.4644772,178.996224,1.438379377,0.718790367,36464,214.4959462,0.783567525,0.990977402,0.941203148,0.833108895,0.007125072,0.002117269,0.694070432,0.998336595,DERMASON
71966,1043.71,407.1827136,226.7234458,1.795944448,0.830639824,72765,302.7044054,0.805204977,0.989019446,0.83019008,0.74341173,0.005657987,0.001066005,0.552661,0.992548454,CALI
30781,656.662,251.481513,156.0770905,1.611264743,0.784103192,31150,197.9686501,0.772615462,0.988154093,0.897033823,0.787209556,0.008170024,0.001935372,0.619698884,0.998498964,DERMASON
27502,608.272,220.4097733,159.0118595,1.386121601,0.692479632,27778,187.1273202,0.781484428,0.990064079,0.934067993,0.848997381,0.008014318,0.002568454,0.720796553,0.999111672,DERMASON
70778,1058.993,407.2359155,226.1279334,1.800909377,0.831666788,73027,300.1955171,0.789052397,0.969203171,0.793089083,0.737153836,0.005753708,0.001047997,0.543395777,0.978606551,CALI
66372,1060.47,369.2427646,230.3727641,1.602805636,0.781499421,67927,290.7016599,0.744239244,0.977107777,0.741648281,0.787291418,0.005563231,0.001318405,0.619827778,0.993463455,BARBUNYA
71461,1013.813,341.3752204,267.5111633,1.276115793,0.621230424,72475,301.6404666,0.788439472,0.986008969,0.873701823,0.883603872,0.004777084,0.001796276,0.780755803,0.996334811,BARBUNYA
41698,773.824,288.6198738,184.5802145,1.563655533,0.7687686,42268,230.4160206,0.740244985,0.986514621,0.875065776,0.798337334,0.006921672,0.001734349,0.637342499,0.996584125,SIRA
42568,767.095,283.4778528,191.7970746,1.478009263,0.736363856,43030,232.8073473,0.71231593,0.989263305,0.909064725,0.821254094,0.006659412,0.001868641,0.674458287,0.996855596,SIRA
52303,851.191,319.5957116,208.929805,1.529679844,0.756726529,52806,258.0586133,0.817745466,0.990474567,0.90715692,0.807453304,0.006110466,0.001602226,0.651980838,0.997321947,SIRA
94239,1187.663,454.0284756,268.8702925,1.688652441,0.805799709,96908,346.3940263,0.770530808,0.972458414,0.839564525,0.762934584,0.004817841,0.001006889,0.58206918,0.982912541,CALI
34792,684.517,244.6265211,181.5074662,1.347749083,0.670424368,35172,210.4722078,0.734705944,0.989195951,0.933084085,0.860381805,0.007031114,0.002376669,0.74025685,0.997680491,DERMASON
58877,964.919,376.8503384,202.2688788,1.863115772,0.843750686,60278,273.7965023,0.713816348,0.976757689,0.794646218,0.726539091,0.006400638,0.001100117,0.527859051,0.983462523,CALI
41981,844.489,334.4773407,161.0888914,2.076352614,0.876383581,42857,231.1966032,0.609197237,0.979559932,0.739732414,0.691217536,0.00796735,0.001121896,0.477781682,0.992043244,HOROZ
63701,993.831,394.5294597,206.1738483,1.913576639,0.852589256,64465,284.7922616,0.640758437,0.988148608,0.810458974,0.721852968,0.006193458,0.001037309,0.521071708,0.997110647,HOROZ
68564,1007.341,393.5252982,223.2566146,1.762659077,0.823494205,69105,295.4630199,0.724226804,0.992171333,0.849088559,0.750810739,0.005739532,0.001125066,0.563716766,0.993640474,CALI
48579,851.748,334.3338754,186.476325,1.792902532,0.83000577,49429,248.7020383,0.754918415,0.982803617,0.841465258,0.743873285,0.006882272,0.001299892,0.553347465,0.992098071,SIRA
33857,682.381,257.4506933,168.1789897,1.530813651,0.757144548,34247,207.624833,0.812776071,0.988612141,0.913701811,0.806464455,0.007604061,0.001984112,0.650384917,0.995618109,DERMASON
85329,1105.44,400.5141202,272.6878901,1.468763868,0.732427869,86101,329.612283,0.733564877,0.991033786,0.877477864,0.82297294,0.004693763,0.001328138,0.67728446,0.994770943,CALI
27246,610.019,228.2573583,152.2047616,1.499672913,0.745225914,27561,186.2543547,0.744182235,0.988570807,0.920080639,0.815984011,0.008377647,0.002291017,0.665829906,0.998527074,DERMASON
46102,839.583,308.4593486,190.8681759,1.616085799,0.785565092,46836,242.278537,0.697669492,0.984328294,0.821868542,0.785447217,0.006690802,0.001570818,0.616927331,0.997007499,SIRA
75507,1063.461,414.6505451,233.9163334,1.772644685,0.825686772,76890,310.0620878,0.70212944,0.982013266,0.838984513,0.747767226,0.005491551,0.001059109,0.559155824,0.9911846,CALI
25339,593.553,222.598198,145.1640073,1.533425551,0.758103122,25653,179.6179747,0.709438083,0.987759716,0.903816627,0.806915673,0.008784806,0.002297336,0.651112903,0.998433162,DERMASON
23740,566.508,205.0815284,147.4884517,1.39049211,0.694834318,24021,173.8582951,0.745228528,0.988301903,0.929562262,0.847752094,0.008638649,0.002752334,0.718683613,0.999323894,DERMASON
75228,1069.108,412.7023222,235.9049758,1.749443057,0.820525106,77009,309.4887146,0.768856547,0.976872833,0.827077528,0.749907858,0.00548602,0.001070209,0.562361796,0.98381994,CALI
45165,791.454,292.3904356,197.3641063,1.481477261,0.737815969,45658,239.8038032,0.809844002,0.98920233,0.906067435,0.820149273,0.006473828,0.00180681,0.67264483,0.996508021,SIRA
43862,801.371,296.0847415,188.9939903,1.566635748,0.769779023,44456,236.3193452,0.736372031,0.986638474,0.858284067,0.798147665,0.00675037,0.00168982,0.637039696,0.998009161,SIRA
32108,662.945,251.4665647,163.011202,1.542633645,0.761434332,32422,202.1909377,0.781844303,0.990315218,0.918053772,0.804047003,0.007831897,0.002019168,0.646491583,0.997299668,DERMASON
28814,619.554,228.3790911,160.7908762,1.42034857,0.7101479,29079,191.5388322,0.767186751,0.990886894,0.943311405,0.838688127,0.007925977,0.002418993,0.703397775,0.999070024,DERMASON
40209,747.442,276.4890351,186.0529408,1.486077209,0.739722045,40680,226.2646434,0.794769924,0.988421829,0.904436625,0.818349427,0.006876297,0.001902346,0.669695784,0.995219642,SIRA
91582,1202.076,436.0937539,268.1121509,1.626534838,0.788679996,93036,341.4759494,0.753538046,0.984371641,0.796445632,0.783033342,0.004761785,0.001104258,0.613141214,0.997295545,BARBUNYA
31878,667.718,254.7043231,159.7104739,1.594787849,0.778984925,32212,201.4654566,0.757827172,0.989631193,0.898493134,0.790977767,0.007989972,0.001929222,0.625645827,0.997772363,DERMASON
43846,777.155,289.9316774,193.494978,1.498393811,0.744716193,44339,236.2762389,0.792559922,0.98888112,0.912272435,0.814937647,0.0066125,0.001799049,0.664123368,0.995118344,SIRA
62770,998.834,394.3365876,204.0083008,1.932943836,0.855776562,63538,282.7034599,0.629235334,0.987912745,0.790633766,0.716909028,0.006282246,0.001023649,0.513958555,0.993453021,HOROZ
67986,1030.513,360.4515938,240.5559876,1.498410401,0.744722815,69183,294.2149957,0.722870813,0.982698062,0.80449325,0.816239963,0.00530185,0.001451706,0.666247678,0.99831245,BARBUNYA
42510,779.552,288.2366105,188.6150841,1.528173698,0.756169435,43051,232.6486902,0.799210378,0.987433509,0.879044354,0.807144831,0.006780442,0.001775185,0.651482778,0.995578845,SIRA
24569,585.552,222.7244105,140.879595,1.580955784,0.774536874,24865,176.8678105,0.824241814,0.988095717,0.900464108,0.794110579,0.009065262,0.00222374,0.630611611,0.996969074,DERMASON
53615,883.157,339.8361754,201.3683225,1.687634734,0.805537143,54275,261.2752154,0.702171408,0.987839705,0.863814208,0.768826965,0.006338453,0.001366084,0.591094903,0.997552289,SIRA
44474,791.616,302.3649058,188.0131684,1.608211321,0.783169061,44994,237.9622985,0.715764062,0.988442903,0.891839962,0.787003696,0.006798689,0.001608837,0.619374818,0.996085594,SIRA
45778,806.543,305.6474709,191.1623732,1.598889289,0.780276935,46273,241.4256819,0.696900499,0.989302617,0.884324437,0.789882806,0.006676733,0.001603225,0.623914847,0.997570766,SIRA
71437,1094.771,432.8460558,215.277561,2.010641767,0.867547899,73647,301.5898098,0.68861577,0.969991989,0.74900808,0.696759981,0.00605913,0.000880892,0.485474472,0.97611525,HOROZ
83581,1101.693,427.2737028,251.6375717,1.697972604,0.808178471,84407,326.218691,0.79728518,0.990214082,0.865358865,0.76348881,0.005112091,0.001071492,0.582915164,0.989773978,CALI
70066,1006.869,387.1512521,231.7835065,1.67031407,0.800980974,70755,298.6817737,0.797473253,0.990262172,0.868502853,0.771486007,0.005525522,0.001207439,0.59519066,0.994155333,CALI
37240,695.977,244.7527839,194.0844937,1.261063051,0.609245374,37527,217.7508683,0.789953757,0.992352173,0.966117082,0.889676779,0.006572309,0.002539959,0.79152477,0.998162642,SEKER
38424,724.492,268.5028165,182.8303832,1.468589694,0.732352799,38786,221.1853437,0.817879949,0.990666735,0.919909808,0.8237729,0.006987893,0.00198498,0.67860179,0.996587595,DERMASON
71881,1073.977,376.0912027,243.9444327,1.541708489,0.761102987,73314,302.5255885,0.781281249,0.980453938,0.783130274,0.804394217,0.005232136,0.001351247,0.647050056,0.997562564,BARBUNYA
29721,630.611,229.312892,165.3697594,1.386667628,0.692775469,29989,194.5300812,0.76977467,0.99106339,0.939182945,0.848317247,0.007715517,0.002464779,0.719642152,0.997904475,DERMASON
69479,1008.56,384.7246167,231.9380636,1.65873859,0.797841135,70402,297.4279918,0.67637238,0.986889577,0.858341169,0.773093218,0.005537279,0.001220123,0.597673123,0.991383474,CALI
78004,1080.753,433.656758,230.140815,1.884310516,0.847560932,78679,315.1472314,0.746528343,0.991420837,0.83921616,0.726720443,0.005559417,0.000956486,0.528122603,0.995146974,CALI
35826,699.05,254.24474,180.3120311,1.410026489,0.705000774,36230,213.5768712,0.697872838,0.98884902,0.921280132,0.840044405,0.007096654,0.002179929,0.705674602,0.99501988,DERMASON
47223,841.035,339.0877546,177.8068818,1.907056415,0.851491543,47634,245.2064253,0.632236384,0.991371709,0.838948494,0.723135595,0.007180564,0.001211204,0.522925089,0.997247646,HOROZ
45328,795.88,295.0024359,195.9358849,1.50560698,0.747569176,45823,240.2361382,0.778671064,0.989197565,0.89925164,0.814353066,0.006508172,0.00176559,0.663170916,0.99847476,SEKER
72431,1010.003,378.8942069,244.5432033,1.549395778,0.763833887,73434,303.6807756,0.77781596,0.986341477,0.892255056,0.801492264,0.005231106,0.00133159,0.642389849,0.99531612,CALI
35349,696.043,259.0742864,174.1960339,1.487257089,0.740207318,35723,212.1502879,0.763939315,0.989530555,0.916884975,0.81887821,0.007329041,0.002032845,0.670561523,0.997297379,DERMASON
38277,729.704,281.091512,173.6415521,1.618803268,0.786382181,38676,220.7618401,0.776724838,0.989683525,0.903346367,0.785373555,0.007343614,0.001723434,0.616811621,0.998496668,DERMASON
92476,1191.233,457.2075216,260.1276328,1.757627656,0.822373004,93866,343.1386019,0.688962563,0.985191656,0.818927525,0.75050953,0.004944067,0.000967585,0.563264554,0.990009358,CALI
29270,643.25,245.0946384,152.4239541,1.607979795,0.783097968,29649,193.0484951,0.690818976,0.987217107,0.888941122,0.787648789,0.008373578,0.001988022,0.620390615,0.997575574,DERMASON
93299,1175.123,464.3282312,258.0063331,1.79967765,0.831412924,94268,344.662119,0.786477168,0.989720796,0.849024455,0.742281205,0.004976776,0.00093197,0.550981387,0.991588888,CALI
34571,688.483,260.9495938,168.9442537,1.544589935,0.762132544,34882,209.8026794,0.791569355,0.991084227,0.916506108,0.803996957,0.007548222,0.001945549,0.646411107,0.99844009,DERMASON
41874,757.202,250.8892141,212.7029533,1.179528588,0.530321972,42388,230.9017815,0.749409407,0.987873927,0.917763556,0.920333631,0.005991527,0.002651542,0.847013993,0.999077219,SEKER
33281,682.893,261.1941933,162.5140637,1.607209784,0.782861258,33657,205.8511241,0.797569977,0.988828476,0.896810964,0.788115239,0.007848147,0.001867694,0.62112563,0.99827919,DERMASON
37194,719.414,274.6529472,172.8749915,1.5887373,0.777056638,37588,217.6163404,0.79501539,0.989517931,0.903077414,0.792332078,0.007384335,0.00179523,0.627790122,0.997393584,DERMASON
42601,793.4,297.6150349,182.7050554,1.628937055,0.789385932,43137,232.8975694,0.696094771,0.987574472,0.850443107,0.782546384,0.006986104,0.001616051,0.612378843,0.99752659,SIRA
39576,736.792,275.9812888,182.8354984,1.509451344,0.749068661,39987,224.476565,0.784988892,0.98972166,0.916119143,0.81337603,0.006973451,0.001882751,0.661580566,0.998623674,DERMASON
48436,831.069,316.266048,195.6102923,1.61681701,0.785785442,48994,248.3357215,0.796120973,0.98861085,0.881259819,0.785211448,0.006529566,0.001531125,0.616557018,0.996859875,SIRA
41641,742.564,254.8294755,208.7940341,1.220482552,0.573296408,42028,230.2584806,0.794220866,0.990791853,0.948993491,0.903578678,0.006119677,0.002516357,0.816454427,0.996468383,SEKER
55136,934.076,385.0915408,183.0237607,2.10405217,0.879838172,55684,264.9553463,0.699606649,0.990158753,0.794110051,0.688032113,0.006984394,0.00096548,0.473388188,0.996033444,HOROZ
41201,770.513,283.1399217,186.3873857,1.519093799,0.752766873,41667,229.0387358,0.785499123,0.988816089,0.872082718,0.808924204,0.006872161,0.001815116,0.654358368,0.994031738,SIRA
49011,840.74,318.6756123,196.7553529,1.619654091,0.786636988,49596,249.8054109,0.690198564,0.988204694,0.871324663,0.783886188,0.006502124,0.001514423,0.614477556,0.995241087,SIRA
61846,1001.069,345.7341462,228.9225198,1.510267083,0.749384982,63198,280.6149905,0.772804518,0.978606918,0.775520807,0.811649626,0.005590243,0.001496528,0.658775116,0.994926372,BARBUNYA
25481,602.476,229.9030678,141.6412374,1.623136538,0.787674893,25814,180.120562,0.706549468,0.987100023,0.882158919,0.783463064,0.009022529,0.002096921,0.613814373,0.996304537,DERMASON
33911,686.717,260.061908,166.5262932,1.561686765,0.768097193,34270,207.7903419,0.742587483,0.989524365,0.903638786,0.799003374,0.007668954,0.001928015,0.638406391,0.996990812,DERMASON
57074,953.638,372.8287126,197.8380897,1.884514318,0.847596865,58318,269.5716487,0.63202073,0.978668679,0.788644136,0.723044228,0.006532374,0.001101312,0.522792956,0.98521081,HOROZ
69741,1033.122,385.5547428,231.6726386,1.664222177,0.799338259,70820,297.9882533,0.768241904,0.984764191,0.821097661,0.772881825,0.00552838,0.00121683,0.597346316,0.994116985,BARBUNYA
38116,722.078,250.7483056,194.0435644,1.292226858,0.633359224,38556,220.2970687,0.756570067,0.988588028,0.918647623,0.878558554,0.006578558,0.002417649,0.771865132,0.997424855,SEKER
69162,1066.29,440.0685215,200.5771409,2.194011339,0.890089309,69867,296.7487041,0.654162647,0.989909399,0.76441066,0.67432386,0.006362866,0.000811534,0.454712668,0.99764475,HOROZ
42008,773.158,294.4922025,181.8473586,1.619447237,0.786575083,42547,231.2709381,0.69223037,0.987331657,0.883090802,0.785321092,0.007010384,0.001644791,0.616729218,0.998760428,DERMASON
43625,773.25,286.9856181,193.952897,1.479666571,0.737059431,44068,235.680027,0.710042318,0.989947354,0.91686511,0.821225916,0.006578467,0.001845674,0.674412005,0.997904898,SIRA
102015,1271.97,456.791895,286.8944214,1.592195111,0.778161905,103901,360.4019037,0.804972738,0.981848105,0.792355654,0.788984891,0.004477693,0.001070308,0.622497159,0.991136932,BARBUNYA
41334,734.848,261.4167748,201.6866298,1.296153221,0.636212678,41654,229.4081152,0.783137552,0.992317665,0.961883037,0.877556979,0.006324497,0.0023137,0.770106252,0.998175699,SEKER
31662,653.783,239.9024277,168.4215048,1.42441684,0.712135852,32034,200.7817483,0.80140731,0.988387338,0.930852697,0.836930874,0.007576983,0.00229316,0.700453287,0.997737458,DERMASON
49315,827.606,311.6512701,201.9701188,1.543056329,0.76158547,49863,250.5789459,0.736880641,0.989009887,0.904777184,0.804036338,0.006319604,0.001629192,0.646474433,0.997546465,SIRA
26998,602.311,224.791428,153.1048638,1.468218726,0.732192797,27240,185.4047497,0.730346805,0.991116006,0.935190029,0.824785675,0.008326225,0.002376798,0.68027141,0.998787223,DERMASON
41556,774.665,275.4594852,194.3070651,1.417650383,0.70881688,42272,230.0233521,0.753590599,0.983062074,0.870193294,0.8350533,0.006628633,0.001988202,0.697314014,0.988547478,SIRA
50499,851.764,327.7516554,196.9155463,1.664427525,0.799393982,51124,253.5691696,0.714473684,0.987774822,0.874689838,0.773662514,0.00649026,0.001434327,0.598553685,0.996249229,SIRA
35605,694.737,245.5544517,184.7444941,1.329157076,0.658756145,35968,212.9171059,0.742621754,0.989907696,0.927000559,0.867087135,0.006896628,0.002404737,0.751840099,0.999313588,SEKER
30419,664.531,239.4677133,162.3736395,1.474794271,0.735005932,30968,196.8011019,0.793277004,0.982272023,0.865614068,0.82182729,0.007872307,0.002215155,0.675400095,0.996076191,DERMASON
42414,768.017,289.0165233,187.3363113,1.542768304,0.761482498,42814,232.3858474,0.797315588,0.990657262,0.903602512,0.804057307,0.006814177,0.001756876,0.646508152,0.997412286,SIRA
37670,714.858,266.0117683,180.7283497,1.471887331,0.733768269,38024,219.0044147,0.797147452,0.99069009,0.926330408,0.823288444,0.007061634,0.002001212,0.677803861,0.997650916,DERMASON
41532,776.965,299.8327941,176.7511302,1.696355739,0.807769111,41939,229.9569194,0.79540362,0.990295429,0.864549369,0.766950527,0.00721932,0.001540797,0.588213111,0.997818686,SIRA
37500,728.191,275.840463,173.8182658,1.586947504,0.776481079,37944,218.5096861,0.703406363,0.988298545,0.888690459,0.792159655,0.007355746,0.001786723,0.62751692,0.995836409,DERMASON
42934,761.128,276.0931486,198.827947,1.388603327,0.693820411,43347,233.8060449,0.806499483,0.990472236,0.931313328,0.846837548,0.006430641,0.00204002,0.717133832,0.995814425,SIRA
31579,736.514,250.3311924,161.2805206,1.55214772,0.764799322,32458,200.5184071,0.689121658,0.972918849,0.731553722,0.801012471,0.007927141,0.002013045,0.641620979,0.99589054,DERMASON
33125,678.046,251.3819485,168.7421694,1.489739935,0.741223692,33533,205.3681083,0.806314201,0.987832881,0.905414477,0.816956466,0.007588889,0.002085228,0.667417868,0.994279051,DERMASON
34053,671.582,232.4361441,186.7914403,1.24436186,0.595136326,34362,208.2249414,0.743986367,0.991007508,0.948783552,0.895837186,0.006825717,0.002711717,0.802524265,0.998630587,SEKER
68256,1015.699,395.5950337,221.897243,1.782784808,0.827869879,69414,294.7986404,0.797569526,0.983317486,0.831420346,0.745203087,0.005795755,0.001102525,0.555327641,0.990029682,CALI
27888,618.792,228.801308,155.4945646,1.471442481,0.733578037,28201,188.4359425,0.758176331,0.988901103,0.915246029,0.823578957,0.008204292,0.002328316,0.678282298,0.998053387,DERMASON
44868,898.66,271.6077667,210.9555106,1.287512072,0.629880886,45687,239.0140412,0.737802772,0.982073675,0.698161269,0.879997079,0.006053485,0.002239289,0.774394858,0.997042729,SEKER
63096,1010.607,402.1450405,202.8656443,1.982322053,0.863435707,64321,283.4366284,0.708052788,0.980954898,0.776331285,0.704811946,0.006373543,0.000970183,0.496759879,0.984738063,HOROZ
80599,1106.493,434.3949103,239.2806599,1.815420061,0.83461304,82146,320.3464282,0.675667293,0.981167677,0.827260286,0.737454378,0.005389582,0.000983276,0.543838959,0.987296157,CALI
82632,1104.57,384.8359963,275.5373077,1.396674735,0.698114313,83677,324.3614189,0.764113518,0.987511503,0.851082462,0.842856235,0.004657227,0.001449844,0.710406633,0.992206995,BARBUNYA
26264,595.114,219.8883961,152.2208553,1.444535281,0.721644189,26551,182.8670648,0.799951267,0.989190614,0.931902334,0.831635812,0.008372236,0.002470324,0.691618124,0.999066781,DERMASON
44515,757.601,265.5904698,213.9674526,1.241265747,0.592420038,44780,238.0719604,0.771744595,0.99408218,0.97461965,0.896387437,0.005966314,0.002376123,0.803510437,0.997369982,SEKER
58984,924.535,349.1392395,215.5429853,1.619812581,0.786684399,59646,274.0451811,0.684777561,0.988901184,0.867156275,0.78491659,0.005919219,0.00138592,0.616094053,0.997956898,BARBUNYA
36670,717.172,273.8378844,171.0149475,1.601251168,0.781015497,37023,216.0779815,0.803637957,0.990465386,0.895930091,0.789072637,0.007467627,0.00178579,0.622635626,0.996996024,SIRA
32988,676.797,224.7517099,187.1772945,1.20074238,0.553546741,33461,204.9429826,0.766699205,0.98586414,0.905000877,0.911863953,0.006813135,0.002905675,0.831495868,0.998412327,SEKER
34305,677.703,242.4443654,180.5545652,1.342776158,0.667370614,34672,208.9939774,0.739969802,0.98941509,0.93861712,0.862028602,0.007067319,0.00240725,0.743093311,0.997807981,DERMASON
37540,711.089,235.930872,202.9740175,1.162369819,0.509768874,38001,218.6261936,0.766748366,0.98786874,0.932945365,0.926653607,0.006284786,0.002858512,0.858686907,0.998111745,SEKER
72848,1037.806,398.8815518,235.1223031,1.696485389,0.807801987,74019,304.553697,0.786355786,0.984179738,0.849953453,0.763519134,0.005475532,0.001147852,0.582961468,0.988985613,CALI
83810,1123.285,442.5761071,243.2735867,1.819252608,0.835377753,84912,326.6652817,0.7957124,0.987021858,0.834691106,0.738099677,0.005280708,0.00096679,0.544791133,0.99111269,CALI
48388,866.233,349.800953,177.5410253,1.970254212,0.861623061,48990,248.2126409,0.621825846,0.987711778,0.81036017,0.709582518,0.007229085,0.001130511,0.503507349,0.992037476,HOROZ
82058,1124.551,446.2305721,235.792288,1.892473142,0.848989894,82908,323.2328736,0.721642775,0.989747672,0.815403328,0.724362905,0.00543799,0.000923513,0.524701618,0.99298372,CALI
50643,908.066,385.0921329,168.1999762,2.289489818,0.899569072,51253,253.9304438,0.703814884,0.988098258,0.771781668,0.659401795,0.007604055,0.0008868,0.434810728,0.995494733,HOROZ
71534,1016.281,393.7913059,232.8534887,1.691154846,0.806442947,72173,301.7944956,0.753655864,0.991146274,0.87035166,0.766381815,0.005504953,0.001171424,0.587341086,0.993284724,CALI
40318,756.566,280.4040598,183.9231186,1.524572125,0.754828902,40856,226.571119,0.706453365,0.986831799,0.885146597,0.808016543,0.006954811,0.001828715,0.652890733,0.995379013,SIRA
40778,725.165,254.1433484,204.3979634,1.24337515,0.594274212,41037,227.8599617,0.802779746,0.993688622,0.974455735,0.896580466,0.006232364,0.002484218,0.803856532,0.999495236,SEKER
59490,970.189,404.5972719,188.5002595,2.146401671,0.884839475,60130,275.2181326,0.60512664,0.989356394,0.794220587,0.680227356,0.006801097,0.000898204,0.462709256,0.993159921,HOROZ
42049,770.185,290.1634033,185.0516851,1.568012759,0.7702435,42503,231.3837713,0.756005034,0.989318401,0.890790186,0.797425756,0.006900602,0.001721186,0.635887837,0.997080241,DERMASON
29694,635.714,239.4447437,158.3680893,1.511950702,0.750035805,30015,194.4417009,0.781400489,0.989305347,0.923325897,0.812052492,0.008063742,0.002162981,0.65942925,0.997024517,DERMASON
58879,953.706,346.4185229,218.8363498,1.583002656,0.775204079,60225,273.8011526,0.751793968,0.977650477,0.813469472,0.790376768,0.005883567,0.001416306,0.624695436,0.988894534,BARBUNYA
39758,768.26,283.8252744,179.8064351,1.578504542,0.773733679,40475,224.9921284,0.673407859,0.982285361,0.846482433,0.792713506,0.007138822,0.001738887,0.628394703,0.991923892,SIRA
82805,1130.202,394.8044776,268.0019704,1.473140205,0.734302849,84138,324.7007861,0.724656072,0.98415698,0.814618526,0.822434406,0.004767882,0.001345583,0.676398353,0.996429608,BARBUNYA
30132,641.444,235.3682107,164.047866,1.434753261,0.717086723,30578,195.870503,0.769773145,0.98541435,0.92028073,0.832187586,0.007811238,0.002310918,0.692536178,0.99361854,DERMASON
46590,814.364,308.8688781,192.6788031,1.603024687,0.781567477,47140,243.5574478,0.734950782,0.988332626,0.882806334,0.788546419,0.00662951,0.00158114,0.621805455,0.996769495,SIRA
41326,742.671,273.5735168,192.8118431,1.41886262,0.709416126,41701,229.3859137,0.777886534,0.99100741,0.941543314,0.838479969,0.006619889,0.002018372,0.703048658,0.99752946,SEKER
77490,1068.934,422.1588211,235.3673085,1.793617065,0.83015504,78083,314.1071988,0.811158798,0.992405517,0.852223965,0.744049829,0.005447914,0.001029955,0.553610148,0.99296461,CALI
43506,789.994,310.1025768,179.5050458,1.727542396,0.815429077,43952,235.3583643,0.703070459,0.989852566,0.876014781,0.758969392,0.007127812,0.001458925,0.576034539,0.995124087,SIRA
81817,1092.464,404.7418654,258.0855879,1.568246676,0.770322252,82640,322.7578656,0.732339778,0.990041142,0.861467992,0.797441266,0.004946916,0.001233983,0.635912573,0.997267779,CALI
35512,740.643,294.1826768,154.5956906,1.902916411,0.850787944,35978,212.6388551,0.72209683,0.98704764,0.813517971,0.722812293,0.008284036,0.001394838,0.522457611,0.994193161,HOROZ
53363,904.64,327.0878319,208.0485855,1.572170419,0.771636833,54318,260.6604723,0.717244624,0.982418351,0.819404845,0.796912777,0.006129487,0.00152492,0.635069973,0.998438227,BARBUNYA
80416,1078.826,413.6205544,248.9445673,1.661496609,0.798596331,81066,319.9825483,0.792275862,0.991981842,0.868259456,0.77361375,0.005143511,0.001136413,0.598478235,0.994369558,CALI
64697,1007.552,398.9407032,208.7410328,1.911175287,0.852186447,65497,287.0100675,0.784510356,0.9877857,0.800864546,0.719430394,0.006166294,0.001018965,0.517580093,0.989186282,HOROZ
30197,651.906,242.9028407,158.8431898,1.52919896,0.756548883,30602,196.0816527,0.748933532,0.986765571,0.892901817,0.807243144,0.008043939,0.002107007,0.651641493,0.996489493,DERMASON
40896,760.258,286.5936294,183.3447328,1.563140785,0.768593357,41290,228.1894047,0.812750904,0.990457738,0.889137032,0.796212411,0.007007865,0.001737326,0.633954204,0.990959671,SIRA
45833,798.839,296.7775226,197.1310702,1.505483242,0.747520671,46375,241.5706689,0.788321293,0.988312668,0.902546591,0.813978993,0.006475193,0.001753417,0.6625618,0.997475687,SIRA
43565,787.569,294.3791642,188.835015,1.558922556,0.767149221,44055,235.517899,0.743049633,0.988877539,0.882613073,0.800049486,0.00675724,0.001707719,0.64007918,0.997833871,SIRA
71810,1055.735,385.0461833,246.3794294,1.562817903,0.768483326,75224,302.3761428,0.734839647,0.954615548,0.809626941,0.785298377,0.005362013,0.001257901,0.616693541,0.963779706,CALI
47089,844.194,343.8945066,176.1705569,1.952054377,0.858818008,47624,244.8582793,0.817602528,0.988766168,0.830318682,0.712015675,0.007303075,0.001157827,0.506966321,0.989625827,HOROZ
35976,702.411,265.271878,173.2279745,1.531345492,0.757340231,36316,214.0235171,0.806076494,0.990637735,0.916305156,0.806808165,0.007373579,0.001927255,0.650939415,0.996813139,DERMASON
63408,1005.966,412.5516489,196.3377049,2.101234957,0.879493659,64200,284.1365395,0.798790627,0.987663551,0.787385321,0.688729618,0.006506303,0.000903044,0.474348486,0.996717621,HOROZ
43415,784.119,291.7272259,190.1964475,1.533820582,0.758247568,43938,235.1120899,0.783395586,0.988096864,0.887331123,0.805931257,0.006719503,0.001748674,0.649525192,0.996255107,SIRA
69728,1020.06,386.0452276,232.194347,1.662595289,0.798895925,70902,297.9604789,0.72148585,0.983441934,0.842103819,0.771827904,0.005536445,0.001211972,0.595718313,0.990438462,CALI
93368,1170.46,442.9813402,269.07607,1.646305226,0.794380261,94486,344.7895442,0.73505377,0.988167559,0.85643571,0.778338754,0.004744466,0.001074093,0.605811215,0.99735017,BARBUNYA
55272,938.937,389.9998783,180.8831036,2.15608794,0.885938373,55781,265.2819182,0.596053057,0.990875029,0.787847456,0.680210259,0.007056012,0.000931777,0.462685996,0.997591697,HOROZ
35867,709.926,263.9178839,173.2989923,1.522904897,0.754204312,36262,213.6990471,0.788476335,0.989107054,0.89429078,0.809717947,0.007358237,0.001951141,0.655643154,0.998482169,SIRA
87350,1153.405,453.1984366,249.4252906,1.816970667,0.834923102,89713,333.4928399,0.764377472,0.973660451,0.8251048,0.735864939,0.005188305,0.000938421,0.541497208,0.983884544,CALI
34768,710.766,267.8747111,165.8074215,1.615577328,0.785411653,35200,210.3996019,0.687848692,0.987727273,0.864841026,0.785440332,0.007704634,0.001808775,0.616916515,0.996676335,DERMASON
39834,723.396,258.4963084,196.3030168,1.316822902,0.650619884,40145,225.2070692,0.774980545,0.992253083,0.956558592,0.871219673,0.006489338,0.002306168,0.759023718,0.999499816,SEKER
78575,1082.541,427.9567886,237.1911417,1.804269694,0.832356331,79990,316.2985887,0.763101158,0.982310289,0.842569135,0.739090014,0.005446475,0.001002501,0.546254048,0.985589624,CALI
51381,857.648,328.4885251,200.838672,1.635584032,0.791319852,51969,255.7739648,0.806077625,0.988685563,0.877797335,0.778638964,0.006393191,0.001449579,0.606278636,0.991619656,SIRA
46274,834.059,318.9300788,185.9829343,1.714835181,0.812367066,46945,242.7300696,0.663940542,0.985706678,0.835898143,0.761076128,0.006892209,0.00142643,0.579236873,0.993295768,SIRA
72373,1041.799,335.8512882,275.5786822,1.218712875,0.571592244,73521,303.5591632,0.786654493,0.984385414,0.837950891,0.90384993,0.004640561,0.001910449,0.816944696,0.995621019,BARBUNYA
75956,1140.196,396.8617552,244.9,1.62050533,0.786891435,77495,310.9826086,0.763162125,0.980140654,0.734197538,0.783604377,0.00522489,0.00121519,0.61403582,0.995048319,BARBUNYA
114858,1300.819,512.7366417,287.561719,1.783049022,0.827926189,115826,382.4156739,0.688712734,0.991642636,0.852977097,0.745832544,0.004464092,0.000852076,0.556266184,0.991849875,CALI
33605,687.435,258.6914132,166.5981966,1.552786396,0.765022475,34026,206.8507068,0.721818885,0.987627109,0.893615069,0.79960407,0.007698004,0.001941144,0.639366668,0.992799864,DERMASON
81589,1105.07,431.5228588,242.8063599,1.777230461,0.826679405,82925,322.3078361,0.709642348,0.983889056,0.839579636,0.746907909,0.005288983,0.00101536,0.557871424,0.991466089,CALI
35858,696.918,260.7961094,175.4728189,1.486247905,0.739792342,36151,213.672234,0.822506652,0.991895107,0.927753419,0.819307598,0.007273024,0.002021542,0.67126494,0.997666111,DERMASON
88464,1128.201,428.3970581,265.0758936,1.616129827,0.78557837,89654,335.6126682,0.784060694,0.98672675,0.873380469,0.78341497,0.004842615,0.001125193,0.613739015,0.991881927,CALI
43303,762.695,265.1642832,208.4373741,1.272153251,0.618138994,43727,234.8086285,0.749575904,0.990303474,0.935461785,0.885521329,0.006123462,0.002322592,0.784148024,0.997556459,SEKER
39180,709.775,243.8445023,204.6504117,1.191517282,0.543720977,39457,223.350678,0.757306324,0.992979699,0.977311252,0.915955356,0.006223698,0.00270225,0.838974215,0.999652276,SEKER
42140,779.769,289.6573573,187.096078,1.548174394,0.763403358,42663,231.6340096,0.758131836,0.987741134,0.870908369,0.799682811,0.006873691,0.001733967,0.639492598,0.990046065,SIRA
46922,830.981,324.1833404,186.3345591,1.739791813,0.818306987,47677,244.4237016,0.695635415,0.984164272,0.853894451,0.753967497,0.006908984,0.001377224,0.568466986,0.989014208,SIRA
34787,677.348,230.8566379,192.6459316,1.198346811,0.551033739,35126,210.4570836,0.726833957,0.990349029,0.952803043,0.911635401,0.006636291,0.002827417,0.831079104,0.995920994,SEKER
56235,1023.117,321.7252343,223.7695959,1.437752224,0.718496924,57765,267.5829326,0.746971468,0.973513373,0.675096664,0.831712604,0.005721085,0.001688695,0.691745856,0.994559144,BARBUNYA
152884,1469.576,523.1943401,374.4005792,1.397418618,0.698504995,154335,441.2005831,0.776127889,0.990598374,0.889585713,0.843282408,0.003422165,0.001067512,0.71112522,0.993739623,BOMBAY
32244,674.342,253.4801708,162.4702254,1.560163841,0.767575682,32628,202.6186958,0.801093168,0.988230967,0.891042373,0.799347322,0.007861313,0.00197978,0.638956142,0.996876268,DERMASON
221428,1812.571,679.7200367,417.6382009,1.627533198,0.788973839,225247,530.9716432,0.805339153,0.983045279,0.846939419,0.781162265,0.003069711,0.000705086,0.610214484,0.99314433,BOMBAY
50724,849.547,316.3740285,205.1892038,1.541864887,0.761159054,51283,254.1334348,0.694487801,0.989099702,0.883178599,0.803268953,0.006237166,0.00160181,0.645241011,0.994874459,SIRA
35536,709.556,271.8795357,168.0718547,1.617638695,0.786032625,36063,212.7106966,0.796164359,0.985386684,0.886962077,0.782371119,0.00765082,0.001768231,0.612104568,0.990164035,DERMASON
27783,616.311,228.8146888,154.970178,1.476507879,0.735731128,28100,188.0808716,0.778453348,0.988718861,0.919155869,0.821979011,0.00823578,0.002319143,0.675649494,0.997601802,DERMASON
30344,648.551,244.314525,158.6025749,1.540419664,0.760640158,30722,196.5583393,0.705674419,0.987696114,0.906555563,0.804529895,0.008051494,0.002080774,0.647268353,0.997064898,DERMASON
75626,1096.341,371.1089149,260.3265624,1.425551475,0.712686273,77287,310.3063225,0.767994963,0.978508675,0.790659845,0.83615971,0.00490716,0.001479677,0.69916306,0.996692931,BARBUNYA
40750,750.179,280.4955457,185.4079924,1.512855741,0.750384529,41120,227.7817189,0.799521268,0.991001946,0.909929346,0.812068934,0.006883326,0.001846502,0.659455954,0.997661726,SIRA
86784,1143.973,429.6761243,260.0683427,1.652166195,0.796023296,88254,332.4106205,0.680605443,0.983343531,0.833331846,0.773630653,0.004951098,0.001093997,0.598504387,0.988828716,CALI
84629,1124.297,448.1926562,243.1812137,1.843039803,0.840002919,86214,328.2575048,0.75759122,0.981615515,0.841331151,0.732402685,0.00529597,0.000939994,0.536413693,0.988631787,CALI
26132,595.893,217.0295554,153.5568195,1.41335016,0.706674552,26473,182.406951,0.73632009,0.987118951,0.924796007,0.840470556,0.008305126,0.002556325,0.706390755,0.998377487,DERMASON
38898,728.258,255.2031052,194.6186372,1.311298388,0.646866882,39279,222.5454376,0.738522878,0.99030016,0.921651232,0.87203264,0.006560828,0.002340289,0.760440926,0.99716496,SEKER
63048,967.121,358.5487664,224.3681398,1.59803779,0.780009695,63896,283.3287963,0.751752754,0.986728434,0.847070488,0.790209932,0.005686917,0.001367813,0.624431737,0.997865512,BARBUNYA
23618,576.368,211.3638439,142.981589,1.478259162,0.736468931,23943,173.4109903,0.699419569,0.986426095,0.893415043,0.820438288,0.008949269,0.002501215,0.673118985,0.995044306,DERMASON
37149,713.446,266.1961182,177.8854551,1.49644679,0.743937124,37584,217.4846566,0.770246734,0.988425926,0.917138188,0.817009121,0.007165633,0.001969436,0.667503904,0.998884074,DERMASON
58804,989.481,409.5472497,184.202028,2.223359071,0.893144463,59557,273.6267132,0.790100234,0.98735665,0.754747728,0.668120012,0.006964615,0.000856042,0.44638435,0.992472693,HOROZ
60918,939.729,347.6327034,223.8423141,1.553024971,0.765105746,61747,278.5017174,0.821661721,0.986574247,0.866862552,0.801137852,0.005706568,0.001450053,0.641821858,0.996765373,BARBUNYA
23687,573.605,213.4650262,141.4477461,1.509144063,0.748949338,23983,173.6641157,0.737223778,0.987657924,0.904678079,0.813548331,0.009011906,0.002435173,0.661860886,0.998843427,DERMASON
68897,1027.553,400.6362934,220.5823919,1.816265976,0.834782304,69754,296.1796497,0.700229693,0.987713966,0.819977079,0.739273138,0.005815003,0.001071395,0.546524772,0.992634349,CALI
41423,738.127,267.2506913,197.7869605,1.351204805,0.672518559,41677,229.6549622,0.754407372,0.993905511,0.955408783,0.859324109,0.006451746,0.002170126,0.738437924,0.997780871,SEKER
48186,863.853,353.6268329,175.213263,2.018265209,0.868622186,48932,247.6940062,0.69837819,0.984754353,0.811429978,0.700438946,0.007338788,0.001089646,0.490614717,0.990190615,HOROZ
32685,670.674,252.5139393,165.2260746,1.528293521,0.756213831,33102,203.9995944,0.711022646,0.987402574,0.91313589,0.807874587,0.007725683,0.002029983,0.652661348,0.99745811,DERMASON
26689,604.602,223.6594583,152.2521771,1.469006635,0.732532444,26962,184.3406906,0.736370158,0.989874638,0.917493522,0.824202526,0.008380211,0.002385451,0.679309804,0.99791061,DERMASON
30615,650.134,233.0707107,168.0749721,1.386706824,0.692796688,31061,197.4341122,0.828327922,0.985641158,0.910203225,0.847099627,0.007612958,0.002418083,0.717577779,0.995070003,DERMASON
61678,995.791,402.5053174,196.8881926,2.044334462,0.872195892,62407,280.2335966,0.60801246,0.988318618,0.781634559,0.69622334,0.006525914,0.000945835,0.48472694,0.990943987,HOROZ
176818,1633.063,643.6465922,353.8156187,1.819158223,0.835358987,178964,474.4804209,0.730701203,0.988008762,0.833163929,0.73717538,0.003640164,0.000663108,0.54342754,0.988580678,BOMBAY
35249,706.381,272.6598718,165.2835727,1.649648948,0.795320184,35703,211.8499958,0.751609877,0.987283982,0.8877254,0.776975337,0.007735251,0.001738934,0.603690674,0.995877686,SIRA
41979,757.238,272.5799202,196.580706,1.386605663,0.692741921,42362,231.191096,0.72238092,0.990958878,0.919977389,0.848158939,0.006493245,0.002072767,0.719373586,0.997487488,DERMASON
63015,970.092,351.9240147,228.2761847,1.541658912,0.761085211,63991,283.2546379,0.709668337,0.984747855,0.841449309,0.804874422,0.005584766,0.001445763,0.647822835,0.998721848,BARBUNYA
31283,655.438,239.8353414,166.3635722,1.441633756,0.720305031,31666,199.5764332,0.743523316,0.987905009,0.915071492,0.832139384,0.007666635,0.002267613,0.692455954,0.998267878,DERMASON
44979,827.587,316.0904801,181.9461309,1.737275085,0.817721487,45655,239.3095098,0.707784544,0.985193298,0.825262934,0.757091798,0.007027512,0.001424215,0.57318799,0.995785215,SIRA
40098,755.262,294.8817146,174.2631647,1.692163201,0.806701192,40725,225.9521172,0.689490336,0.984604052,0.88335914,0.76624662,0.007354026,0.001563793,0.587133883,0.993526351,DERMASON
27975,622.083,238.0393937,150.0616052,1.586277805,0.776265107,28261,188.729638,0.761431682,0.989880047,0.9084129,0.79285044,0.008509004,0.002074071,0.62861182,0.997152978,DERMASON
34627,686.753,254.3772765,173.8902109,1.462861396,0.729864578,35009,209.9725356,0.718164095,0.98908852,0.922621563,0.82543747,0.007346212,0.002103681,0.681347017,0.996716248,DERMASON
46863,867.433,347.4427551,172.1287909,2.018504594,0.868655702,47538,244.2699834,0.700702751,0.985800833,0.782650867,0.70305102,0.00741401,0.001117327,0.494280737,0.997707938,HOROZ
21479,543.924,198.629807,137.8868094,1.440527981,0.719791885,21762,165.3720417,0.736692276,0.986995681,0.912320593,0.832564076,0.009247628,0.002740822,0.69316294,0.99852061,DERMASON
60353,950.902,344.2840281,224.5974163,1.532893983,0.75790853,61174,277.2071901,0.78564176,0.986579266,0.838759023,0.805170056,0.005704506,0.001478932,0.648298819,0.993773359,BARBUNYA
29155,628.707,230.6324363,161.2377084,1.430387709,0.715013004,29549,192.6688842,0.787951677,0.986666215,0.926885991,0.835393699,0.007910562,0.002376577,0.697882633,0.998242741,DERMASON
64717,954.219,329.0857416,250.6054893,1.313162543,0.648141,65499,287.0544262,0.789992798,0.988060886,0.893165875,0.872278528,0.005084997,0.001815897,0.76086983,0.999145761,BARBUNYA
73501,1247.283,354.308875,265.507911,1.334456942,0.662153191,75625,305.9156416,0.687387775,0.97191405,0.59370828,0.863415125,0.004820463,0.001652522,0.745485678,0.994818538,BARBUNYA
43282,822.236,311.418956,177.8458297,1.751061335,0.820892864,44083,234.7516858,0.663936187,0.98182973,0.804496594,0.753813091,0.007195115,0.001433086,0.568234176,0.995012895,SIRA
43103,775.123,293.1175321,187.6114003,1.562365249,0.768328929,43528,234.2657553,0.770108987,0.99023617,0.901521555,0.799221233,0.006800397,0.001711521,0.638754579,0.997967956,SIRA
55138,925.042,385.2023532,183.8776995,2.09488347,0.878711338,55683,264.9601518,0.810185729,0.990212453,0.809725786,0.687846659,0.00698615,0.000964682,0.473133026,0.991158556,HOROZ
40158,760.511,278.4493429,184.9811308,1.505285116,0.747442975,40687,226.1211039,0.687955048,0.986998304,0.872511057,0.812072679,0.006933845,0.001860088,0.659462036,0.992678388,SIRA
39661,749.249,287.2370131,176.0801754,1.631285364,0.790072409,40097,224.7174973,0.706642198,0.989126369,0.887812346,0.782341715,0.007242304,0.001673564,0.612058558,0.998442168,DERMASON
41418,782.706,296.516688,179.2053998,1.654619159,0.796704774,42087,229.6411014,0.751278796,0.984104355,0.849574878,0.774462655,0.007159126,0.001588699,0.599792404,0.992428003,SIRA
37191,731.21,287.206297,166.6151816,1.723770273,0.814528382,37794,217.607564,0.721846978,0.984045087,0.874104741,0.757669892,0.007722468,0.001569842,0.574063665,0.989553881,DERMASON
28334,624.311,231.7847752,155.9701258,1.486084428,0.739725019,28679,189.9367507,0.718772197,0.987970292,0.913515203,0.819453092,0.008180447,0.002275376,0.67150337,0.997910702,DERMASON
54821,940.045,389.1195554,180.0791384,2.160825284,0.886469957,55488,264.1973979,0.605409047,0.987979383,0.779577919,0.678962016,0.007098002,0.00093046,0.46098942,0.996117594,HOROZ
60775,988.585,391.361951,198.5519004,1.971081366,0.861748489,61744,278.1746454,0.652148253,0.984306167,0.781460082,0.710786127,0.006439522,0.001013886,0.505216918,0.995823653,HOROZ
55246,926.565,363.2898268,194.0522279,1.872123967,0.845388038,55923,265.2195164,0.74315308,0.987894069,0.80864689,0.73004939,0.006575858,0.001152235,0.532972112,0.997789864,HOROZ
33665,681.813,256.2978833,167.6008572,1.529215826,0.756555117,34054,207.0352851,0.727891892,0.988576966,0.910034648,0.807791631,0.007613185,0.001999602,0.652527318,0.997855102,DERMASON
49345,847.426,327.1755275,193.0762219,1.694540758,0.807307947,49928,250.6551522,0.818447198,0.988323185,0.863474364,0.76611828,0.006630368,0.001408967,0.586937218,0.994589039,SIRA
169095,1529.214,547.6732621,394.2119678,1.389286239,0.69418765,171300,464.0026302,0.78006643,0.987127846,0.908665626,0.847225275,0.00323885,0.001029357,0.717790667,0.997216696,BOMBAY
43471,771.879,284.2202125,195.2462163,1.455701513,0.726700888,43891,235.2636739,0.823314394,0.99043084,0.916876927,0.827751383,0.006538157,0.001893367,0.685172352,0.997406429,SIRA
36952,696.83,242.2198163,194.4135448,1.245899902,0.596473597,37282,216.9072328,0.786296415,0.991148544,0.956299952,0.895497471,0.006554985,0.002600213,0.80191572,0.999106716,SEKER
46180,850.826,344.0814557,172.3668752,1.996215661,0.865477454,46881,242.483406,0.619084645,0.985047247,0.801645367,0.70472675,0.007450876,0.001133627,0.496639792,0.991400131,HOROZ
49574,888.851,362.9479577,174.2002293,2.083510217,0.877290784,50172,251.2360985,0.616714769,0.988081001,0.788507622,0.692209704,0.007321337,0.001036862,0.479154275,0.998322828,HOROZ
76301,1048.715,403.6541958,243.5264034,1.657537705,0.797510908,77582,311.688066,0.791668396,0.983488438,0.8718166,0.77216605,0.005290287,0.001160117,0.596240409,0.98829096,CALI
33468,683.722,255.9969811,166.8002313,1.534751955,0.758587581,33849,206.4286344,0.706075949,0.988744128,0.899664359,0.806371362,0.007649007,0.001994919,0.650234774,0.99794909,DERMASON
30727,664.146,235.9200434,167.0459882,1.412305952,0.706150396,31212,197.7949228,0.703440855,0.984461105,0.875392662,0.838398128,0.007677939,0.002340053,0.702911422,0.992725984,DERMASON
35442,706.77,272.2576727,166.2076726,1.638057188,0.792032214,35845,212.4291787,0.777577885,0.988757149,0.891603719,0.780250476,0.007681781,0.001756216,0.608790805,0.997234154,DERMASON
25577,585.902,209.4219741,155.888184,1.343411468,0.667763414,25895,180.4595463,0.762718435,0.987719637,0.936288106,0.861703014,0.008187902,0.002784728,0.742532084,0.997526117,DERMASON
51005,878.96,351.1326395,186.7294595,1.880435151,0.846875125,51834,254.8363847,0.793728603,0.984006637,0.829629895,0.72575533,0.006884279,0.001178146,0.526720799,0.990464306,HOROZ
37884,703.214,246.5148776,195.9839049,1.257832258,0.606585095,38173,219.6256062,0.799493511,0.992429204,0.962699343,0.890922318,0.006507097,0.00252887,0.793742577,0.998395018,SEKER
233751,1849.371,706.9930758,423.527988,1.669294818,0.800707613,237344,545.5465304,0.819204525,0.984861635,0.858845917,0.771643385,0.003024556,0.000661467,0.595433514,0.99395408,BOMBAY
50074,841.114,312.1499274,205.1383646,1.521655532,0.753734578,50768,252.499895,0.693161683,0.986329972,0.889431335,0.808905826,0.006233773,0.001646352,0.654328636,0.995662789,SIRA
48192,837.335,315.07645,195.9413113,1.608014399,0.783108596,48921,247.7094268,0.683303085,0.985098424,0.863746548,0.786188326,0.006537941,0.001540732,0.618092084,0.993900971,SIRA
36167,712.03,265.3289463,174.3262247,1.522025425,0.753873801,36610,214.5909006,0.718026603,0.987899481,0.896449369,0.808773048,0.007336217,0.001936237,0.654113843,0.9955779,DERMASON
62728,981.369,371.758835,217.0091579,1.713102058,0.811943246,63882,282.6088643,0.770993117,0.981935443,0.818477292,0.760194077,0.005926521,0.001220893,0.577895034,0.989993172,CALI
35478,704.863,266.3310211,170.1117344,1.565624042,0.769436806,35885,212.5370381,0.697973638,0.988658214,0.897345244,0.798018335,0.007506934,0.001877993,0.636833263,0.997041468,DERMASON
208502,1770.466,674.4861852,401.0171551,1.681938482,0.804057113,212629,515.2407122,0.679936996,0.980590606,0.835881873,0.763901061,0.003234915,0.000679502,0.58354483,0.981486506,BOMBAY
72182,1024.349,393.577237,233.8967551,1.68269644,0.804255074,72828,303.1583362,0.79781155,0.991129785,0.864455973,0.770263897,0.005452568,0.001183965,0.59330647,0.998354685,CALI
40587,746.02,262.969584,196.7418707,1.336622362,0.663524591,41053,227.3256989,0.777528736,0.98864882,0.916422776,0.864456244,0.006479158,0.002231878,0.747284598,0.998837305,SEKER
62650,963.789,349.1235041,229.698731,1.519919168,0.75307933,63464,282.4331027,0.746010955,0.987173831,0.84755328,0.808977624,0.005572602,0.001472258,0.654444795,0.994703189,BARBUNYA
40987,763.823,283.4743918,184.7669779,1.534226489,0.758395846,41469,228.4431422,0.787726784,0.98837686,0.882816685,0.805868709,0.006916202,0.001799304,0.649424376,0.996364081,SIRA
36567,701.394,259.0980015,180.224362,1.437641385,0.718445011,36981,215.7743044,0.79381309,0.988805062,0.934060707,0.832790308,0.007085569,0.002102312,0.693539696,0.99706137,DERMASON
50146,883.56,358.7618824,179.9464284,1.993714939,0.865113459,50997,252.681361,0.776951442,0.983312744,0.80718683,0.704314961,0.007154347,0.001085969,0.496059564,0.989001362,HOROZ
76885,1059.309,417.9121902,236.5481569,1.766710828,0.824389046,77779,312.8786065,0.808770933,0.988505895,0.861005962,0.748670687,0.005435549,0.001053383,0.560507797,0.990255195,CALI
180547,1649.901,658.5985792,351.8995746,1.871552644,0.845284988,182425,479.4575895,0.834413244,0.989705358,0.833459246,0.727996696,0.003647796,0.000632016,0.529979189,0.991883952,BOMBAY
34089,681.059,253.0028083,172.2909611,1.468462458,0.732297939,34434,208.3349775,0.767303667,0.989980833,0.923537751,0.823449269,0.007421831,0.002104933,0.678068698,0.995718427,DERMASON
44875,787.846,301.5002544,189.9134265,1.587566819,0.776680505,45314,239.0326851,0.729912167,0.990312045,0.908514069,0.79281089,0.006718669,0.00163735,0.628549108,0.997863708,SIRA
56248,946.999,378.6123592,190.3582327,1.988946598,0.864415161,56917,267.6138597,0.604232463,0.988246042,0.788166384,0.706828114,0.006731126,0.001036389,0.499605982,0.993689619,HOROZ
33721,679.686,255.8912522,168.1760555,1.52156769,0.753701497,34076,207.2074098,0.75135918,0.989582111,0.917262545,0.809747922,0.007588484,0.002012492,0.655691698,0.997679302,DERMASON
48217,825.418,307.6195513,200.3317527,1.535550641,0.758878541,48799,247.7736692,0.696274368,0.988073526,0.889328436,0.805454881,0.006379898,0.001656374,0.648757566,0.996200096,SIRA
79535,1111.194,418.073266,247.1022862,1.691903675,0.806634778,81919,318.2249318,0.719877991,0.970898082,0.809446918,0.761170249,0.005256469,0.001088431,0.579380147,0.9802554,CALI
40329,724.982,251.3028696,205.058574,1.225517494,0.578077558,40651,226.6020247,0.790826732,0.992078916,0.964212749,0.901708863,0.006231319,0.00254112,0.813078873,0.996442382,SEKER
39670,722.087,249.9397668,202.2636017,1.235713024,0.587465266,40041,224.7429926,0.796346482,0.990734497,0.956077311,0.899188614,0.006300473,0.002540716,0.808540164,0.999123612,SEKER
40906,732.558,257.9461696,202.1525866,1.275997374,0.621138677,41246,228.2173017,0.774910965,0.991756776,0.957883841,0.884747783,0.006305827,0.002383416,0.78277864,0.998823488,SEKER
47323,824.295,318.0030004,190.3530112,1.670596112,0.801056512,47912,245.4659141,0.813711161,0.987706629,0.87521913,0.771898107,0.00671984,0.001471562,0.595826688,0.995385748,SIRA
61645,952.199,335.1391362,235.8439696,1.421020588,0.710477842,62499,280.1586189,0.795522003,0.986335781,0.854382371,0.835947189,0.005436599,0.001637655,0.698807703,0.993020133,BARBUNYA
53574,927.901,377.7799429,181.8434323,2.077501168,0.876529852,54126,261.1752962,0.824735602,0.989801574,0.781916994,0.69134241,0.007051554,0.000993659,0.477954328,0.992950675,HOROZ
34831,707.866,278.0541442,159.9581923,1.738292614,0.817958565,35174,210.5901389,0.675792088,0.990248479,0.873521706,0.757370977,0.00798295,0.001620234,0.573610797,0.997103411,DERMASON
41139,747.774,277.9911065,188.903905,1.471600634,0.733645694,41517,228.8663401,0.743870244,0.990895296,0.924533971,0.823286554,0.006757362,0.001914966,0.67780075,0.997452014,SIRA
38194,703.614,243.4245437,199.9769685,1.217262896,0.570186581,38483,220.5223598,0.769326834,0.99249019,0.96947377,0.905916702,0.006373371,0.002647903,0.820685071,0.998989486,SEKER
43152,783.691,298.2100055,184.6168438,1.615291429,0.785325301,43698,234.3988755,0.771342771,0.987505149,0.882919431,0.786019487,0.006910688,0.001627175,0.617826634,0.997970066,SIRA
43710,806.06,291.9607579,190.924752,1.52919281,0.756546609,44390,235.9095176,0.710697039,0.984681235,0.84538771,0.808017897,0.006679496,0.001756335,0.652892922,0.998399162,SIRA
75721,1037.679,407.0213461,238.2672469,1.708255547,0.81075003,76337,310.5011619,0.728892525,0.991930519,0.883690425,0.762862108,0.005375277,0.001122961,0.581958595,0.994133998,CALI
51305,907.517,368.1932867,179.6070921,2.049993029,0.872951764,52095,255.5847312,0.739851467,0.984835397,0.782816584,0.694159129,0.007176558,0.001027856,0.481856896,0.987803279,HOROZ
30452,641.074,230.9343034,168.3467942,1.371777255,0.684533585,30821,196.9078226,0.728168341,0.988027643,0.931127939,0.852657313,0.007583551,0.002472581,0.727024494,0.997315665,DERMASON
36393,681.994,233.8313405,198.3315724,1.178992016,0.52970465,36655,215.2603232,0.782864027,0.992852271,0.983256019,0.920579435,0.006425174,0.00284649,0.847466495,0.999156232,SEKER
22721,553.6,201.1671865,144.0509676,1.396500072,0.698022458,23016,170.0860832,0.776706663,0.987182829,0.931633599,0.845496157,0.0088538,0.002790975,0.714863752,0.998307281,DERMASON
82869,1142.012,420.4983344,251.7673417,1.670186179,0.800946707,83981,324.8262425,0.687002587,0.98675891,0.798473721,0.772479261,0.005074254,0.001114549,0.596724208,0.996640525,BARBUNYA
41739,751.568,271.1479575,197.1234861,1.375523348,0.686641672,42121,230.5292722,0.772472378,0.99093089,0.928571484,0.85019734,0.006496273,0.002093741,0.722835517,0.99427713,SIRA
34869,717.611,255.63916,174.652912,1.46369824,0.730230435,35547,210.7049826,0.783080309,0.98092666,0.850885616,0.824228114,0.007331416,0.002087168,0.679351983,0.994366302,DERMASON
73163,1064.874,419.7248464,223.0826866,1.881476563,0.84705989,73802,305.2114428,0.78866635,0.991341698,0.810783538,0.727170301,0.005736846,0.000989458,0.528776646,0.994880867,CALI
171423,1547.307,565.2782103,387.5673869,1.458528838,0.727957392,173027,467.1857687,0.768265137,0.99072977,0.899758534,0.826470506,0.003297563,0.000949035,0.683053498,0.996253224,BOMBAY
54447,928.902,363.9463637,197.5002259,1.84276429,0.839950515,56500,263.2946515,0.624879493,0.963663717,0.79294675,0.723443556,0.006684415,0.001129436,0.523370578,0.964448613,HOROZ
37580,698.245,242.6865801,197.398589,1.229424087,0.581720184,37888,218.7426389,0.786324071,0.991870777,0.968614511,0.901338009,0.006457865,0.002629175,0.812410206,0.998796677,SEKER
34650,699.603,263.1405922,168.5458752,1.561240178,0.767944458,35039,210.0422582,0.69058296,0.988898085,0.889630731,0.798213063,0.007594245,0.00190169,0.637144094,0.994734959,DERMASON
56155,934.742,344.514406,208.1900925,1.654806921,0.796756789,57050,267.3925329,0.770016592,0.984312007,0.80763435,0.776143256,0.006135062,0.001373303,0.602398354,0.996852966,BARBUNYA
51268,828.387,294.8418623,222.2647237,1.326534672,0.657053616,51717,255.4925537,0.730126178,0.991318135,0.938835904,0.866540971,0.005750992,0.002000225,0.750893254,0.996085937,SEKER
50311,847.013,322.898317,200.0923417,1.613746504,0.784857719,50916,253.09673,0.77611687,0.988117684,0.881236875,0.783827963,0.006418046,0.001494396,0.614386275,0.991463704,SIRA
41517,752.867,271.5677724,195.344554,1.39019884,0.694677257,41977,229.9153892,0.793262892,0.989041618,0.920448099,0.84662251,0.006541122,0.002072962,0.716769675,0.996452371,SIRA
34161,743.083,266.6617782,164.2904278,1.623112081,0.787667632,35013,208.5548755,0.779504381,0.975666181,0.777438042,0.78209512,0.00780603,0.001801558,0.611672777,0.992813474,DERMASON
45989,769.145,267.9785692,218.8411482,1.224534652,0.577151987,46275,241.981432,0.794832354,0.993819557,0.976893878,0.902987999,0.005827014,0.002389757,0.815387326,0.998470035,SEKER
31868,658.384,242.0741736,167.9745424,1.441136079,0.720074271,32219,201.4338547,0.709202181,0.989105807,0.923859941,0.832116255,0.007596152,0.002246516,0.692417462,0.997867786,DERMASON
46847,808.233,310.7771131,192.93581,1.610779839,0.783955275,47388,244.2282804,0.701260404,0.988583608,0.901194415,0.785863148,0.006633874,0.001560755,0.617580887,0.994786842,SIRA
75359,1046.443,395.4351708,245.0744695,1.613530662,0.784792263,76422,309.758065,0.725764201,0.986090393,0.864796327,0.783334635,0.005247352,0.001218735,0.61361315,0.990083631,CALI
54982,916.327,373.1166089,188.3618504,1.980850199,0.863216602,55548,264.5850651,0.75978719,0.989810614,0.822866592,0.709121649,0.006786159,0.00105849,0.502853514,0.996077482,HOROZ
41240,798.716,315.6898102,167.5037386,1.884673219,0.847624873,41796,229.1471118,0.614815809,0.986697292,0.812351061,0.725861603,0.007654942,0.001310802,0.526875067,0.992987329,HOROZ
36336,685.99,238.1356702,194.477831,1.224487485,0.577107476,36612,215.091683,0.764003364,0.992461488,0.97031202,0.903231687,0.006553712,0.002690691,0.81582748,0.998970539,SEKER
44193,808.541,308.8719473,183.4686893,1.68351313,0.804468022,44887,237.2093489,0.724748676,0.984538953,0.849491923,0.767986057,0.00698916,0.001499747,0.589802583,0.992940393,SIRA
36870,692.977,245.2284633,191.528799,1.280373837,0.624503643,37138,216.6664303,0.755145929,0.992783672,0.964817918,0.883528883,0.006651165,0.002500118,0.780623287,0.999489634,SEKER
44904,826.44,317.4294521,181.163033,1.752175634,0.821145404,45676,239.1099089,0.680281178,0.983098345,0.826175354,0.75326945,0.007069069,0.001403923,0.567414865,0.9942105,HOROZ
35632,710.37,276.1867325,164.8450123,1.675432752,0.802344863,36011,212.9978203,0.717230274,0.989475438,0.887321162,0.771209458,0.007751087,0.001691343,0.594764028,0.996487132,DERMASON
45477,772.981,270.523063,214.2699641,1.262533758,0.610445803,45827,240.6306605,0.794496855,0.992362581,0.956453881,0.889501464,0.005948569,0.002297095,0.791212854,0.998932938,SEKER
85382,1134.327,444.2325693,247.3153768,1.796218961,0.830696861,86773,329.7146324,0.756664303,0.983969668,0.833872494,0.742211749,0.005202883,0.000973947,0.550878281,0.989498013,CALI
45993,775.581,260.7370546,224.9751898,1.158959149,0.505471704,46415,241.9919552,0.773576655,0.990908112,0.960831604,0.928107267,0.00566906,0.002594678,0.861383099,0.998307824,SEKER
82892,1101.387,423.5195825,250.0040237,1.694051065,0.807183223,83670,324.8713166,0.754331683,0.990701566,0.858702229,0.767075078,0.005109294,0.001091169,0.588404175,0.996786718,CALI
39560,765.067,283.5270612,178.1061085,1.591899703,0.778067823,40096,224.4311841,0.6975842,0.986632083,0.849311897,0.79156883,0.007167014,0.001735692,0.626581213,0.997454446,DERMASON
202236,1685.383,633.5119695,408.9218693,1.549224967,0.763773753,203633,507.439526,0.79706455,0.993139619,0.894686971,0.800994378,0.003132538,0.000795415,0.641591994,0.993970335,BOMBAY
138659,1415.439,509.8275207,347.5854183,1.466769012,0.731566018,139826,420.1739188,0.71073283,0.991653913,0.869712301,0.824149152,0.003676844,0.001046353,0.679221824,0.996261525,BOMBAY
40438,767.967,297.9687098,173.9594667,1.71286286,0.811884634,40986,226.9080446,0.76142954,0.986629581,0.861617309,0.761516351,0.007368532,0.001528543,0.579907153,0.993301425,SIRA
31947,659.25,247.1904476,164.7648572,1.50026196,0.745460093,32265,201.683375,0.780413328,0.990144119,0.923718558,0.815902786,0.007737517,0.00211512,0.665697357,0.998720422,DERMASON
48649,841.797,322.3650828,192.5169993,1.674475937,0.802091043,49095,248.8811576,0.693203192,0.990915572,0.862718347,0.772047504,0.006626346,0.001452212,0.596057349,0.998083687,SIRA
184018,1653.655,627.8334712,376.1729395,1.66900222,0.800629029,186286,484.0444138,0.827895551,0.987825172,0.845629945,0.770975802,0.003411805,0.000743579,0.594403687,0.992061073,BOMBAY
26627,603.953,215.5059894,157.9782946,1.364149359,0.680166608,27005,184.1264494,0.816904433,0.986002592,0.917330464,0.854391332,0.008093514,0.002660383,0.729984549,0.995807954,DERMASON
72012,1046.449,389.0252397,237.899946,1.63524728,0.791222554,73210,302.8011329,0.737722048,0.983636115,0.826377725,0.778358579,0.005402228,0.001223127,0.605842078,0.99070161,HOROZ
77502,1050.945,387.9738252,256.2189843,1.514227473,0.750911577,78712,314.1315189,0.815776178,0.984627503,0.881785184,0.809671938,0.005005985,0.001327106,0.655568647,0.992680056,CALI
40297,752.095,279.9816048,183.9133241,1.522356285,0.753998225,40720,226.5121055,0.829258756,0.989611984,0.895235254,0.809024956,0.006947952,0.001836049,0.654521379,0.996414735,SIRA
27713,626.514,237.4629338,149.1269212,1.592354565,0.778212663,28017,187.8437848,0.791551227,0.989149445,0.887221067,0.791044656,0.008568648,0.002069646,0.625751648,0.996418494,DERMASON
68888,1043.465,435.5849525,202.5271854,2.150748067,0.885334575,69678,296.1603042,0.626146393,0.988662132,0.795055905,0.679913993,0.006323089,0.000833537,0.462283037,0.994254349,HOROZ
45609,834.651,341.0878231,172.5859991,1.97633542,0.862541113,46157,240.9796307,0.787380233,0.988127478,0.822717202,0.706503177,0.00747852,0.001149349,0.499146739,0.986481381,HOROZ
75016,1044.314,407.4037873,237.0002224,1.719001709,0.81337982,76320,309.0523219,0.811597966,0.982914046,0.864373745,0.758589713,0.005430892,0.001109376,0.575458352,0.989213891,CALI
34414,707.737,276.4939671,160.5266301,1.722418062,0.81420382,34773,209.3257406,0.634195784,0.989675898,0.863378475,0.757071638,0.008034346,0.001628089,0.573157465,0.987216771,HOROZ
69900,1013.617,397.2660549,225.9760098,1.758001016,0.822456587,70844,298.3277462,0.668669167,0.986674948,0.854947149,0.75095202,0.005683348,0.001114892,0.563928936,0.991387642,CALI
33195,678.444,255.9467211,165.6382426,1.545215145,0.762354993,33592,205.5849865,0.773812299,0.98818171,0.906263575,0.803233523,0.0077104,0.001979812,0.645184093,0.996948231,DERMASON
49556,840.121,321.8223245,196.5867143,1.637050223,0.791742637,50211,251.1904833,0.702324263,0.98695505,0.88231249,0.780525352,0.006494114,0.001486784,0.609219826,0.997323452,SIRA
42686,794.621,307.0341194,178.553068,1.719567873,0.813516772,43365,233.1297991,0.830774022,0.984342211,0.849523207,0.759296066,0.007192853,0.001474774,0.576530516,0.991383354,SIRA
30502,641.008,228.7848135,169.9916744,1.345858933,0.669269299,30830,197.0694106,0.724960783,0.989361012,0.932848852,0.861374527,0.00750065,0.002547104,0.741966076,0.998581672,DERMASON
43743,830.354,338.5687659,165.8895802,2.040928463,0.871737566,44514,235.9985538,0.662331173,0.982679606,0.797245111,0.697047624,0.007739953,0.001127114,0.48587539,0.991636913,HOROZ
44515,809.186,274.9714228,206.5348797,1.331355862,0.660172545,45305,238.0719604,0.771972114,0.982562631,0.85431793,0.865806192,0.006177051,0.002141133,0.749620362,0.998011463,SEKER
66291,1032.54,428.0732985,198.0803095,2.161109802,0.886501762,67132,290.5242204,0.599419488,0.987472442,0.781359082,0.678678678,0.006457487,0.000845085,0.460604748,0.995417437,HOROZ
48467,836.742,318.3429999,194.5731646,1.636109484,0.791471525,49001,248.4151787,0.754937695,0.989102263,0.869907079,0.780338122,0.006568242,0.001502312,0.608927585,0.996272196,SIRA
45851,800.555,294.8902233,198.5318377,1.485354826,0.739424208,46409,241.6181002,0.749787415,0.98797647,0.899034437,0.819349308,0.006431489,0.001788001,0.671333288,0.997168139,SIRA
28555,634.899,231.4131496,157.6592056,1.467806138,0.732014659,28992,190.6760478,0.793194444,0.984926876,0.890190064,0.823963755,0.00810412,0.002304189,0.67891627,0.996517468,DERMASON
77093,1063.375,400.007897,247.2509673,1.617821364,0.786087515,77813,313.301542,0.682873466,0.990747047,0.856745671,0.783238392,0.005188641,0.001204507,0.613462379,0.992472542,CALI
31745,660.531,251.4502982,161.0402564,1.561412679,0.768003473,32091,201.0447446,0.81141528,0.989218161,0.914321192,0.799540689,0.007920942,0.001996728,0.639265313,0.998156965,DERMASON
21877,542.194,202.0161551,138.0740299,1.463100304,0.729969108,22107,166.8971585,0.747165301,0.989596056,0.93516494,0.826157484,0.00923418,0.002653563,0.682536189,0.998618906,DERMASON
25865,596.414,224.3210784,147.2662318,1.523234999,0.754328182,26147,181.4726999,0.761496791,0.989214824,0.913748523,0.808986392,0.008672765,0.002291407,0.654458983,0.996894828,DERMASON
39454,717.993,255.6058624,196.9123275,1.298069378,0.637591243,39779,224.1303036,0.796567737,0.99182986,0.961746211,0.87685901,0.006478579,0.002362537,0.768881724,0.998061821,SEKER
29507,629.187,230.8329439,163.3726833,1.412922523,0.706460081,29835,193.8284789,0.815425855,0.989006201,0.936645906,0.839691578,0.007822989,0.002399008,0.705081946,0.996226163,DERMASON
47465,817.221,307.6463843,196.9547854,1.56201528,0.768209443,47955,245.8339175,0.70487689,0.989782087,0.893108686,0.799079495,0.006481542,0.001630114,0.63852804,0.997390555,SIRA
44008,793.67,298.6141063,189.1117165,1.57903546,0.773908032,44599,236.7123273,0.800465641,0.986748582,0.87793339,0.792703098,0.006785451,0.001652725,0.628378202,0.992231463,SIRA
57371,959.093,402.5313903,182.2267305,2.208959076,0.891661919,58079,270.2721331,0.5873362,0.987809707,0.783755933,0.671431197,0.007016287,0.000879616,0.450819852,0.995842604,HOROZ
39767,799.83,334.2726536,153.2458553,2.181283487,0.888722428,40598,225.0175926,0.613101662,0.979531011,0.781155175,0.673155851,0.00840578,0.001064683,0.4531388,0.988424181,HOROZ
76709,1075.733,417.5289524,236.53146,1.765215301,0.824059585,77578,312.5202909,0.772559723,0.988798371,0.833004221,0.748499689,0.005443024,0.001053869,0.560251784,0.988965022,CALI
39610,747.285,286.7688179,176.4712709,1.625017015,0.788232013,40040,224.5729689,0.743640289,0.989260739,0.891337496,0.783115021,0.007239809,0.001679612,0.613269136,0.996572781,SIRA
31306,672.247,254.1840725,158.6839815,1.601825655,0.78119454,31883,199.6497863,0.654704394,0.981902581,0.870521896,0.785453567,0.00811934,0.001906262,0.616937305,0.988226003,DERMASON
45430,811.756,320.7426524,181.3497523,1.768641249,0.824812884,45931,240.5062837,0.666989664,0.989092334,0.866366371,0.749841912,0.007060151,0.001376805,0.562262893,0.994441345,SIRA
40609,747.07,274.9567431,188.2991741,1.460212157,0.728700997,40988,227.387301,0.788340581,0.990753391,0.914343886,0.826992997,0.006770833,0.001953571,0.683917417,0.998664527,SIRA
154727,1478.08,550.0082402,358.9115247,1.532434047,0.757739957,156062,443.8519292,0.768180915,0.991445707,0.889979674,0.806991417,0.003554701,0.000929948,0.651235147,0.997974912,BOMBAY
42817,776.073,298.4059492,183.3819622,1.627237191,0.788886784,43310,233.4872536,0.791061597,0.988616948,0.893348578,0.782448387,0.006969333,0.001611365,0.612225478,0.996236068,SIRA
49825,902.296,374.1226371,171.1697457,2.185682029,0.88919774,50472,251.871317,0.811878768,0.987181011,0.769058023,0.673231962,0.007508733,0.000951492,0.453241274,0.990641308,HOROZ
34733,670.564,228.3272478,193.8600236,1.177794388,0.52832113,35019,210.2936735,0.777807636,0.991833005,0.97067019,0.921018737,0.006573784,0.002917891,0.848275515,0.99909414,SEKER
41448,780.947,293.1096562,180.7261375,1.621844301,0.787290696,42042,229.7242535,0.69043177,0.985871272,0.854024484,0.7837485,0.007071744,0.001645937,0.614261712,0.996236857,SIRA
66617,1018.106,406.2663515,209.7154211,1.937226883,0.856466989,67508,291.2377015,0.798851195,0.986801564,0.807623488,0.71686395,0.006098539,0.000993465,0.513893923,0.995529122,CALI
90795,1174.332,456.3173442,255.7139802,1.784483366,0.828231377,92018,340.0055653,0.72803156,0.986709122,0.8273514,0.745107697,0.005025798,0.000955567,0.55518548,0.990719254,CALI
48449,825.903,314.2973668,196.5890389,1.598753259,0.780234277,48916,248.3690454,0.725414745,0.990453022,0.892558303,0.790235846,0.00648718,0.001560496,0.624472692,0.998377751,SIRA
39951,725.181,247.9193354,205.563491,1.206047505,0.559019163,40307,225.5375646,0.761885691,0.991167787,0.954651116,0.90972156,0.006205585,0.002621781,0.827593317,0.998116855,SEKER
48401,887.573,366.9005057,172.5478749,2.12636931,0.882514497,49563,248.2459812,0.693424069,0.976555091,0.772068855,0.676602996,0.007580432,0.000979962,0.457791614,0.973434038,HOROZ
60595,956.082,327.7434485,236.1899254,1.387626708,0.69329395,61552,277.7623988,0.738495101,0.984452171,0.833021806,0.84749947,0.005408754,0.001721213,0.718255351,0.996670308,BARBUNYA
66372,1013.706,392.7459887,218.056199,1.801122786,0.831710712,67804,290.7016599,0.748925223,0.978880302,0.811653628,0.740177286,0.005917344,0.001095594,0.547862414,0.986767478,CALI
25159,605.833,223.3010635,144.1408577,1.549186449,0.76376019,25592,178.9788639,0.710625918,0.98308065,0.861385164,0.80151371,0.008875594,0.002259545,0.642424227,0.995234907,DERMASON
79337,1098.328,428.7182309,237.5457633,1.804781634,0.832460994,80444,317.8285792,0.682292742,0.986238874,0.826459408,0.741346078,0.005403762,0.001006839,0.549594008,0.991897172,CALI
74553,1068.695,363.2833119,261.7500136,1.387901788,0.693442389,75840,308.0971077,0.732527634,0.983030063,0.82029003,0.848090451,0.004872819,0.001554994,0.719257413,0.998258649,BARBUNYA
39509,737.717,261.8813448,192.28283,1.361959073,0.678893828,40027,224.2864712,0.773321589,0.987058735,0.912276145,0.856443102,0.006628397,0.002199796,0.733494786,0.998989879,SEKER
44586,806.549,292.2988516,195.1526431,1.497796018,0.744477406,45214,238.2617433,0.707714286,0.986110497,0.861284956,0.815130617,0.006555844,0.001785325,0.664437923,0.995192475,SIRA
28026,610.943,215.446569,165.7403773,1.299903937,0.638902625,28302,188.9015921,0.776687729,0.990248039,0.94356016,0.876790904,0.007687382,0.002802479,0.76876229,0.999317127,DERMASON
70046,1110.954,380.2886321,235.4672218,1.615038515,0.785248865,71441,298.639142,0.700712256,0.980473398,0.713183111,0.785296001,0.005429127,0.00127363,0.616689809,0.995977794,BARBUNYA
58252,950.381,363.1910348,208.034821,1.745818479,0.819697094,59974,272.3394021,0.722657801,0.971287558,0.810448111,0.749851665,0.006234825,0.001215921,0.562277519,0.981634484,CALI
50456,853.739,325.7942312,198.0276559,1.645195615,0.794066834,51168,253.4611893,0.700777778,0.986085053,0.869906228,0.777979366,0.006456997,0.001459092,0.605251893,0.995757761,SIRA
42302,748.595,263.1169071,205.0787113,1.283004489,0.626501145,42695,232.0788211,0.760923138,0.990795175,0.948586459,0.8820369,0.006219964,0.00232228,0.777989093,0.998163499,SEKER
60670,989.284,402.3994329,192.5597288,2.089738262,0.878071843,61470,277.9342425,0.616734267,0.986985521,0.779007948,0.690692431,0.006632593,0.000931112,0.477056034,0.996922248,HOROZ
46028,828.185,315.7977633,186.4747864,1.693514547,0.807046426,46738,242.0840139,0.691277184,0.984808935,0.843290577,0.766579254,0.006860993,0.001461487,0.587643753,0.995183244,SIRA
39797,759.848,282.4563606,180.095131,1.568373109,0.770364801,40473,225.1024526,0.700750106,0.983297507,0.866177204,0.79694595,0.007097428,0.001766023,0.635122847,0.996109594,SIRA
67630,1041.652,353.036461,245.4218902,1.438488069,0.718841173,68870,293.443675,0.713667637,0.981995063,0.783256391,0.831199345,0.005220116,0.001537024,0.690892351,0.993840404,BARBUNYA
34961,695.037,256.8946818,173.5412641,1.480308924,0.737328224,35308,210.9827664,0.714160232,0.990172199,0.909447977,0.821281176,0.007348036,0.002062142,0.67450277,0.99847247,DERMASON
46958,831.681,324.4320834,185.908756,1.745114595,0.8195356,47945,244.5174483,0.770864797,0.979413912,0.853111695,0.753678384,0.006908984,0.001375112,0.568031107,0.991279374,SIRA
181992,1639.252,642.9683401,363.7281438,1.767716771,0.824610109,184472,481.3724247,0.808117049,0.986556225,0.851080651,0.748672049,0.003532948,0.000684674,0.560509837,0.990822639,BOMBAY
41995,781.314,302.5165591,177.1723573,1.707470418,0.810555607,42526,231.2351502,0.803393786,0.987513521,0.864482561,0.764371877,0.007203633,0.001516876,0.584264367,0.997614123,SIRA
24070,561.763,204.4293446,150.082095,1.362116811,0.678985775,24330,175.0624912,0.743268281,0.989313605,0.958472576,0.856347173,0.008493118,0.002817386,0.73333048,0.998881775,DERMASON
30066,636.73,226.6510843,168.991579,1.341197506,0.666391138,30438,195.6558718,0.748953766,0.987778435,0.931911975,0.863247014,0.007538452,0.002582274,0.745195407,0.999454222,DERMASON
67513,1021.125,389.4206598,224.0461152,1.738127257,0.817920071,69075,293.1897361,0.779974121,0.977386898,0.813653417,0.752886959,0.005768084,0.001143222,0.566838772,0.985237921,CALI
142592,1408.745,519.7756355,351.2923849,1.479609743,0.73703563,144325,426.0912733,0.804164293,0.987992378,0.90290124,0.819759997,0.003645195,0.001015424,0.672006452,0.994307294,BOMBAY
31938,662.028,240.4619527,169.5258679,1.418438116,0.709206513,32357,201.6549642,0.735187146,0.987050715,0.915724565,0.838614849,0.007529024,0.00229704,0.703274865,0.997551875,DERMASON
30107,637.623,234.4664928,163.8948273,1.43059117,0.715110208,30421,195.789231,0.80952381,0.989678183,0.930570751,0.835041411,0.007787773,0.002335743,0.697294158,0.997542866,DERMASON
39401,744.254,284.6191816,176.9496459,1.608475565,0.783250156,39849,223.9797118,0.698772745,0.98875756,0.893870806,0.786945246,0.007223654,0.001708893,0.61928282,0.996101283,DERMASON
38493,728.181,243.0025149,201.9545702,1.203253359,0.55615264,38990,221.3838517,0.750760649,0.987253142,0.912248038,0.911035228,0.006312901,0.00268256,0.829985187,0.998682465,SEKER
67535,990.949,351.4178372,245.5381501,1.431214812,0.715407814,68489,293.2375021,0.748343417,0.986070756,0.864243577,0.834441144,0.005203492,0.001556172,0.696292023,0.996543456,BARBUNYA
39392,746.64,265.9159705,189.1446635,1.405886719,0.702893747,39836,223.9541296,0.725290912,0.988854303,0.887964063,0.842198869,0.006750507,0.002094955,0.709298935,0.997193952,SIRA
74312,1025.211,390.6159171,243.8090267,1.602138864,0.781292056,75060,307.5987273,0.808442124,0.990034639,0.888469041,0.787471052,0.005256431,0.001246835,0.620110658,0.993503386,CALI
31471,651.089,244.2814709,164.3788948,1.486087805,0.73972641,31814,200.1752275,0.730270333,0.989218583,0.932909876,0.81944499,0.007762113,0.002158932,0.671490092,0.997893237,DERMASON
38138,712.692,258.4415699,188.4162413,1.371652295,0.684462855,38490,220.3606357,0.800747459,0.990854767,0.943548027,0.852651668,0.006776485,0.002209382,0.727014867,0.997211611,SIRA
42039,774.13,284.2984726,189.1280152,1.503206557,0.746625516,42569,231.3562561,0.740318746,0.987549625,0.881524617,0.813779455,0.006762732,0.001829485,0.662237001,0.995479003,SIRA
31093,668.238,254.2949545,155.8707782,1.631447263,0.790119606,31472,198.9694378,0.775599292,0.98795755,0.875004232,0.782435649,0.008178527,0.001890817,0.612205545,0.99878106,DERMASON
62324,976.551,388.7051318,206.3380524,1.883826697,0.847475574,63156,281.6973223,0.714028756,0.986826271,0.821249891,0.72470698,0.006236845,0.001061193,0.525200207,0.989386172,HOROZ
50946,849.362,323.1240904,201.2021774,1.605967165,0.782478393,51495,254.6889512,0.810158387,0.989338771,0.887430399,0.78820787,0.006342482,0.001510087,0.621271647,0.997741865,SIRA
63359,982.041,400.0654926,202.6453521,1.974214994,0.862222076,64039,284.0267317,0.820584883,0.989381471,0.825579572,0.709950588,0.006314265,0.000989498,0.504029837,0.995063262,HOROZ
93503,1179.367,453.2093773,267.5462336,1.693947888,0.807156928,95555,345.0387183,0.791124461,0.978525457,0.844768023,0.76132299,0.004847004,0.001004451,0.579612696,0.981833701,CALI
61204,953.807,376.0897293,208.6121823,1.802817674,0.832058917,61712,279.1547118,0.767150073,0.991768214,0.84541249,0.742255611,0.006144855,0.00115055,0.550943392,0.993250484,CALI
28993,629.099,226.782185,163.3926498,1.387958304,0.693472871,29335,192.1328554,0.734781286,0.988341572,0.920587407,0.847213177,0.007821963,0.002485801,0.717770167,0.996235063,DERMASON
44356,813.005,321.6274764,176.3942958,1.823343974,0.836188029,44858,237.6464038,0.650934813,0.988809131,0.843287778,0.738887133,0.007251048,0.001333193,0.545954195,0.995462291,SIRA
39959,759.494,290.4312543,175.5554382,1.654356352,0.796631934,40384,225.5601449,0.688758274,0.98947603,0.870514041,0.776638676,0.007268231,0.001631115,0.603167634,0.997854206,DERMASON
26426,621.017,236.6239061,142.7664828,1.657419174,0.797478267,26918,183.4301726,0.711064471,0.981722268,0.861061788,0.775197129,0.008954208,0.001994599,0.600930588,0.995993879,DERMASON
55559,934.184,369.2990243,192.668844,1.916755281,0.853119833,56331,265.9697649,0.652009107,0.98629529,0.800017404,0.720201645,0.00664697,0.001103113,0.51869041,0.994202583,HOROZ
170711,1565.459,592.6428157,368.8767858,1.606614562,0.782677998,172417,466.2145385,0.793340459,0.990105384,0.875362575,0.786670362,0.003471615,0.00082013,0.618850259,0.994253838,BOMBAY
25407,588.858,224.1410865,144.5076382,1.551067399,0.764421082,25650,179.8588255,0.713359164,0.990526316,0.920750774,0.802435771,0.008822021,0.002256259,0.643903166,0.998737209,DERMASON
44614,850.425,351.2689862,162.3080891,2.164211212,0.886847566,45243,238.3365458,0.633955722,0.986097297,0.775191478,0.678501533,0.007873515,0.001029323,0.460364331,0.996325646,HOROZ
74049,1156.093,396.9097089,239.482934,1.657361142,0.797462283,76062,307.0539286,0.71026128,0.973534748,0.696215229,0.773611533,0.005360095,0.001184252,0.598474805,0.991888886,BARBUNYA
28892,623.771,226.5833689,162.6860396,1.392764674,0.696046832,29215,191.7979065,0.754045307,0.988944036,0.933119167,0.846478307,0.007842426,0.002483668,0.716525524,0.997951438,DERMASON
46323,782.327,262.0060272,225.6030472,1.161358547,0.508502481,46742,242.8585503,0.774917194,0.991035899,0.951108151,0.926919708,0.005656068,0.002575508,0.859180145,0.997816205,SEKER
72980,1056.868,408.4822731,231.7964839,1.762245338,0.823402427,75011,304.8294966,0.785009735,0.972923971,0.821054955,0.746249021,0.005597181,0.00107074,0.556887602,0.98137258,CALI
43504,759.998,246.0012834,225.3381677,1.091698251,0.401169057,43929,235.3529544,0.773404444,0.990325298,0.946485915,0.956714335,0.005654682,0.002922248,0.91530232,0.999233941,SEKER
44457,779.384,288.7326914,196.3697837,1.470351935,0.733110744,44853,237.9168141,0.728803279,0.991171159,0.919701818,0.824003728,0.006494651,0.001846938,0.678982144,0.998342709,SIRA
34010,681.989,257.8296401,168.6463916,1.528818006,0.756408004,34410,208.0934331,0.71314741,0.988375472,0.918886257,0.807096628,0.007580995,0.001984304,0.651404967,0.995879643,DERMASON
95037,1190.613,461.3229294,264.9148117,1.741401043,0.818679815,96528,347.8575378,0.774863433,0.984553705,0.84248338,0.75404346,0.00485414,0.000968005,0.568581539,0.990128486,CALI
77787,1082.712,399.5687474,249.7240302,1.600041242,0.780637648,79288,314.7085707,0.751637839,0.981069014,0.833855862,0.787620585,0.005136703,0.001219362,0.620346186,0.992579482,CALI
72725,1017.952,399.7244428,232.6229912,1.718335926,0.813218567,73168,304.296477,0.746540609,0.993945441,0.881939906,0.761265623,0.005496383,0.00113868,0.579525349,0.995819226,CALI
52645,909.85,373.0269822,180.4283802,2.067451815,0.875240929,53307,258.9009383,0.741980494,0.987581368,0.799148328,0.694054185,0.007085706,0.00101423,0.481711212,0.99591472,HOROZ
44806,785.824,291.877525,195.8439983,1.490357261,0.741475396,45256,238.8488456,0.803306022,0.990056567,0.911791337,0.81831873,0.006514251,0.001801915,0.669645544,0.998011099,SIRA
25811,595.437,216.3181293,152.3224008,1.420133403,0.710042127,26157,181.2831649,0.761117009,0.986772183,0.914835606,0.838039629,0.00838085,0.002549917,0.70231042,0.997374487,DERMASON
78501,1086.368,424.292082,239.2609329,1.773344595,0.825838849,80138,316.1496125,0.768021367,0.979572737,0.835855345,0.745122584,0.005404926,0.001027733,0.555207665,0.984574512,CALI
63905,1030.26,356.7067045,228.9156537,1.558245139,0.766915955,65322,285.2479152,0.713671491,0.978307461,0.756573327,0.799670742,0.005581828,0.001407995,0.639473296,0.996456155,BARBUNYA
53149,853.122,317.7498966,213.4616369,1.488557388,0.740740414,53609,260.1372879,0.744216982,0.991419351,0.917661853,0.818685673,0.005978474,0.001656681,0.670246231,0.997699979,SEKER
42839,773.129,287.0417194,190.6061254,1.505941736,0.747700323,43427,233.5472305,0.753995353,0.986460036,0.900627618,0.813635143,0.006700477,0.001811358,0.662002146,0.996936661,SIRA
39997,743.153,274.3001734,186.0736166,1.474148664,0.73473187,40469,225.6673704,0.704668781,0.988336752,0.910082601,0.822702252,0.006858019,0.001937979,0.676838996,0.997761301,DERMASON
61238,994.628,408.3958839,192.9987007,2.116055094,0.881289123,62108,279.2322389,0.739732315,0.985992143,0.777874438,0.683729317,0.006668994,0.000899036,0.467485779,0.989225665,HOROZ
40964,736.147,246.4204137,212.0015761,1.162351801,0.509746366,41354,228.3790374,0.766255144,0.990569232,0.949911463,0.926786194,0.006015536,0.002737615,0.858932649,0.998381912,SEKER
75065,1060.516,412.116475,234.3914297,1.758240374,0.822510139,75760,309.153241,0.774400875,0.990826294,0.838712089,0.750159869,0.005490128,0.001072451,0.56273983,0.989431888,CALI
62185,981.28,347.5787655,230.0615341,1.510807823,0.749594311,63550,281.3830149,0.758566427,0.97852085,0.811539397,0.809551799,0.005589431,0.001480901,0.655374115,0.990144341,BARBUNYA
70286,1025.449,388.3760551,232.4166013,1.671034053,0.801173714,71633,299.1503211,0.775578213,0.981195818,0.839944441,0.770259436,0.005525653,0.001199807,0.593299599,0.991423833,CALI
35680,703.303,257.4026315,176.840615,1.455562861,0.726639024,36100,213.1412371,0.787429379,0.988365651,0.906462349,0.828046069,0.007214199,0.002092117,0.685660292,0.998021657,DERMASON
45116,796.691,293.5128954,196.2453819,1.495642305,0.743614094,45643,239.673685,0.800553623,0.98845387,0.893224506,0.816569523,0.006505738,0.001784223,0.666785786,0.99727303,SIRA
37865,723.114,262.5028769,184.0776675,1.426044128,0.712924723,38228,219.5705248,0.71260539,0.990504342,0.909985109,0.836449975,0.006932599,0.002093321,0.699648561,0.997729722,SIRA
56433,948.827,381.6930632,191.6640222,1.991469546,0.864785328,57627,268.0535902,0.76372273,0.979280546,0.787714669,0.702275247,0.00676365,0.001014823,0.493190522,0.982173906,HOROZ
46436,824.571,316.1259079,187.9935693,1.681578307,0.803962932,47202,243.1545835,0.681919643,0.983771874,0.858239607,0.76917006,0.006807776,0.001469855,0.591622581,0.994859698,SIRA
46757,829.953,307.901337,194.6059883,1.582178121,0.774935692,47292,243.9935683,0.720169426,0.988687304,0.853000929,0.792440756,0.006585139,0.001601813,0.627962352,0.993548295,SIRA
61543,991.2,354.6838492,221.9501539,1.598033806,0.780008443,62634,279.9267427,0.828259582,0.982581346,0.787165298,0.789228896,0.005763188,0.001379286,0.62288225,0.995386893,BARBUNYA
45564,799.25,303.2369332,191.8318959,1.580743034,0.774467344,45975,240.8607204,0.708659948,0.991060359,0.896326873,0.794298761,0.006655187,0.001634088,0.630910522,0.997307413,SIRA
28550,657.63,236.064799,154.2676278,1.530229007,0.756929143,29076,190.6593533,0.733367583,0.981909479,0.829569436,0.807656856,0.008268469,0.002170263,0.652309596,0.998183066,DERMASON
160641,1514.903,544.8924394,376.7901627,1.446142955,0.722381659,161945,452.2548769,0.778638941,0.991947884,0.879623071,0.829989268,0.003391989,0.000992942,0.688882185,0.996222119,BOMBAY
40740,757.11,263.4535233,199.1303713,1.323020298,0.654749088,41567,227.7537685,0.72434393,0.98010441,0.893126394,0.864493158,0.006466704,0.002227968,0.747348421,0.988757131,SIRA
31534,671.57,236.7196427,169.9273624,1.393063714,0.696205785,31979,200.375487,0.804110567,0.986084618,0.878630657,0.846467512,0.007506807,0.002377257,0.716507249,0.99814025,DERMASON
49618,835.229,319.838187,198.1987476,1.613724561,0.784851066,50167,251.3475676,0.801479615,0.989056551,0.89379514,0.78585853,0.006446011,0.001516521,0.61757363,0.996593734,SIRA
80388,1087.792,428.2023715,241.2282038,1.775092484,0.826217726,81386,319.9268362,0.768175216,0.987737449,0.853708031,0.747139338,0.005326695,0.001023868,0.55821719,0.990887138,CALI
66354,1007.809,342.8486934,247.0840998,1.38757894,0.693268161,67573,290.6622383,0.769553721,0.98196025,0.820957184,0.847785755,0.005166963,0.001646492,0.718740686,0.997309439,BARBUNYA
38811,742.218,264.634744,187.3745512,1.412330235,0.706162603,39314,222.2964237,0.714909372,0.987205576,0.885322969,0.840012238,0.00681855,0.002094181,0.705620561,0.996569252,DERMASON
46815,822.48,322.0584588,185.8290969,1.733089512,0.816741149,47410,244.1448531,0.69858537,0.987449905,0.869649396,0.758076201,0.006879386,0.001401461,0.574679527,0.995971061,SIRA
47445,827.126,310.5265317,195.2888452,1.590088422,0.777489561,47955,245.7821194,0.697310406,0.98936503,0.871479087,0.79150119,0.006544979,0.001584508,0.626474134,0.996149266,SIRA
44710,784.35,291.2182623,195.9964807,1.48583414,0.73962189,45172,238.5928332,0.7911734,0.989772425,0.913260622,0.819292139,0.006513493,0.001810293,0.67123961,0.997350729,SIRA
89031,1135.554,429.7806427,266.9790163,1.609791843,0.783653392,90324,336.6864861,0.733417359,0.985684868,0.867631943,0.783391462,0.004827315,0.001121504,0.613702183,0.987932768,CALI
141953,1402.05,524.2311633,346.3974998,1.513380332,0.750586301,143704,425.1354762,0.714710799,0.987815231,0.907459885,0.810969484,0.003692991,0.000985317,0.657671504,0.99530712,BOMBAY
48864,871.136,357.754131,174.6584549,2.048306972,0.872727264,49592,249.4305056,0.625571302,0.985320213,0.809146121,0.697212091,0.007321425,0.001067174,0.486104699,0.995691645,HOROZ
43616,752.431,262.5572705,211.7062083,1.240196368,0.591474202,43970,235.6557149,0.788259958,0.991949056,0.968104721,0.897540238,0.006019747,0.002409759,0.805578478,0.999075502,SEKER
30981,652.401,245.9196589,160.5827838,1.531419826,0.757367561,31276,198.6107609,0.806922957,0.990567848,0.914694483,0.807624578,0.007937757,0.002083127,0.65225746,0.998880006,DERMASON
75253,1126.203,392.5394922,244.9674984,1.602414585,0.781377843,76962,309.5401355,0.723183225,0.977794236,0.745590425,0.788557945,0.005216264,0.001244153,0.621823633,0.996419259,BARBUNYA
45713,804.837,312.0434641,187.0942954,1.667840612,0.800316568,46090,241.2542213,0.77806713,0.991820351,0.886816409,0.773143004,0.006826143,0.001504508,0.597750105,0.996951901,SIRA
27920,618.669,235.3396905,151.3921866,1.554503544,0.765620761,28181,188.5440216,0.737687592,0.990738441,0.916660606,0.80115692,0.008429072,0.002142051,0.641852411,0.997761847,DERMASON
38751,739.551,271.1629633,182.2863325,1.48756607,0.740334155,39175,222.1245272,0.792940454,0.989176771,0.890341303,0.819155111,0.006997573,0.001943532,0.671015095,0.998179289,SIRA
38523,732.182,271.4652247,181.1326167,1.498709784,0.744842262,38880,221.470104,0.782097612,0.990817901,0.903008563,0.81583232,0.007046835,0.001925651,0.665582374,0.997514816,SIRA
76932,1078.688,429.2529263,230.1362423,1.865212197,0.844134141,78422,312.9742236,0.747144744,0.98100023,0.830854913,0.72911378,0.005579641,0.000972674,0.531606904,0.991559682,CALI
36863,690.538,236.7542211,198.3587987,1.193565512,0.545937634,37161,216.6458616,0.768459454,0.99198084,0.971461011,0.915066522,0.006422544,0.002777778,0.837346739,0.999428189,SEKER
57592,989.579,398.5317572,185.4830007,2.148616077,0.885092129,58413,270.7921931,0.769206112,0.98594491,0.739045341,0.679474567,0.006919915,0.000909857,0.461685687,0.99198529,HOROZ
38016,702.523,242.059273,200.2619577,1.208713207,0.561721907,38312,220.0078965,0.74893617,0.992273961,0.967955047,0.908900922,0.0063673,0.00268041,0.826100887,0.998519052,SEKER
55720,922.19,372.6116826,194.0394481,1.920288303,0.853706089,56939,266.3548525,0.722810295,0.978591124,0.823341781,0.714832263,0.006687216,0.001077064,0.510985165,0.981238835,HOROZ
37600,749.282,299.1671654,161.1116364,1.856893594,0.842603896,38280,218.8008384,0.678210678,0.982236155,0.84160268,0.731366486,0.007956574,0.001404255,0.534896936,0.993246694,HOROZ
70263,1021.678,392.8862427,231.126409,1.69987603,0.808658622,71785,299.101371,0.748179146,0.978797799,0.845879441,0.761292554,0.005591652,0.001158581,0.579566352,0.98519095,CALI
84584,1126.361,394.41481,274.3782349,1.437485777,0.718372101,85824,328.1702205,0.803572107,0.985551827,0.837804857,0.832043352,0.004662995,0.001378569,0.692296139,0.995165854,BARBUNYA
51894,901.802,367.3547664,182.1624611,2.016632649,0.868393264,52605,257.0476472,0.653058656,0.986484175,0.801871214,0.699725907,0.007078945,0.001046791,0.489616345,0.987376307,HOROZ
35247,682.573,234.9905396,191.2353297,1.228802962,0.581144872,35605,211.8439856,0.759012016,0.989945232,0.950678806,0.90150006,0.006666966,0.002716258,0.812702358,0.998651065,SEKER
49498,876.898,362.7377273,174.962005,2.073237142,0.875985471,50137,251.0434444,0.683825155,0.987254922,0.80890842,0.692079774,0.007328331,0.001037073,0.478974414,0.993027545,HOROZ
28615,628.078,226.9721739,161.1857974,1.408140032,0.704043706,29028,190.8762677,0.815799977,0.985772358,0.911541512,0.840967703,0.00793193,0.002447236,0.707226677,0.995874196,DERMASON
28157,628.77,233.6673957,154.603181,1.511400957,0.749823596,28477,189.3425622,0.686086745,0.988762861,0.894978536,0.810308009,0.008298732,0.002206948,0.656599069,0.992384462,DERMASON
42447,770.203,289.5305183,187.1340598,1.54718237,0.763052747,42916,232.4762331,0.725403743,0.989071675,0.899179617,0.802942068,0.006820989,0.001748896,0.644715965,0.997493174,SIRA
26044,595.703,221.920449,149.8891835,1.480563466,0.737434613,26333,182.0995626,0.742248062,0.989025178,0.922269775,0.820562339,0.008520982,0.002382954,0.673322551,0.99689677,DERMASON
74933,1081.712,373.0301535,256.024998,1.457006763,0.727282138,76038,308.8813021,0.728211856,0.985467792,0.804747598,0.828033067,0.004978183,0.001443581,0.68563876,0.998980311,BARBUNYA
44522,784.973,296.3863498,191.9265767,1.544269454,0.762018388,44897,238.0906781,0.790167717,0.991647549,0.90797751,0.803311888,0.006657076,0.001710016,0.645309989,0.996532504,SIRA
38997,719.366,251.6604812,197.4855859,1.274323288,0.619837458,39347,222.8284599,0.784679464,0.991104786,0.946980961,0.885432861,0.006453329,0.00244673,0.783991351,0.999058437,SEKER
43362,751.489,263.160769,210.2474285,1.251671761,0.601422027,43682,234.9685365,0.765139752,0.992674328,0.964881353,0.892870687,0.006068926,0.002379282,0.797218063,0.997855337,SEKER
58063,941.882,366.6895234,202.7909699,1.808214259,0.833160141,58936,271.8972374,0.735011899,0.985187322,0.822462945,0.741491698,0.006315373,0.001177617,0.549809938,0.99417417,SIRA
35355,703.393,266.6984048,169.298846,1.575311416,0.7726805,35741,212.1682919,0.678078251,0.989200078,0.897975777,0.795536412,0.007543442,0.001863758,0.632878182,0.996980225,DERMASON
23687,659.999,217.1394064,139.6625959,1.554742735,0.765703905,24419,173.6641157,0.785039605,0.970023342,0.683334533,0.799781664,0.009167029,0.002313631,0.63965071,0.994492294,DERMASON
195076,1671.831,629.855816,397.1060279,1.586114971,0.776212545,196829,498.3758395,0.796257822,0.991093792,0.8770593,0.79125385,0.003228771,0.000780693,0.626082656,0.993039073,BOMBAY
160250,1511.116,552.8430862,369.9830545,1.494238937,0.743049005,161847,451.7041477,0.819035353,0.990132656,0.881885687,0.8170567,0.003449879,0.000948402,0.667581651,0.997526497,BOMBAY
88907,1210.626,405.2430606,280.9582347,1.442360503,0.720641443,91061,336.4519404,0.780680341,0.976345527,0.762299836,0.830247259,0.004558056,0.001335947,0.689310511,0.994234256,BARBUNYA
43543,796.795,304.2525071,183.4273473,1.658708538,0.797832882,44112,235.4584241,0.67465642,0.987101016,0.861856599,0.773891484,0.006987403,0.001546023,0.598908028,0.993413861,SIRA
43874,790.864,301.4945475,186.549139,1.616166921,0.785589556,44410,236.3516697,0.68294885,0.987930646,0.881482066,0.78393348,0.006871827,0.001600917,0.6145517,0.993218129,SIRA
50590,883.694,350.7994657,184.2973553,1.903442755,0.850877684,51232,253.7975346,0.720932552,0.98746877,0.814086834,0.723483242,0.006934166,0.001171893,0.523428001,0.996315236,HOROZ
54417,915.508,371.6190058,187.5068338,1.981895797,0.863372309,55168,263.2221045,0.803748671,0.986387036,0.815868512,0.70831174,0.006829098,0.001060329,0.501705521,0.994328063,HOROZ
40453,728.447,258.3112058,199.5561865,1.294428453,0.634963992,40801,226.9501251,0.780704802,0.991470797,0.957998172,0.878591869,0.006385465,0.002347043,0.771923673,0.999199965,SEKER
35955,693.613,253.6640629,180.8837375,1.402359694,0.701078793,36295,213.9610428,0.776582648,0.990632319,0.93914945,0.843481888,0.007055043,0.002202837,0.711461696,0.997725207,SEKER
154364,1481.35,556.1528852,353.8528242,1.571706786,0.77148213,155283,443.3309701,0.813058318,0.994081773,0.883976102,0.797138668,0.003602867,0.000897353,0.635430056,0.998709732,BOMBAY
33364,682.308,247.8502632,171.7739074,1.442886565,0.720884544,33812,206.1076519,0.726283251,0.986750266,0.900589854,0.831581332,0.007428674,0.002191341,0.691527511,0.997795755,DERMASON
45347,834.011,264.891106,220.2328694,1.202777345,0.555660823,46554,240.2864824,0.793945654,0.974073119,0.819247015,0.907114195,0.005841425,0.002439756,0.822856163,0.989712751,SEKER
42730,748.355,260.9115536,208.7675966,1.249770356,0.599803951,43110,233.2499212,0.754480445,0.99118534,0.95879868,0.893980807,0.006106051,0.002405764,0.799201683,0.998818573,SEKER
68957,1009.649,378.0677526,233.0814857,1.622041114,0.787349282,69918,296.3085879,0.702925586,0.986255328,0.850055701,0.783744675,0.00548266,0.001276055,0.614255716,0.996348025,BARBUNYA
48910,846.382,323.6907308,193.684338,1.671228217,0.801225642,49661,249.5478834,0.678852987,0.984877469,0.857975111,0.770945411,0.006618089,0.001442138,0.594356826,0.993305899,SIRA
27737,613.659,226.8059656,156.0811044,1.453128913,0.725549302,27997,187.9251054,0.739850627,0.990713291,0.925582499,0.828572145,0.008177019,0.002377366,0.6865318,0.997619207,DERMASON
80737,1095.419,419.110364,250.4878689,1.673176293,0.801745451,83362,320.6205563,0.749563651,0.968510832,0.8455162,0.765002691,0.005191057,0.001096699,0.585229117,0.979191485,CALI
57283,963.934,374.3286774,195.8871357,1.910940584,0.852146986,58125,270.0647716,0.627690116,0.985513978,0.774713316,0.721464285,0.006534725,0.00109211,0.520510714,0.994665048,HOROZ
56928,935.66,324.0394421,224.1507189,1.445631955,0.722147602,57936,269.2266346,0.77012987,0.982601491,0.817146008,0.83084526,0.005692093,0.00167314,0.690303847,0.9979253,BARBUNYA
41955,765.642,292.8365735,183.204409,1.598414444,0.78012797,42360,231.1249989,0.694216927,0.990439093,0.899377651,0.789262748,0.006979778,0.001670736,0.622935686,0.995709398,SIRA
82762,1112.693,438.5255345,242.3317215,1.809608465,0.833442806,83578,324.6164679,0.769392384,0.990236665,0.840020973,0.740245305,0.005298634,0.000981401,0.547963111,0.991598684,CALI
80219,1123.513,394.2657354,261.41406,1.508204017,0.748583729,81677,319.5903676,0.795712897,0.982149197,0.798602939,0.810596354,0.004914867,0.001308911,0.657066449,0.990990258,BARBUNYA
33912,693.109,267.6705998,161.5147148,1.657252097,0.797432244,34248,207.7934057,0.752529735,0.990189208,0.887074696,0.776302686,0.007893094,0.001768281,0.602645861,0.998736116,DERMASON
68938,1004.618,384.3498284,229.3453332,1.67585633,0.802457064,69770,296.2677636,0.769955883,0.988075104,0.858354391,0.770828401,0.005575297,0.001214168,0.594176423,0.99575432,CALI
48610,819.362,307.9601725,201.640009,1.527277122,0.755836831,49068,248.7813785,0.760077556,0.990666015,0.909879432,0.80783621,0.006335325,0.00166434,0.652599342,0.996700044,SIRA
27266,606.522,221.9458454,157.0984866,1.412781562,0.706389328,27559,186.3227024,0.720788834,0.989368264,0.931404169,0.839496239,0.008140022,0.002493908,0.704753935,0.995663365,DERMASON
49678,840.472,322.4553663,197.4530829,1.633073344,0.790592704,50291,251.4994913,0.788539683,0.98781094,0.883746014,0.779951328,0.006490909,0.001481683,0.608324074,0.99343783,SIRA
71693,1025.391,389.3844431,235.5206911,1.653291867,0.796336477,72353,302.1297117,0.798505302,0.990878056,0.856855553,0.775916237,0.005431276,0.001214342,0.602046006,0.995357765,CALI
35059,671.731,230.0316108,194.3218141,1.183766279,0.535143216,35314,211.2782649,0.7777063,0.992779068,0.976379396,0.918474918,0.006561271,0.002880295,0.843596175,0.998620705,SEKER
36958,709.414,254.3816575,185.5235122,1.371155896,0.684181616,37398,216.924842,0.79047782,0.988234665,0.922823861,0.852753474,0.006882993,0.00224518,0.727188487,0.997088781,SIRA
28154,625.922,236.0887675,152.1573347,1.55160951,0.764611007,28525,189.3324751,0.779716406,0.986993865,0.903045302,0.801954608,0.008385621,0.002139509,0.643131194,0.997888477,DERMASON
84185,1175.084,408.7205273,263.6448984,1.550269054,0.764140939,85882,327.3952826,0.680673356,0.98024033,0.76613756,0.80102481,0.004855028,0.001232978,0.641640746,0.994715792,BARBUNYA
36648,728.404,244.7217496,191.1254361,1.280424807,0.624542523,37297,216.0131543,0.76033195,0.982599137,0.867991553,0.882688828,0.006677629,0.002500533,0.779139567,0.997629629,SEKER
37454,698.809,245.9677421,193.9975663,1.267890865,0.614763614,37765,218.3756257,0.753162139,0.991764862,0.963809252,0.887822216,0.006567196,0.002516887,0.788228287,0.999387444,SEKER
49839,878.701,363.4661926,174.9727241,2.07727344,0.876500871,50305,251.9067003,0.660294118,0.990736507,0.811142099,0.693067761,0.007292807,0.001037952,0.480342921,0.997803593,HOROZ
45030,842.585,343.6325296,168.215351,2.042813141,0.87199149,45623,239.4451434,0.630760611,0.98700217,0.797047794,0.696805811,0.007631191,0.001109735,0.485538338,0.991864097,HOROZ
51935,861.798,333.0331134,199.1773475,1.672043119,0.801443346,52533,257.1491702,0.684435952,0.988616679,0.878737249,0.772142949,0.006412499,0.001406041,0.596204733,0.996880022,SIRA
56318,1026.226,384.5543262,187.6346173,2.04948496,0.872884179,57574,267.7803292,0.656065795,0.978184597,0.672002766,0.696339401,0.006828267,0.000990317,0.484888561,0.993771814,HOROZ
44946,803.695,303.809435,189.1890869,1.605850739,0.782442466,45508,239.2217059,0.740217391,0.987650523,0.874416569,0.787407099,0.006759432,0.001602829,0.62000994,0.99564342,SIRA
39295,747.624,284.2898075,176.9774367,1.606361878,0.782600125,39701,223.678224,0.747053232,0.989773557,0.883447382,0.786796495,0.007234758,0.001710226,0.619048724,0.994416271,DERMASON
47484,794.213,282.4130237,214.3820412,1.317335268,0.650964473,47848,245.8831156,0.744450019,0.992392576,0.945982663,0.870650767,0.005947541,0.002108109,0.758032758,0.998583286,SEKER
38550,714.519,238.4852609,206.1382711,1.156918895,0.502865237,38916,221.5477024,0.792036489,0.990595128,0.948869928,0.928978594,0.006186388,0.002842103,0.863001229,0.998422428,SEKER
64734,1032.092,372.8922116,224.1463197,1.663610681,0.799172181,66426,287.0921258,0.691802122,0.974528046,0.763669567,0.769906469,0.005760376,0.001248483,0.59275597,0.986115164,BARBUNYA
31746,669.002,242.5025068,167.58032,1.447082252,0.722811047,32134,201.0479112,0.696764848,0.987925562,0.891341328,0.829054981,0.007638837,0.002226078,0.687332161,0.994626172,DERMASON
65165,1005.967,411.3092427,203.260623,2.023555948,0.869359855,65979,288.0462722,0.783007306,0.987662741,0.809201716,0.700315583,0.006311812,0.000936503,0.490441916,0.992436657,HOROZ
59409,972.196,385.843523,197.3182953,1.95543714,0.859346007,60157,275.0307039,0.634711538,0.987565869,0.789867867,0.712803734,0.006494698,0.001034233,0.508089163,0.99353642,HOROZ
29636,628.137,229.8971736,164.584919,1.396830128,0.698195994,29912,194.2517108,0.78718657,0.990772934,0.943888507,0.844950409,0.007757362,0.002439039,0.713941193,0.997254569,DERMASON
48650,890.44,372.9335252,167.2397494,2.229933533,0.893811001,49301,248.8837155,0.586922427,0.9867954,0.771051501,0.667367503,0.007665643,0.000937969,0.445379384,0.993166424,HOROZ
27429,605.024,209.7789848,167.3613611,1.253449323,0.602924158,27774,186.8788042,0.732690458,0.987578311,0.941617743,0.890836632,0.007648073,0.002971146,0.793589904,0.994724728,DERMASON
52213,900.059,368.2535374,181.332872,2.030815116,0.870361605,52846,257.8364915,0.620851615,0.988021799,0.809928261,0.700160257,0.007052909,0.001045533,0.490224386,0.995555093,HOROZ
45904,833.6,329.0114502,179.2313494,1.83568026,0.838593833,46654,241.7577053,0.716533467,0.983924208,0.830127848,0.734800279,0.007167381,0.001288895,0.53993145,0.991141504,SIRA
75025,1071.293,406.2694496,238.5373274,1.703169286,0.8094849,76620,309.0708606,0.706929368,0.979182981,0.821484425,0.760753389,0.005415121,0.001118828,0.578745719,0.985701932,CALI
45280,846.153,353.4912173,164.3193202,2.151245617,0.885391042,45912,240.1089057,0.620070114,0.986234536,0.794727946,0.67924999,0.007806785,0.00102511,0.461380548,0.992542882,HOROZ
41236,768.33,277.4306179,190.7383409,1.454508918,0.726168027,41913,229.1359986,0.812371946,0.983847494,0.877790373,0.825921812,0.006727874,0.001931138,0.68214684,0.992188662,SIRA
84641,1111.659,432.5475368,250.5309368,1.726523448,0.815186456,85214,328.2807766,0.677431489,0.993275753,0.860691419,0.75894728,0.005110378,0.001045874,0.576000974,0.994479188,CALI
43752,769.631,276.4439767,202.4861281,1.365248964,0.680802389,44197,236.0228306,0.767848368,0.989931443,0.928202363,0.85378178,0.006318431,0.002070983,0.728943329,0.995189124,SIRA
34514,694.842,245.7206579,180.4311069,1.361853076,0.678832016,34944,209.6296488,0.812935745,0.987694597,0.898324068,0.853121795,0.007119449,0.002326324,0.727816797,0.991179544,DERMASON
67548,1071.834,369.8283631,232.8346137,1.588373641,0.776939885,68736,293.2657238,0.719713598,0.98271648,0.738868752,0.792977914,0.005475045,0.001335401,0.628813972,0.998791537,BARBUNYA
55596,947.733,314.7614494,225.636432,1.394993914,0.697228444,56806,266.0583126,0.770262407,0.978699433,0.777824116,0.84526969,0.005661584,0.001782785,0.714480848,0.996696435,BARBUNYA
38858,753.174,280.9159617,176.5629748,1.591024177,0.777788606,39287,222.4309831,0.690808889,0.989080357,0.860794868,0.791806139,0.007229295,0.001752876,0.626956962,0.997503685,SIRA
32129,764.142,261.6140223,158.0687804,1.65506447,0.796828102,33221,202.2570477,0.678113128,0.967129225,0.691447055,0.773112412,0.008142613,0.001794379,0.597702801,0.98923667,DERMASON
47463,817.819,303.3413163,199.8199479,1.518073243,0.75237964,47902,245.8287382,0.795025126,0.990835456,0.89176548,0.810403084,0.006391111,0.001700437,0.656753158,0.996999397,SIRA
29307,627.269,228.2960041,163.7280852,1.39436068,0.696893577,29592,193.1704722,0.787230042,0.990369019,0.935995107,0.8461404,0.007789811,0.002463068,0.715953576,0.998297515,DERMASON
60037,957.698,371.1089976,208.8762781,1.776692887,0.826563501,61069,276.4805283,0.646226212,0.983101082,0.822567764,0.745011655,0.006181338,0.001174666,0.555042366,0.986139823,HOROZ
31431,655.809,238.7027514,168.2668128,1.418596736,0.709284867,31787,200.0479746,0.776841325,0.988800453,0.918360758,0.838063128,0.007594501,0.002310925,0.702349807,0.996351144,DERMASON
48611,804.782,284.4975919,217.9497639,1.305335627,0.642737487,49059,248.7839374,0.74623131,0.990868138,0.94316551,0.874467639,0.005852535,0.002111051,0.764693651,0.998181867,SEKER
64410,1004.419,367.1284917,224.4069092,1.6359946,0.791438379,65579,286.3727625,0.757363749,0.982174172,0.802293594,0.780034154,0.005699868,0.001301664,0.608453281,0.995426283,BARBUNYA
61336,986.354,381.6518648,206.7006198,1.846399228,0.840639758,62384,279.4555791,0.647707953,0.983200821,0.792245341,0.732226421,0.006222314,0.00110335,0.536155532,0.989957161,HOROZ
53281,913.484,367.8415066,185.67114,1.981145302,0.863260576,54004,260.460124,0.65956525,0.986612103,0.802380455,0.708077037,0.006903803,0.001070509,0.50137309,0.993292942,HOROZ
33762,676.323,255.2176269,168.7328682,1.512554309,0.750268471,34083,207.3333391,0.715054219,0.990581815,0.927533738,0.812378603,0.007559316,0.002030936,0.659958994,0.99822382,DERMASON
66926,1043.841,429.1510473,199.4556918,2.151610934,0.885432475,67662,291.9123666,0.812524281,0.989122403,0.771855549,0.680208911,0.006412322,0.000846768,0.462684163,0.995516304,HOROZ
43962,785.947,299.0973499,188.0885938,1.590193981,0.777523327,44551,236.5885814,0.799323624,0.986779197,0.894336148,0.791008618,0.006803543,0.001643008,0.625694634,0.994975841,SIRA
58851,931.858,324.4800674,231.7515902,1.400120133,0.699916758,59915,273.7360416,0.725829726,0.982241509,0.851656048,0.843614351,0.005513586,0.001722621,0.711685174,0.99644474,BARBUNYA
51630,826.672,296.4460313,222.1142927,1.33465536,0.662279248,52050,256.3929751,0.771402958,0.991930836,0.949391924,0.864889215,0.00574174,0.001981825,0.748033353,0.998366724,SEKER
36566,694.803,245.2090877,190.1029227,1.289875422,0.631631612,36883,215.771354,0.778596372,0.991405254,0.951839994,0.879948439,0.006705931,0.002480092,0.774309255,0.998762478,SEKER
38426,709.22,244.3886801,200.506918,1.218854105,0.571728705,38709,221.1911001,0.753052306,0.992689039,0.960004114,0.905079155,0.006359982,0.002632582,0.819168277,0.998446617,SEKER
34766,669.475,232.1753322,190.9940473,1.215615541,0.568579226,35054,210.3935503,0.75210384,0.991784105,0.974755876,0.90618391,0.00667823,0.002777835,0.821169279,0.998226137,SEKER
31345,659.404,238.177771,168.255497,1.415572003,0.707784699,31720,199.7741063,0.80869453,0.988177806,0.905888995,0.8387605,0.007598589,0.002319875,0.703519176,0.99588205,DERMASON
39061,739.395,272.3422598,182.8147714,1.489716929,0.741214304,39575,223.0112326,0.78233091,0.987012003,0.89784259,0.818863854,0.00697223,0.001933741,0.670538012,0.998911828,DERMASON
72837,1052.169,371.9103821,250.0233364,1.487502677,0.74030814,73876,304.5307024,0.784450356,0.985935893,0.826781803,0.818828183,0.005106064,0.001415915,0.670479593,0.99734019,BARBUNYA
30779,647.938,242.6919702,161.7797974,1.500137682,0.745410715,31085,197.9622185,0.714892925,0.990156024,0.921292356,0.815693318,0.007884986,0.002153219,0.665355589,0.998124991,DERMASON
34259,676.402,227.5449241,191.8680382,1.185944914,0.537585123,34623,208.8538091,0.770124761,0.989486757,0.940967839,0.917857473,0.006641902,0.002907858,0.842462341,0.999113929,SEKER
58169,955.238,384.1855051,194.0142922,1.980191772,0.863118411,58784,272.1453124,0.694970131,0.98953797,0.801084411,0.708369548,0.006604643,0.001025814,0.501787416,0.993635312,HOROZ
26861,604.427,215.9772288,158.7210484,1.360734641,0.678178582,27189,184.9337379,0.728967651,0.987936298,0.923941189,0.856264982,0.008040551,0.002666234,0.733189719,0.997676649,DERMASON
40552,741.016,276.3576019,187.4512838,1.47429026,0.734792017,40892,227.2276612,0.819298529,0.991685415,0.92804059,0.822223306,0.006814895,0.001921313,0.676051166,0.996695649,DERMASON
75197,1069.437,417.855791,230.9254685,1.809483352,0.833417471,76303,309.4249409,0.748675826,0.985505157,0.826228112,0.740506528,0.005556815,0.001030674,0.548349918,0.992230047,CALI
29037,630.512,227.9406637,162.6709752,1.401237457,0.700497438,29391,192.2785913,0.75029069,0.987955497,0.917856728,0.843546685,0.007850007,0.002451807,0.71157101,0.997079953,DERMASON
58484,956.166,381.8160612,196.8159092,1.939965437,0.85690576,59456,272.8811857,0.6583293,0.983651776,0.803859853,0.714692789,0.006528556,0.00105069,0.510785783,0.990906765,HOROZ
24541,578.864,206.4772833,151.8732124,1.359537209,0.677476505,24910,176.7669982,0.727464058,0.985186672,0.920341566,0.856108698,0.008413564,0.002787889,0.732922103,0.996434871,DERMASON
41036,758.004,283.5890854,185.6580124,1.527480995,0.755912526,41645,228.5796534,0.780938969,0.985376396,0.897494695,0.806024157,0.006910739,0.001799271,0.649674941,0.992366125,SIRA
62646,954.496,374.7266241,215.0731285,1.74232191,0.818892622,63615,282.4240863,0.790625473,0.984767743,0.864082053,0.753680332,0.005981653,0.001190556,0.568034042,0.989698158,CALI
22745,562.893,196.689945,147.6420864,1.332207839,0.66071867,23132,170.1758897,0.740638229,0.983269929,0.902078037,0.865198726,0.008647612,0.002989093,0.748568835,0.99724927,DERMASON
28912,630.948,233.888155,157.7573468,1.482581697,0.738275682,29305,191.8642794,0.795597138,0.986589319,0.912642866,0.820324909,0.008089657,0.002259714,0.672932956,0.997678084,DERMASON
39891,742.199,278.3161569,182.9145475,1.521563816,0.753700038,40309,225.3681403,0.794135213,0.989630107,0.910005585,0.809755865,0.006976916,0.001850375,0.65570456,0.997696333,SIRA
39243,744.907,283.0041838,177.0162371,1.598747033,0.780232325,39673,223.5301757,0.710923913,0.989161394,0.888726139,0.789847601,0.007211584,0.001731345,0.623859233,0.997393098,DERMASON
93156,1183.213,482.0496439,249.1389615,1.93486254,0.856086493,94313,344.3978848,0.800914781,0.987732338,0.83617048,0.714444848,0.005174649,0.00083164,0.510431442,0.987614675,CALI
74187,1036.095,398.639195,239.0336652,1.667711511,0.800281793,75002,307.339913,0.787146677,0.989133623,0.868437398,0.770972641,0.005373437,0.001171083,0.594398813,0.991285743,CALI
43625,782.4,282.3577239,197.0964384,1.432586637,0.716060657,44149,235.680027,0.766925092,0.988131101,0.895545427,0.834685957,0.006472383,0.001937923,0.696700647,0.998084037,SEKER
27460,611.836,227.2272809,154.0738264,1.474794818,0.735006164,27741,186.9843788,0.794445248,0.989870589,0.921807724,0.822895816,0.008274846,0.002340556,0.677157524,0.998668408,DERMASON
29694,647.147,242.3662291,156.3663073,1.549990105,0.764042928,30138,194.4417009,0.71147211,0.985267768,0.8909897,0.802264002,0.008162128,0.002085703,0.643627529,0.997616301,DERMASON
33176,673.911,249.3896053,169.8742215,1.468083875,0.732134595,33512,205.5261422,0.814174929,0.989973741,0.91797065,0.824116715,0.007517169,0.002138893,0.67916836,0.997076117,DERMASON
59530,972.704,401.623235,189.3273988,2.121315972,0.881916584,60280,275.3106429,0.77087434,0.987558062,0.790650123,0.685494809,0.006746569,0.000918924,0.469903134,0.996813023,HOROZ
34940,690.354,258.4906996,172.3981294,1.499382276,0.74511024,35264,210.9193915,0.772461974,0.99081216,0.921274549,0.815965107,0.007398131,0.002022964,0.665799057,0.998287305,DERMASON
41923,731.342,250.714385,213.0186626,1.176959718,0.527352253,42167,231.03684,0.787286385,0.994213484,0.984965881,0.921514096,0.005980354,0.002660202,0.84918823,0.99946034,SEKER
31385,653.849,238.7121398,167.7064716,1.423392535,0.711637454,31704,199.9015335,0.791591001,0.989938178,0.922522717,0.837416705,0.007605931,0.002307271,0.701266738,0.99817784,DERMASON
35544,683.35,232.2347035,195.0293809,1.190767783,0.542904715,35949,212.7346384,0.784462591,0.98873404,0.956510555,0.916032941,0.006533724,0.002837821,0.839116349,0.999192714,SEKER
68045,1028.051,401.0168658,217.5590453,1.843255311,0.840043892,69048,294.3426317,0.687705291,0.985473873,0.809052609,0.733990654,0.005893407,0.001055136,0.538742281,0.99303957,CALI
64439,1012.138,421.3469084,195.775278,2.152196706,0.885498863,65234,286.4372235,0.671407435,0.987813104,0.790458721,0.679813279,0.006538694,0.000861449,0.462146095,0.994629303,HOROZ
78107,1073.854,408.9859793,247.221693,1.654328851,0.796624309,79803,315.3552301,0.788959596,0.978747666,0.851156349,0.771066115,0.005236227,0.001141733,0.594542953,0.983569561,CALI
85816,1200.368,397.8603704,276.0131662,1.441454319,0.720221866,87299,330.5515463,0.801898781,0.983012406,0.74842677,0.830822999,0.004636203,0.001362625,0.690266856,0.994988141,BARBUNYA
78823,1085.724,413.4667496,243.7606856,1.696199486,0.807729478,79895,316.7973495,0.751124452,0.986582389,0.840279848,0.766197886,0.005245509,0.001115145,0.5870592,0.995769514,BARBUNYA
72477,1038.598,388.0337684,240.6997532,1.612107047,0.784359749,73544,303.7771922,0.808173506,0.985491678,0.844335615,0.782862774,0.005353888,0.001240485,0.612874122,0.988018692,CALI
62441,971.606,334.6205025,239.7088797,1.395945377,0.697730439,63560,281.9616116,0.71593515,0.982394588,0.83118814,0.842631009,0.005358987,0.001666526,0.710027017,0.991158932,BARBUNYA
31332,652.039,232.4928747,172.1533641,1.350498585,0.672092421,31758,199.7326749,0.763004091,0.986586057,0.926084971,0.859091597,0.007420301,0.002493212,0.738038371,0.996719776,DERMASON
44495,764.275,263.049911,215.7272214,1.219363552,0.572220287,44839,238.0184731,0.776689708,0.992328107,0.957242049,0.904841489,0.005911898,0.002444538,0.81873812,0.998339422,SEKER
171620,1583.298,566.1217778,389.903898,1.451952085,0.725019858,174696,467.4541375,0.790263759,0.98239227,0.860304977,0.825713046,0.003298693,0.000945885,0.681802034,0.989943885,BOMBAY
69978,1019.805,395.8064047,227.254477,1.74168804,0.818746181,70905,298.4941488,0.709104727,0.986926169,0.84554576,0.754141786,0.005656155,0.00112853,0.568729833,0.990549948,CALI
38441,740.082,290.2403582,168.9692311,1.717711303,0.813067085,38777,221.234268,0.779657236,0.99133507,0.881951814,0.762245021,0.007550281,0.001572249,0.581017472,0.99802028,DERMASON
28008,619.174,231.5665731,154.3039597,1.500716984,0.745640752,28337,188.8409203,0.715585079,0.988389738,0.918050431,0.815493004,0.008267873,0.002255561,0.665028839,0.998020074,DERMASON
65901,1054.483,347.0589763,242.8538335,1.429085847,0.71438974,67385,289.6683608,0.771692545,0.977977295,0.744770907,0.834637282,0.005266369,0.001576457,0.696619393,0.995528915,BARBUNYA
35294,701.997,268.1594279,168.4372812,1.592043199,0.778113532,35680,211.9851799,0.795447374,0.989181614,0.899995283,0.790519213,0.007597876,0.001830297,0.624920626,0.994900632,DERMASON
34258,682.821,256.7804102,170.3303191,1.507543763,0.748326423,34594,208.8507609,0.738318966,0.990287333,0.923332517,0.813343824,0.007495487,0.002023375,0.661528177,0.997282677,DERMASON
55039,938.168,384.276326,183.7589375,2.091198019,0.878253803,55850,264.7221776,0.588023504,0.985478962,0.785812925,0.68888495,0.006981891,0.000969928,0.474562474,0.992404106,HOROZ
35719,692.482,254.454012,178.9644871,1.421812876,0.710866037,36039,213.2576922,0.729673966,0.99112073,0.936035193,0.838099154,0.007123772,0.00216806,0.702410192,0.998695855,DERMASON
176521,1635.591,620.7569629,368.8891318,1.682773791,0.804275259,181196,474.0817626,0.744814346,0.97419921,0.829195275,0.763715578,0.003516618,0.000737958,0.583261484,0.981497139,BOMBAY
35773,695.263,260.2901236,175.4282129,1.483741522,0.738757039,36055,213.4188329,0.702050829,0.992178616,0.929965828,0.819926742,0.007276161,0.002028534,0.672279862,0.997489545,DERMASON
34942,701.872,250.9163364,178.0581443,1.409182025,0.704572983,35396,210.925428,0.786503703,0.987173692,0.8913367,0.840620547,0.007180938,0.002211877,0.706642904,0.995788479,SIRA
40304,749.929,291.1140433,176.604156,1.648398599,0.79496951,40623,226.5317784,0.694034991,0.992147306,0.900570502,0.778154759,0.007222957,0.001633649,0.60552483,0.998146281,DERMASON
40479,743.365,260.4392873,198.3173472,1.313245114,0.648197253,40965,227.0230463,0.766125369,0.988136214,0.920524646,0.871692779,0.006433936,0.002291449,0.759848302,0.99786707,SIRA
54385,922.911,373.5142986,186.4584049,2.003204408,0.866486688,55031,263.1446991,0.666605381,0.988261162,0.802360153,0.704510376,0.006867965,0.001043656,0.49633487,0.9942602,HOROZ
67970,1035.57,427.310836,203.8613563,2.096085515,0.878859995,68584,294.180373,0.651802839,0.991047475,0.796467782,0.688445853,0.006286756,0.000871135,0.473957693,0.993455854,HOROZ
58559,968.672,397.9043559,188.7356405,2.108262937,0.880350278,59366,273.0561014,0.652235415,0.986406361,0.784241866,0.686235517,0.006794931,0.000929518,0.470919185,0.992821464,HOROZ
37109,694.497,239.8597557,197.2022904,1.216313235,0.56926133,37419,217.3675373,0.787475596,0.991715439,0.966826103,0.906227627,0.006463655,0.002689101,0.821248512,0.998895434,SEKER
79147,1072.47,408.1812274,250.2303887,1.63122165,0.790053831,80996,317.4477756,0.742996883,0.977171712,0.864717039,0.777712825,0.005157255,0.001163792,0.604837239,0.986623598,CALI
25814,600.225,217.3595755,152.0178211,1.429829568,0.71474607,26186,181.2936999,0.748101779,0.985793936,0.900403157,0.834072755,0.008420221,0.002513732,0.69567736,0.994700059,DERMASON
61559,972.702,363.4118102,216.014883,1.682346166,0.80416363,62400,279.9631282,0.774560874,0.986522436,0.817601732,0.770374326,0.005903472,0.001282609,0.593476601,0.998433085,BARBUNYA
32685,667.306,251.0103646,166.1443327,1.510797031,0.749590136,32949,203.9995944,0.744193989,0.991987617,0.922376636,0.812713828,0.007679681,0.002066681,0.660503767,0.99788713,DERMASON
52831,899.388,366.4237206,184.3619606,1.987523453,0.864205665,53378,259.3578963,0.801927747,0.989752332,0.820737955,0.707808697,0.006935771,0.001073836,0.500993152,0.995735639,HOROZ
48797,879.911,368.4560319,169.1747737,2.177960837,0.888361299,49261,249.2594433,0.800160698,0.990580784,0.792000568,0.676497117,0.007550793,0.00097552,0.457648349,0.996740182,HOROZ
39951,718.307,247.2965346,205.9721726,1.200630801,0.553430279,40267,225.5375646,0.80864285,0.992152383,0.973010039,0.912012637,0.006189996,0.00264164,0.83176705,0.998645139,SEKER
32449,655.38,237.8567997,173.8685559,1.368026544,0.68239892,32793,203.261777,0.798155208,0.989509956,0.949346631,0.85455525,0.007330173,0.002411319,0.730264676,0.999021461,DERMASON
39450,747.706,255.7493608,196.5571803,1.301144839,0.639784989,40001,224.1189417,0.748520036,0.986225344,0.886737633,0.876322588,0.006482874,0.002358323,0.767941278,0.999202831,SEKER
31214,657.852,250.7045799,158.8731626,1.578017179,0.773573439,31547,199.3562117,0.801283532,0.989444321,0.906364509,0.795183765,0.008031799,0.0019809,0.63231722,0.997807436,DERMASON
69561,1008.883,339.905328,260.9274305,1.302681467,0.640872466,70592,297.6034542,0.798450413,0.985394946,0.858804028,0.875548071,0.004886435,0.001771299,0.766584425,0.998615323,BARBUNYA
50747,842.609,300.5536668,215.4237774,1.395174064,0.697323598,51387,254.1910446,0.74980792,0.987545488,0.898189658,0.845742617,0.00592259,0.001869151,0.715280574,0.997940905,SEKER
48598,813.192,301.3699872,206.0170445,1.462840067,0.729855243,49088,248.7506691,0.758537804,0.990017927,0.923510985,0.825399607,0.006201284,0.001775491,0.681284512,0.996610281,SEKER
45161,814.448,302.9709841,190.2388073,1.592582441,0.778285168,45836,239.793184,0.699259879,0.985273584,0.855552553,0.79147244,0.006708686,0.001623904,0.626428623,0.997639226,SIRA
84664,1143.2,396.7575391,272.9980833,1.453334523,0.725641632,86180,328.3253764,0.759134559,0.982408912,0.814074621,0.827521456,0.00468626,0.001355574,0.68479176,0.995231506,BARBUNYA
45968,841.037,346.6311768,169.4391061,2.045756642,0.872386519,46394,241.9261776,0.69270645,0.990817778,0.816648687,0.697935425,0.007540706,0.001103704,0.487113857,0.996516409,HOROZ
40172,721.945,244.9037122,209.3768052,1.169679287,0.518734804,40501,226.160516,0.819736359,0.991876744,0.968556795,0.92346708,0.006096378,0.002734874,0.852791448,0.997492492,SEKER
33446,656.077,224.2339338,190.2565986,1.178586895,0.529237524,33713,206.3607759,0.767814509,0.992080206,0.97643744,0.920292359,0.006704357,0.002966471,0.846938026,0.998190058,SEKER
66932,1075.6,446.7296068,196.491997,2.273525709,0.898073469,69580,291.9254515,0.703251904,0.961943087,0.727012837,0.653472362,0.00667438,0.000750757,0.427026128,0.970854881,HOROZ
89673,1159.738,455.8639211,253.0981741,1.801134768,0.831713177,90645,337.8982239,0.821000879,0.989276849,0.837822054,0.741226073,0.005083625,0.000946577,0.549416091,0.989572423,CALI
25381,603.806,220.053562,147.302134,1.49389256,0.742909218,25783,179.7667736,0.777818639,0.984408331,0.874830155,0.816922807,0.008670012,0.0023819,0.667362873,0.99696843,DERMASON
47162,822.039,314.0568648,192.4945229,1.631510653,0.79013808,47619,245.0480023,0.717969797,0.99040299,0.877035623,0.780266346,0.006659108,0.001522535,0.60881557,0.993289089,SIRA
41708,775.92,292.9688048,181.9132398,1.610486434,0.783865695,42212,230.4436481,0.689217549,0.988060267,0.87055324,0.786580838,0.007024283,0.001658652,0.618709415,0.99642312,SIRA
27335,613.144,231.7023386,150.6374389,1.538145764,0.759820049,27683,186.5583098,0.742032684,0.987429108,0.91370074,0.80516369,0.008476398,0.002197495,0.648288567,0.997162313,DERMASON
138777,1403.006,502.613464,353.8114117,1.420568832,0.710256111,140144,420.3526666,0.823700142,0.990245747,0.885948143,0.836333876,0.003621735,0.001092987,0.699454352,0.993623053,BOMBAY
28206,625.882,241.5864235,148.8962569,1.622515089,0.787490267,28463,189.5072415,0.70515,0.990970734,0.904828856,0.784428358,0.008565072,0.002000433,0.615327849,0.99837872,DERMASON
64388,973.025,374.4032686,220.6201874,1.697049001,0.807944801,65308,286.3238513,0.783881178,0.985912905,0.854607701,0.7647472,0.005814799,0.001226835,0.58483828,0.992499218,CALI
27285,612.003,227.4604476,153.2213987,1.484521415,0.739079904,27594,186.3876095,0.738510258,0.988801913,0.915433329,0.819428659,0.008336465,0.002318496,0.671463327,0.996801688,DERMASON
62326,970.848,377.3634018,211.4355642,1.784767871,0.828291811,63122,281.7018421,0.8016412,0.9873895,0.830953342,0.746500166,0.006054671,0.001159818,0.557262498,0.994584202,CALI
39367,728.934,247.7471723,202.5006354,1.223438988,0.576115778,39776,223.8830524,0.767447754,0.989717418,0.931034488,0.903675511,0.00629327,0.002588846,0.816629428,0.999096281,SEKER
57433,975.96,340.4333752,217.3321384,1.566419848,0.769706062,58982,270.4181332,0.698392432,0.973737751,0.757717521,0.794334965,0.005927487,0.001455677,0.630968037,0.988360856,BARBUNYA
64919,1031.617,439.3502666,188.4330088,2.331599274,0.903356644,65490,287.5020661,0.654953592,0.991281112,0.766557443,0.654380088,0.006767668,0.000765489,0.428213299,0.998421818,HOROZ
53164,918.957,387.9886115,175.4295807,2.211648742,0.891941221,53706,260.173994,0.708022587,0.989908018,0.791110471,0.670571213,0.007297957,0.00091025,0.449665752,0.994502695,HOROZ
27172,621.925,239.377175,145.4722841,1.645517403,0.794157806,27568,186.0012498,0.773866484,0.985635519,0.882786006,0.777021659,0.0088097,0.001980949,0.603762659,0.993501963,DERMASON
74566,1044.026,402.4850746,238.3807241,1.688412837,0.805737942,75681,308.1239684,0.79853927,0.985267108,0.859662697,0.765553775,0.005397702,0.001143646,0.586072583,0.989532472,CALI
41586,755.636,276.2407572,192.8962732,1.432068918,0.715814568,42099,230.1063661,0.816244014,0.987814437,0.91523313,0.832992091,0.006642638,0.001972804,0.693875824,0.993678001,SIRA
39092,758.227,276.1569331,181.0527587,1.525284315,0.755094928,39649,223.0997093,0.697747474,0.985951726,0.854474809,0.807872925,0.007064283,0.00185618,0.652658663,0.995490021,SIRA
41698,766.077,296.5291863,179.9102106,1.648206543,0.794915561,42182,230.4160206,0.75994168,0.988525912,0.892853575,0.77704331,0.007111353,0.001599237,0.603796306,0.995181023,DERMASON
154721,1475.51,538.8861415,367.7969602,1.465172907,0.730873171,155903,443.8433233,0.803895793,0.992418363,0.893048023,0.823630985,0.003482954,0.000988686,0.678367999,0.993926413,BOMBAY
77531,1118.121,405.2793115,244.3628738,1.658514263,0.797779513,79291,314.1902849,0.673573464,0.977803282,0.77930532,0.775243828,0.00522732,0.001164695,0.601002993,0.996772036,BARBUNYA
33666,684.632,259.6233715,165.5788265,1.567974462,0.770230602,34201,207.03836,0.763349432,0.984357183,0.902582678,0.797456557,0.007711738,0.001923801,0.635936961,0.997132914,DERMASON
47701,856.953,352.2382779,173.6578246,2.028346714,0.870022306,48228,246.4443132,0.825276817,0.989072738,0.816250275,0.699652277,0.007384295,0.001091485,0.489513309,0.992902711,HOROZ
35302,679.016,235.9340907,190.7405476,1.236937262,0.588567005,35644,212.0092036,0.781674859,0.990405117,0.962164123,0.898595039,0.006683307,0.002687987,0.807473045,0.998793498,SEKER
54815,893.955,346.4924872,201.9357013,1.715855517,0.812615878,55353,264.1829397,0.766814952,0.990280563,0.861941849,0.762449258,0.006321125,0.001317704,0.581328871,0.99747635,SIRA
57011,942.7,381.980929,191.5812266,1.993832777,0.865130645,57679,269.422827,0.775364487,0.988418662,0.806160488,0.705330571,0.006700127,0.001022901,0.497491215,0.991914291,HOROZ
50771,830.882,302.1716806,214.4716633,1.408911909,0.704435929,51286,254.2511454,0.742428895,0.989958273,0.924159389,0.841412884,0.005951659,0.001840155,0.707975642,0.997475314,SEKER
88625,1140.249,447.4827971,253.7914261,1.763191152,0.823612123,89422,335.9179284,0.796614892,0.991087204,0.856577598,0.750683447,0.005049171,0.00098907,0.563525637,0.993603417,CALI
41161,761.265,283.9363059,186.8420049,1.519659918,0.752981255,41917,228.9275276,0.704871992,0.981964358,0.892532533,0.806263669,0.006898188,0.001798138,0.650061103,0.987871803,SIRA
60658,987.242,410.5386065,190.2201118,2.158229235,0.886179124,61495,277.9067547,0.738740714,0.986389137,0.782079144,0.676932085,0.006768087,0.00087665,0.458237047,0.988980592,HOROZ
32272,661.624,240.6785257,171.1197673,1.406491661,0.703203201,32708,202.7066516,0.732206466,0.986669928,0.926431352,0.842229904,0.007457813,0.002314802,0.709351211,0.997696563,DERMASON
32990,670.713,245.6423405,171.2736784,1.434209523,0.716829795,33358,204.9491951,0.742349235,0.988968164,0.921549635,0.834339856,0.007445964,0.002225731,0.696122996,0.99838623,DERMASON
65425,984.708,325.0131639,257.4804424,1.262282917,0.610241524,66436,288.620334,0.816424578,0.984782347,0.84788834,0.888026597,0.004967721,0.00190564,0.788591237,0.995425248,BARBUNYA
65526,992.787,361.2041353,231.6235658,1.55944467,0.767328754,66422,288.8430273,0.697560041,0.986510494,0.835432485,0.799667,0.005512379,0.00139045,0.639467311,0.99721389,BARBUNYA
39122,711.642,241.6425026,206.4591779,1.170412985,0.519617058,39447,223.1852985,0.791686903,0.991761097,0.970750828,0.923617725,0.00617664,0.002772688,0.853069702,0.998443855,SEKER
98277,1289.679,436.3537019,287.6784698,1.516810425,0.751899126,100632,353.7374206,0.706556045,0.976597901,0.742503488,0.810666712,0.004440039,0.001182867,0.657180517,0.996818259,BARBUNYA
71965,1034.185,408.7724279,226.0930892,1.807982851,0.833113152,72960,302.7023023,0.733977236,0.98636239,0.845541105,0.74051546,0.005680156,0.001053602,0.548363146,0.991431164,CALI
59527,958.355,393.7438418,193.1217328,2.038837556,0.871454945,60192,275.3037057,0.774949879,0.98895202,0.814462389,0.69919495,0.006614542,0.000975153,0.488873578,0.996733811,HOROZ
40821,729.317,249.1711775,208.8272025,1.193193102,0.545536119,41172,227.9800681,0.758430411,0.991474789,0.964408057,0.914953609,0.006103995,0.002638701,0.837140107,0.998869801,SEKER
31182,671.033,260.1123215,153.0283394,1.699765694,0.808630841,31538,199.2539974,0.782778963,0.98871203,0.870214017,0.766030599,0.008341746,0.001771826,0.586802878,0.997427402,DERMASON
26983,606.261,223.4526419,154.0370819,1.450641879,0.724428435,27294,185.3532375,0.791754695,0.988605554,0.922530714,0.829496737,0.008281238,0.002418431,0.688064837,0.998135669,DERMASON
66291,975.667,378.6284053,226.0554228,1.674936175,0.802213198,67815,290.5242204,0.774029704,0.977527096,0.87510709,0.767306986,0.005711611,0.001221279,0.588760011,0.98613544,CALI
50797,974.217,375.3968403,173.4610732,2.164156104,0.886841436,51745,254.3162385,0.586177849,0.981679389,0.672568496,0.67745972,0.007390138,0.00096021,0.458951673,0.993243064,HOROZ
39580,753.356,279.380961,180.6710899,1.546351224,0.762758351,40118,224.4879088,0.713153153,0.986589561,0.876365255,0.803518994,0.00705864,0.001815037,0.645642774,0.998390494,DERMASON
37935,731.16,269.6356552,179.6789935,1.500652079,0.745614995,38454,219.7733881,0.722296268,0.986503355,0.891713012,0.815075395,0.007107833,0.001935121,0.664347899,0.996955056,DERMASON
156513,1500.447,569.2031874,352.8267399,1.613265445,0.784711791,157878,446.4062509,0.791232957,0.991354084,0.873612744,0.784265199,0.003636779,0.000848689,0.615071902,0.992274245,BOMBAY
37131,712.145,264.3183472,179.6517455,1.471281821,0.733509279,37483,217.4319607,0.800685729,0.990609076,0.920046232,0.822613954,0.007118536,0.002010734,0.676693717,0.995607164,DERMASON
36117,717.108,274.6438326,167.7868347,1.636861635,0.791688333,36505,214.4425159,0.707760141,0.989371319,0.882576579,0.780802226,0.007604281,0.00174342,0.609652117,0.99791616,DERMASON
33447,664.412,226.1186154,188.7406408,1.198038824,0.550708725,33791,206.3638608,0.770224525,0.989819774,0.952120901,0.912635435,0.006760505,0.002892999,0.832903437,0.997850654,SEKER
66234,1006.478,398.084825,213.5124985,1.864456778,0.843996137,67144,290.3992906,0.763821298,0.986447039,0.821641326,0.729490984,0.006010279,0.001049915,0.532157095,0.992183904,CALI
32586,681.46,261.2163626,159.3551161,1.639209138,0.792362702,32973,203.6904117,0.817142284,0.988263124,0.881779868,0.779776618,0.008016214,0.001828226,0.608051573,0.996723695,DERMASON
30512,648.563,243.795684,160.3418775,1.520474176,0.753289078,30803,197.1017123,0.796283731,0.990552868,0.911540988,0.808470884,0.007990157,0.002105681,0.653625171,0.993820193,DERMASON
163558,1524.86,574.7716573,363.9564508,1.579231955,0.773972506,164798,456.3425396,0.799528763,0.992475637,0.88393781,0.793954493,0.003514176,0.000861362,0.630363737,0.995490556,BOMBAY
69542,1009.509,389.8981014,229.6148576,1.69805258,0.808198684,70904,297.5628075,0.746399055,0.980790929,0.857504979,0.763180961,0.005606656,0.001173259,0.582445179,0.989022538,CALI
48686,795.84,279.1326831,222.3941818,1.255125834,0.604331651,49041,248.9757829,0.795301959,0.992761159,0.965967315,0.891962131,0.005733325,0.002238577,0.795596444,0.99857365,SEKER
36975,694.805,241.367873,195.1891714,1.236584342,0.588249946,37252,216.974727,0.777422678,0.992564158,0.962481026,0.898937892,0.006527867,0.00262948,0.808089334,0.999270617,SEKER
60321,941.694,357.5161265,215.1371786,1.661805407,0.798680607,61010,277.1336908,0.691675267,0.988706769,0.854788735,0.775164168,0.005926893,0.001320023,0.600879488,0.998544781,BARBUNYA
75067,1062.917,390.4637189,245.0921566,1.59313021,0.7784593,76108,309.1573595,0.700016785,0.986322069,0.834949517,0.791769746,0.005201536,0.001260977,0.62689933,0.998732262,BARBUNYA
36520,692.007,233.3318727,199.5817193,1.169104433,0.518041342,36852,215.6355912,0.796892729,0.990990991,0.958340093,0.924158319,0.006389153,0.002874806,0.854068598,0.998495384,SEKER
52430,870.22,338.9620647,198.5782424,1.706944631,0.81042523,53014,258.371727,0.816488616,0.988984042,0.870024737,0.762243785,0.00646504,0.001346253,0.581015587,0.991761437,SIRA
39954,765.008,283.6796592,180.5479036,1.57121547,0.771318006,40716,225.5460325,0.731115503,0.981284999,0.857902979,0.795072982,0.007100157,0.001750152,0.632141046,0.993229791,SIRA
34260,674.024,234.0035746,187.3058915,1.249312409,0.599412484,34667,208.8568572,0.737869096,0.988259728,0.947646802,0.892537037,0.006830227,0.002673744,0.796622363,0.995230204,DERMASON
57356,973.845,393.0484951,189.0698965,2.07885286,0.876701651,58298,270.2367986,0.82019162,0.983841641,0.759992038,0.687540601,0.006852788,0.000944584,0.472712078,0.982698856,HOROZ
57189,975.783,378.934198,195.2014429,1.941246911,0.857110364,57994,269.8430957,0.61925026,0.986119254,0.754772158,0.712110697,0.006625998,0.001051044,0.507101644,0.984409501,HOROZ
169030,1570.87,586.9240816,368.221092,1.593944764,0.778717839,170989,463.9134405,0.782437624,0.988543123,0.860781975,0.790414732,0.003472307,0.000836023,0.624755448,0.995825675,BOMBAY
37856,708.716,248.4303303,194.3603238,1.278194672,0.622834724,38232,219.5444288,0.744639836,0.990165307,0.947109324,0.883726349,0.006562509,0.002468999,0.78097226,0.998234581,SEKER
58740,942.69,370.6574503,204.0034152,1.816917869,0.834912559,59701,273.4777703,0.753424658,0.983903117,0.830626927,0.737818085,0.006310137,0.001153495,0.544375527,0.989085623,CALI
69785,1037.342,367.5228762,242.7852957,1.513777328,0.750738821,70841,298.0822397,0.758549099,0.985093378,0.814944481,0.811057648,0.005266502,0.001405753,0.657814509,0.99578469,BARBUNYA
71272,1020.316,400.3815958,228.4644187,1.752489941,0.821216536,72196,301.2413133,0.750595025,0.987201507,0.860318805,0.752385515,0.005617656,0.001110444,0.566083964,0.992056453,CALI
86471,1156.345,438.1979858,256.5162184,1.708266201,0.810752666,89363,331.8106338,0.692876603,0.967637613,0.812653653,0.757216246,0.005067572,0.001027683,0.573376443,0.979479598,CALI
35354,681.226,237.2896852,189.8898462,1.249617554,0.599673407,35666,212.1652914,0.768565217,0.991252173,0.957339529,0.894119318,0.00671182,0.002646074,0.799449354,0.999005947,SEKER
31175,661.358,234.0135647,169.9779014,1.376729345,0.687315313,31576,199.231631,0.723401787,0.987300481,0.895659844,0.851367874,0.00750645,0.002432671,0.724827256,0.997890954,DERMASON
54088,948.654,381.6030998,181.2717506,2.105143789,0.879971256,54923,262.4251903,0.690038783,0.984796897,0.755257597,0.687691453,0.007055227,0.000973342,0.472919535,0.995563622,HOROZ
67359,1028.02,375.7874784,230.2702608,1.631940994,0.790263433,68721,292.8551562,0.762721652,0.980180731,0.800944396,0.779310576,0.005578876,0.001269313,0.607324974,0.991118521,BARBUNYA
50075,891.018,362.4188232,176.771413,2.050211723,0.872980839,50735,252.5024162,0.610477166,0.986991229,0.792606933,0.696714409,0.00723752,0.001051935,0.485410968,0.995195257,HOROZ
200714,1688.8,612.1030514,420.6495529,1.455137768,0.726449214,203767,505.5264602,0.711860319,0.985017201,0.884364069,0.825884561,0.003049628,0.000875193,0.682085309,0.992528094,BOMBAY
70949,1003.932,390.1790758,232.7455746,1.676418881,0.802605922,71510,300.5579353,0.823227049,0.992154943,0.884601248,0.770307671,0.00549943,0.001194413,0.593373908,0.994743224,CALI
35968,719.739,267.8430402,171.4105079,1.562582385,0.768403013,36544,213.9997195,0.718010141,0.984238179,0.872521387,0.798974352,0.007446704,0.001871868,0.638360015,0.997490115,DERMASON
46704,813.324,295.3600895,203.0207835,1.454826863,0.726310254,47182,243.8552433,0.701735407,0.989869018,0.887231119,0.825620157,0.006324086,0.001812586,0.681648643,0.991680757,SIRA
35735,684.121,235.4891195,193.432329,1.217423792,0.570342979,36043,213.3054503,0.750230937,0.991454651,0.959484154,0.905797477,0.006589873,0.002736411,0.820469069,0.998858565,SEKER
28843,628.281,226.8472462,162.6073761,1.395061231,0.697264006,29170,191.6351956,0.711329782,0.988789853,0.918210895,0.844776381,0.007864898,0.002470813,0.713647133,0.995581448,DERMASON
31498,677.257,257.4966031,156.238759,1.648096828,0.794884731,31982,200.2610775,0.690004162,0.984866487,0.862950406,0.777723182,0.008175014,0.001844881,0.604853348,0.996856884,DERMASON
47500,827.373,308.7520765,196.3719694,1.572281815,0.771673978,48005,245.924538,0.712250712,0.989480262,0.871968478,0.796511365,0.006500044,0.001613853,0.634430355,0.99750331,SIRA
26088,601.714,223.0046202,150.127903,1.485430861,0.739455583,26490,182.2533216,0.717491749,0.984824462,0.905462393,0.817262537,0.008548169,0.002352335,0.667918054,0.99214609,DERMASON
43701,770.263,276.4757779,201.4840559,1.372196806,0.684770867,44144,235.8852292,0.743290132,0.989964661,0.925599615,0.853185878,0.006326532,0.002067855,0.727926142,0.998857927,SEKER
46915,823.512,311.1677016,193.4472252,1.608540527,0.783270085,47605,244.4054689,0.745510885,0.985505724,0.869324102,0.785446136,0.006632584,0.001557142,0.616925633,0.992349883,SIRA
29897,644.523,241.8317986,157.7278838,1.533221601,0.758028491,30205,195.1052092,0.706918566,0.989803013,0.904400171,0.806780623,0.008088832,0.002113914,0.650894974,0.997966235,DERMASON
58887,946.704,384.1179233,195.8522646,1.96126363,0.860248288,59391,273.8197529,0.629053967,0.991513866,0.825659286,0.712853362,0.006522966,0.001039024,0.508159915,0.99663556,HOROZ
47116,809.205,303.6299867,197.9538834,1.533842032,0.758255407,47605,244.9284679,0.741283826,0.98972797,0.904193045,0.806667584,0.006444307,0.001683195,0.650712591,0.998090324,SIRA
45654,779.187,268.0358794,217.2553626,1.23373654,0.585675224,46140,241.0984823,0.74842623,0.98946684,0.944942326,0.899500779,0.005871027,0.002370828,0.809101652,0.998218272,SEKER
39128,739.882,269.6326514,185.0851589,1.456803198,0.727191621,39580,223.2024124,0.796255596,0.988580091,0.898199047,0.827801868,0.006891041,0.001996044,0.685255932,0.998283033,DERMASON
83546,1120.191,438.0143099,244.91133,1.788460787,0.82907324,84546,326.150381,0.789473187,0.988172119,0.836664549,0.744611246,0.005242792,0.00099417,0.554445907,0.991604764,CALI
83470,1156.057,416.9460405,256.495605,1.625548479,0.788389045,84731,326.0020012,0.814262023,0.985117607,0.78484118,0.781880554,0.00499516,0.001151571,0.611337201,0.993758257,BARBUNYA
51453,910.397,378.8176307,174.850002,2.166529176,0.887104961,52043,255.9531096,0.668785338,0.988663221,0.780115541,0.675663139,0.007362401,0.000946499,0.456520678,0.989065368,HOROZ
29410,625.321,226.6327495,165.4143252,1.37009143,0.683577115,29746,193.5096251,0.741946063,0.988704364,0.945145914,0.853846699,0.007705976,0.002526545,0.729054186,0.998870892,DERMASON
43877,783.733,297.353506,188.7109576,1.575708744,0.772811977,44349,236.3597502,0.723028755,0.989357144,0.897657208,0.794877966,0.006776979,0.001668852,0.631830982,0.995581603,SIRA
35608,689.304,240.389455,188.8797386,1.272711709,0.61857737,35997,212.9260757,0.784144462,0.989193544,0.941750475,0.885754642,0.006750996,0.002563311,0.784561286,0.998520336,SEKER
39709,739.117,280.3690589,180.7913799,1.550787759,0.764323016,40144,224.8534391,0.734535701,0.98916401,0.913424028,0.801990919,0.007060592,0.001801767,0.643189434,0.9974503,DERMASON
35499,688.485,228.5197507,197.9982626,1.154150283,0.499284173,35887,212.5999309,0.771650291,0.989188285,0.941102697,0.930335038,0.006437357,0.002974712,0.865523282,0.998943941,SEKER
42595,777.527,285.0488735,190.8570902,1.493519959,0.742758711,43136,232.881168,0.767809503,0.987458272,0.885395945,0.816986803,0.006692074,0.00183908,0.667467437,0.996875939,SIRA
36584,731.806,293.1392521,159.4393493,1.838562773,0.839148028,37023,215.8244553,0.704975527,0.988142506,0.858438369,0.736252323,0.008012772,0.001452343,0.542067483,0.996625094,HOROZ
41626,760.147,283.7511809,187.1176498,1.516431941,0.751754815,42103,230.2170048,0.774149154,0.988670641,0.905272593,0.811334085,0.006816681,0.001822014,0.658262998,0.998211035,DERMASON
52045,906.761,374.8406694,177.5386776,2.111318359,0.880719772,52714,257.4213513,0.672502907,0.987308874,0.79543228,0.686748724,0.007202242,0.000988186,0.471623809,0.995748007,HOROZ
69303,1068.546,353.100625,250.5911174,1.409070795,0.704516559,70842,297.0510397,0.714059039,0.978275599,0.762738122,0.841264554,0.005095027,0.001574188,0.707726049,0.997236107,BARBUNYA
30530,647.072,243.5704713,159.8487883,1.523755506,0.754523295,30841,197.159842,0.699940392,0.989916021,0.916286849,0.809457078,0.00797807,0.002112773,0.655220761,0.998396243,DERMASON
35170,696.474,257.7502713,174.1165229,1.480332061,0.737337898,35555,211.6124637,0.730607836,0.989171706,0.911113361,0.820998025,0.007328697,0.00205388,0.674037757,0.997799703,DERMASON
33049,680.429,239.4500637,176.4089364,1.357357902,0.676192082,33505,205.1323809,0.756685594,0.986390091,0.89702089,0.856681254,0.007245304,0.002407207,0.733902771,0.996168726,DERMASON
42675,780.614,296.7382679,183.885402,1.613713023,0.784847567,43194,233.0997588,0.800266287,0.987984442,0.880056839,0.785539932,0.006953445,0.001633251,0.617072985,0.995778712,SIRA
78522,1076.493,430.9666283,233.047703,1.849263575,0.841179628,79158,316.1918967,0.816101272,0.991965436,0.851488519,0.733680698,0.005488483,0.000980981,0.538287367,0.99543522,CALI
36960,706.565,256.8048435,183.8085404,1.397132272,0.698354708,37357,216.9307115,0.760916559,0.989372808,0.930331199,0.844729829,0.006948183,0.00218234,0.713568483,0.996949556,DERMASON
41851,775.402,283.086227,190.1253355,1.488945312,0.740899111,42604,230.8383594,0.746699258,0.982325603,0.874705525,0.815434795,0.006764145,0.001844801,0.664933905,0.99005022,SIRA
97746,1326.664,447.6472123,279.0098748,1.604413509,0.781998177,99567,352.7804878,0.695919007,0.981710808,0.69788999,0.788077035,0.004579699,0.001089661,0.621065413,0.996445738,BARBUNYA
34253,672.539,228.0042799,191.3685323,1.191440814,0.543637825,34556,208.8355193,0.792893519,0.991231624,0.951641846,0.915928067,0.006656476,0.002889812,0.838924223,0.99952856,SEKER
69417,1047.174,366.4129998,243.3562738,1.505664901,0.747591875,70839,297.2952564,0.790266393,0.979926312,0.795496006,0.811366563,0.005278433,0.001411085,0.6583157,0.991202843,BARBUNYA
54113,872.821,327.6299219,210.7828409,1.554348165,0.765566725,54651,262.485831,0.717755199,0.990155715,0.892608673,0.801165625,0.006054551,0.001538689,0.641866358,0.997683796,BARBUNYA
72026,1022.019,388.78149,238.9852075,1.626801483,0.78875854,73768,302.8305656,0.749521312,0.976385425,0.866525248,0.778922283,0.005397794,0.001225667,0.606719922,0.987012869,CALI
42186,821.018,317.6874819,170.1770034,1.866806182,0.844424715,42921,231.7604009,0.81751061,0.982875515,0.786453148,0.729523239,0.007530638,0.001315734,0.532204157,0.99352201,HOROZ
66636,989.086,372.4337403,230.845213,1.613348336,0.784736947,68019,291.2792308,0.779003975,0.979667446,0.855954489,0.782096785,0.005589077,0.001289917,0.611675381,0.986845458,CALI
45979,818.128,310.8241869,189.6125793,1.639259316,0.792377078,46675,241.9551219,0.728460978,0.985088377,0.863230691,0.778430805,0.006760134,0.001531141,0.605954518,0.993316588,SIRA
63128,1000.638,407.6883919,198.5910656,2.052903995,0.873337926,63792,283.5084937,0.799118954,0.989591171,0.792278574,0.695404871,0.006458123,0.000931616,0.483587935,0.992759604,HOROZ
38947,720.254,259.5277049,191.4601745,1.355517959,0.67510093,39327,222.6855643,0.737632576,0.990337427,0.943436158,0.858041589,0.006663612,0.002228039,0.736235369,0.997980264,DERMASON
38830,710.511,249.0252004,198.7498551,1.252957896,0.602509891,39153,222.3508298,0.765123153,0.991750313,0.966575188,0.892884855,0.006413217,0.002514418,0.797243363,0.998912367,SEKER
150169,1496.077,562.8234368,342.7948749,1.641866545,0.793121922,151971,437.2654905,0.779026276,0.988142475,0.843106155,0.776914147,0.003747934,0.000842294,0.603595592,0.99102341,BOMBAY
79828,1120.981,352.0899634,289.4997465,1.216201284,0.569152015,81337,318.8105494,0.730323407,0.981447558,0.798304559,0.905480367,0.004410607,0.001828918,0.819894695,0.997156981,BARBUNYA
85446,1104.639,431.766247,254.7750382,1.694696035,0.807347469,86852,329.8381817,0.819013112,0.983811541,0.879955796,0.763927667,0.005053089,0.001061563,0.58358548,0.989,CALI
45436,785.75,293.114743,198.0100681,1.480302217,0.73732542,45825,240.5221652,0.8004651,0.991511184,0.924785849,0.820573414,0.006451156,0.00180421,0.673340727,0.996747771,SIRA
45751,827.857,327.9961987,178.4261634,1.838274121,0.839092665,46370,241.3544746,0.646995602,0.986650852,0.838879931,0.735845341,0.007169159,0.001296565,0.541468366,0.995367284,SIRA
55429,911.762,327.8248583,215.9097795,1.51834187,0.752481661,56253,265.6584174,0.728763197,0.985351892,0.837884066,0.81036691,0.00591432,0.001573299,0.656694528,0.997086798,BARBUNYA
44903,772.654,277.1386431,206.6872579,1.340859837,0.666180995,45351,239.1072464,0.736307884,0.990121497,0.94518127,0.862771224,0.00617194,0.002109522,0.744374186,0.998101449,SEKER
40842,745.5,245.315108,212.2850518,1.155592944,0.501156588,41338,228.0387017,0.776301534,0.988001355,0.923467402,0.929574634,0.006006442,0.002766522,0.864109,0.998558263,SEKER
36534,707.902,266.0706778,175.3168893,1.517655708,0.752220931,36946,215.6769193,0.795947712,0.98884859,0.916137815,0.810600105,0.007282824,0.001939573,0.65707253,0.997209876,DERMASON
81676,1102.785,427.1439931,245.5083275,1.739835049,0.81831702,83192,322.479632,0.752579979,0.981777094,0.843961478,0.75496703,0.005229737,0.001048025,0.569975217,0.99166286,CALI
34626,667.845,231.8884211,190.4682829,1.217464754,0.570382778,34913,209.9695037,0.761848185,0.991779566,0.975575378,0.905476447,0.006696945,0.002776931,0.819887597,0.998184251,SEKER
49194,838.722,319.2038112,197.0785415,1.619678169,0.786644191,49805,250.2713451,0.698114011,0.987732155,0.878791669,0.784048737,0.006488674,0.001512544,0.614732422,0.995668684,SIRA
62911,950.094,361.4241806,222.9701851,1.620952955,0.787025042,63883,283.0207996,0.777254757,0.984784685,0.875796694,0.783071014,0.005745008,0.001332524,0.613200213,0.993968698,CALI
59397,965.459,384.1332599,197.1741672,1.948192633,0.858211481,60021,275.0029259,0.673909097,0.989603639,0.800767989,0.715905012,0.006467217,0.001047897,0.512519986,0.99848766,CALI
42156,746.626,253.2988918,213.2475744,1.187816051,0.539662903,42571,231.6779796,0.754456296,0.99025158,0.950305058,0.91464269,0.006008608,0.002593938,0.83657125,0.993692758,SEKER
32234,668.892,248.2804717,166.8184319,1.488327572,0.740646324,32754,202.5872737,0.781695606,0.984124076,0.905340736,0.81596137,0.007702441,0.002106137,0.665792957,0.990918015,DERMASON
55046,946.19,376.8101519,187.0892505,2.014066286,0.868032152,55800,264.7390111,0.665095935,0.986487455,0.772643085,0.702579295,0.006845368,0.001028864,0.493617666,0.9941787,HOROZ
34761,687.872,229.7370214,192.8875726,1.191041073,0.543202669,35171,210.3784205,0.776816841,0.988342669,0.92318101,0.915735824,0.006609045,0.002866813,0.838572099,0.998773812,SEKER
33236,660.788,210.8580025,200.9273673,1.049424005,0.303273094,33611,205.711909,0.76828479,0.988842938,0.956520582,0.975594507,0.006344265,0.003545182,0.951784642,0.998825651,SEKER
41163,748.452,282.6586461,185.8399893,1.520978597,0.753479459,41549,228.9330893,0.791809333,0.990709764,0.9233981,0.809927778,0.006866814,0.001822721,0.655983006,0.997736112,SIRA
40422,726.959,259.1305337,198.9789429,1.302301288,0.640603943,40712,226.8631501,0.782507695,0.992876793,0.961186863,0.875478265,0.006410631,0.002323069,0.766462193,0.998164702,SEKER
39698,742.795,251.1406602,201.8931814,1.243928391,0.594757999,40263,224.822293,0.745082583,0.985967265,0.904150128,0.895204675,0.00632628,0.00250621,0.80139141,0.996873527,SEKER
56644,961.412,343.1227678,210.5020018,1.630021401,0.78970336,57622,268.5542418,0.79567355,0.983027316,0.770095705,0.782676835,0.006057531,0.001402185,0.612583027,0.998523444,BARBUNYA
31845,679.808,246.9477956,164.3658541,1.5024276,0.746318061,32393,201.3611514,0.745435393,0.983082765,0.865921604,0.815399671,0.00775468,0.002114588,0.664876624,0.998928991,DERMASON
81169,1095.175,430.5853201,240.9814743,1.786798431,0.828722173,81866,321.4771852,0.800001971,0.991486087,0.850419122,0.746605075,0.0053048,0.001016746,0.557419138,0.995995641,CALI
46610,785.646,276.2100809,215.1219326,1.283969875,0.627229515,47018,243.609719,0.746859377,0.991322472,0.948932147,0.881972585,0.005925983,0.002211875,0.77787564,0.998768889,SEKER
30975,652.472,243.9041369,162.703181,1.499074175,0.744987524,31450,198.5915278,0.710158883,0.984896661,0.914318318,0.814219596,0.007874226,0.002134783,0.66295355,0.993816547,DERMASON
69609,997.88,392.4624072,226.3016669,1.734244438,0.817012481,70137,297.7061159,0.8035671,0.992471876,0.878453185,0.758559573,0.005638099,0.001151519,0.575412626,0.997906146,CALI
41427,744.242,270.0175447,196.0311974,1.37742129,0.687700721,41876,229.6660502,0.815492126,0.989277868,0.939863964,0.850559731,0.006517912,0.002104299,0.723451856,0.996497989,DERMASON
33347,666.275,241.3115308,176.2831593,1.368885898,0.68289015,33663,206.0551361,0.731759233,0.990612839,0.943973054,0.853896767,0.007236379,0.002373136,0.729139689,0.998109038,DERMASON
50728,841.03,318.5731578,203.0748504,1.56874747,0.770490709,51137,254.1434548,0.715466418,0.992001877,0.901227902,0.797755393,0.006280026,0.00156899,0.636413668,0.998372331,SIRA
48082,821.099,301.0241639,204.2069938,1.4741129,0.734716674,48524,247.4265624,0.711946221,0.990891105,0.896192576,0.821949173,0.006260641,0.0017627,0.675600442,0.995911327,SIRA
30446,689.021,255.9794432,151.811739,1.686163698,0.805156627,31033,196.8884232,0.678386809,0.981084652,0.80588893,0.769157166,0.008407654,0.00181516,0.591602746,0.997539075,DERMASON
52199,919.891,383.7124413,174.2700127,2.201827127,0.890915927,52840,257.801922,0.696209454,0.987869039,0.775174196,0.671862297,0.007350954,0.000923942,0.451398946,0.993902443,HOROZ
68015,993.761,386.9878698,224.3231412,1.725135747,0.814855223,68625,294.2777389,0.777509774,0.991111111,0.86546731,0.760431429,0.005689743,0.00117358,0.578255959,0.997570025,BARBUNYA
78136,1200.683,413.4783417,241.6903031,1.710777538,0.811372431,79916,315.413768,0.739980302,0.977726613,0.681089704,0.762830205,0.005291778,0.001105332,0.581909921,0.995518422,BARBUNYA
44038,790.381,299.8963375,188.1332176,1.594063724,0.778755556,44554,236.7929962,0.780400496,0.988418548,0.885858727,0.789582821,0.006809945,0.001632729,0.623441032,0.993804733,SIRA
31838,658.144,234.4404369,173.3793786,1.352181781,0.673106529,32239,201.3390191,0.741246042,0.987561649,0.923663516,0.858806705,0.007363542,0.00247086,0.737548956,0.997300261,DERMASON
170186,1602.527,581.4943271,381.3481079,1.524838632,0.754928506,174345,465.4970947,0.777701616,0.976145,0.832765997,0.80051872,0.003416816,0.00086554,0.640830222,0.977162679,BOMBAY
87661,1124.25,422.5868722,266.2234312,1.587339139,0.776607223,88808,334.0859945,0.729147258,0.987084497,0.871546357,0.790573528,0.004820694,0.001161605,0.625006504,0.992097285,CALI
56978,964.644,390.1640004,188.0727382,2.074537778,0.876151913,57766,269.3448399,0.603427095,0.986358758,0.769454476,0.690337498,0.006847625,0.000959325,0.476565861,0.988653883,HOROZ
35383,707.379,271.5264922,166.6109469,1.629703793,0.789610463,35744,212.2522905,0.835628085,0.989900403,0.888587482,0.781700116,0.007673925,0.001767494,0.611055072,0.995838768,DERMASON
31242,656.919,248.6522245,160.8588295,1.545779149,0.762555377,31627,199.4456063,0.737709563,0.987826857,0.909756246,0.802106664,0.007958909,0.002032178,0.6433751,0.994515815,DERMASON
62442,979.857,398.0385809,200.8269665,1.981997676,0.863387466,63257,281.9638694,0.802596401,0.98711605,0.817261932,0.708383265,0.006374533,0.000990151,0.50180685,0.99458001,HOROZ
52452,878.032,342.1508562,198.7842347,1.721217262,0.813914849,53647,258.4259287,0.675362132,0.977724756,0.854970693,0.755298208,0.006523123,0.001309511,0.570475384,0.981912078,HOROZ
44543,764.877,269.8147058,210.5971091,1.28118903,0.625124633,44928,238.1468224,0.785590829,0.991430734,0.95676686,0.882630996,0.006057399,0.002267684,0.779037474,0.998094266,SEKER
73257,1057.406,401.8392094,236.7020073,1.697658647,0.808099091,75593,305.4074481,0.744330421,0.969097668,0.823332868,0.760024012,0.005485335,0.001128995,0.577636499,0.980629597,CALI
45226,827.481,338.2253275,170.7677124,1.980616376,0.863181744,45753,239.9656885,0.63087267,0.98848163,0.830007432,0.709484681,0.007478559,0.00116888,0.503368512,0.996979918,HOROZ
64132,968.793,380.8541775,215.9688009,1.763468501,0.823673539,65166,285.7540874,0.743404275,0.98413283,0.85866283,0.750297894,0.005938598,0.00116091,0.56294693,0.992739179,CALI
49257,867.856,335.8627015,188.9262689,1.77774485,0.826790196,50290,250.431548,0.728438332,0.979459137,0.821830928,0.745636675,0.006818578,0.001300118,0.555974051,0.988380007,SIRA
33587,672.575,240.3770452,178.6807736,1.34528769,0.668918861,34033,206.7953012,0.73419022,0.986895072,0.933038657,0.860295545,0.007156848,0.0024182,0.740108425,0.995658754,SIRA
33113,683.142,258.2891098,163.5512757,1.579254632,0.773979945,33501,205.3309062,0.760274602,0.988418256,0.891633587,0.794965403,0.007800233,0.001921676,0.631969992,0.998041537,DERMASON
43684,776.51,286.7975332,194.5149076,1.474424438,0.734848993,44082,235.8393442,0.788249517,0.990971372,0.910412384,0.822319988,0.006565276,0.001851809,0.676210163,0.99702079,SIRA
37927,697.748,233.2598714,207.1627477,1.125974018,0.459611724,38208,219.7502132,0.791845001,0.992645519,0.978951452,0.942083231,0.006150233,0.002988329,0.887520813,0.999325377,SEKER
48524,825.251,312.1133684,198.8010094,1.569978791,0.770904058,49088,248.5612111,0.75497884,0.98851043,0.895353096,0.796381175,0.006432144,0.001595951,0.634222976,0.995716621,SIRA
39556,743.508,289.969163,174.3072322,1.663552105,0.79915626,39971,224.4198374,0.765047192,0.989617473,0.899188907,0.773943805,0.007330599,0.001622396,0.598989014,0.996449435,SIRA
40407,760.877,294.3865619,175.6200236,1.676269914,0.802566521,40842,226.8210534,0.670900578,0.989349199,0.87707667,0.770487117,0.007285534,0.001583808,0.593650398,0.995118301,DERMASON
30277,637.285,237.948898,162.1630339,1.467343649,0.731814747,30564,196.3412175,0.797203718,0.990609868,0.936818184,0.825140268,0.007859065,0.002247304,0.680856462,0.999050406,DERMASON
38307,710.914,253.1995398,192.8264566,1.313095435,0.64809527,38617,220.8483354,0.780469419,0.991972447,0.952475629,0.872230398,0.006609746,0.002359877,0.760785867,0.998984449,SEKER
90481,1198.799,409.7641323,281.977795,1.453178724,0.725571675,92264,339.4171287,0.791146047,0.98067502,0.791178564,0.828323179,0.004528731,0.00131509,0.686119289,0.997053952,BARBUNYA
29389,639.878,237.7820281,158.1594914,1.503431921,0.746714355,29726,193.4405257,0.681199731,0.988663123,0.901987077,0.813520379,0.008090851,0.002185988,0.661815408,0.99499441,DERMASON
28572,629.666,233.195044,156.4285063,1.490745194,0.741633366,28913,190.7327981,0.753600253,0.988205997,0.905586665,0.817911028,0.008161663,0.002253112,0.66897845,0.997276409,DERMASON
37092,706.388,238.3472402,198.4091776,1.201291408,0.554118968,37492,217.3177425,0.793785311,0.989331057,0.934121761,0.911769493,0.00642584,0.002739365,0.831323609,0.998661909,SEKER
60635,994.351,413.413755,188.0527019,2.198393062,0.890553912,61424,277.854062,0.644504677,0.987154858,0.770644026,0.672096801,0.006818071,0.000858161,0.451714109,0.993045164,HOROZ
198209,1672.222,617.1342071,412.1567577,1.497328857,0.744290547,200587,502.3619581,0.786762196,0.988144795,0.890728542,0.814023842,0.003113553,0.000843305,0.662634815,0.99218223,BOMBAY
80371,1097.029,432.0958796,238.5565292,1.811293453,0.833783428,81474,319.8930063,0.785133736,0.986461939,0.839214578,0.740328759,0.005376266,0.000996229,0.548086671,0.992745799,CALI
32241,667.081,249.3812961,165.4776468,1.507039173,0.748129492,32603,202.6092697,0.75148591,0.988896727,0.910460744,0.812447737,0.007734912,0.00207882,0.660071326,0.994753345,DERMASON
39030,738.414,277.8645027,179.5408596,1.547639369,0.763214368,39514,222.9227208,0.729996633,0.987751177,0.899515334,0.802271318,0.007119254,0.001819279,0.643639267,0.99612147,DERMASON
181181,1601.361,576.0441326,403.3586388,1.428118992,0.713925403,183119,480.2986716,0.768292321,0.989416718,0.887859041,0.833787976,0.003179385,0.000947863,0.69520239,0.992831736,BOMBAY
31312,659.679,253.2753484,158.0415883,1.602586706,0.781431369,31593,199.6689175,0.79877551,0.991105625,0.904180953,0.788347223,0.008088763,0.001927223,0.621491344,0.995993766,DERMASON
44484,769.816,269.316819,210.9512926,1.276677738,0.621665266,44848,237.98905,0.773917431,0.991883696,0.943278269,0.883676893,0.00605424,0.002277264,0.780884852,0.996938306,SEKER
84566,1213.89,422.2427042,255.557956,1.652238541,0.796043446,86165,328.1353004,0.787085125,0.981442581,0.721185498,0.777124855,0.004993055,0.001123335,0.60392304,0.997824923,BARBUNYA
47687,837.565,320.610587,189.9617414,1.687763992,0.805570522,48275,246.4081455,0.676795345,0.987819782,0.854226075,0.768558979,0.006723228,0.001446993,0.590682905,0.996933337,SIRA
37650,719.742,259.5607995,185.5433161,1.39892293,0.699292482,38103,218.9462693,0.708399187,0.988111172,0.913316181,0.843525948,0.006894045,0.002153018,0.711536024,0.99538406,DERMASON
28194,634.778,227.0370844,159.0118204,1.427800045,0.713771954,28708,189.4669251,0.768061458,0.982095583,0.879271155,0.834519725,0.008052674,0.002409164,0.696423171,0.994353035,DERMASON
36837,732.878,284.7182725,165.6490262,1.718804384,0.813332051,37294,216.5694464,0.737182309,0.987746018,0.861848139,0.760644705,0.007729138,0.00159602,0.578580367,0.994466472,DERMASON
29708,641.595,226.5666379,167.6910498,1.35109559,0.67245272,30162,194.4875327,0.710887772,0.984947948,0.906904042,0.858412053,0.007626452,0.00255438,0.736871252,0.9955835,DERMASON
45073,807.346,287.449644,201.310847,1.427889496,0.713815004,45819,239.5594415,0.682097458,0.983718545,0.868974302,0.833396202,0.006377424,0.001897716,0.694549229,0.991739549,SIRA
34477,689.281,259.2898003,169.6710244,1.5281914,0.756175995,34823,209.5172541,0.712864941,0.990064038,0.911898955,0.808042792,0.00752066,0.001977758,0.652933154,0.99780683,DERMASON
37080,713.993,268.5726834,176.1090833,1.525035952,0.755002209,37434,217.2825863,0.733299055,0.990543356,0.914032591,0.809027126,0.007243061,0.001914054,0.654524891,0.99817399,DERMASON
43549,786.279,291.5102486,191.4406543,1.522718618,0.754134367,44199,235.4746461,0.735475917,0.985293785,0.885186328,0.807774846,0.006693845,0.001757991,0.652500201,0.993574205,SIRA
60590,952.177,359.0646751,216.0327705,1.662084295,0.798756672,61579,277.7509388,0.798339812,0.98393933,0.839799174,0.773540139,0.005926138,0.001308829,0.598364347,0.994531984,BARBUNYA
38706,720.119,258.8464423,190.7525632,1.35697491,0.675965465,39128,221.9955176,0.745277751,0.989214884,0.937949847,0.85763403,0.006687502,0.002231782,0.73553613,0.998104074,DERMASON
36236,714.592,234.8935135,196.5813989,1.194891861,0.547362212,36704,214.7955031,0.776097665,0.987249346,0.891730899,0.91443778,0.006482325,0.002795936,0.836196454,0.999164337,SEKER
45035,808.971,314.5140715,183.4175502,1.714743606,0.81234471,45701,239.4584367,0.792939519,0.985427015,0.864757076,0.76136001,0.00698377,0.001447538,0.579669065,0.993983823,SIRA
44608,859.481,329.8557792,175.1673023,1.883089908,0.847345442,45446,238.3205187,0.851948052,0.981560533,0.75883972,0.722499146,0.007394543,0.001242912,0.522005015,0.982982376,HOROZ
39192,709.658,242.1603202,206.3862512,1.173335524,0.523100287,39464,223.3848792,0.782978723,0.993107642,0.977932962,0.922466897,0.00617882,0.002759869,0.850945176,0.998444204,SEKER
75074,1042.762,400.9554644,239.8480528,1.671706148,0.801353369,75864,309.1717736,0.765600302,0.989586629,0.867618947,0.771087567,0.005340803,0.001164665,0.594576036,0.993956415,CALI
51501,905.407,355.0941294,185.8538798,1.910609183,0.852091238,52413,256.0724698,0.630830475,0.982599737,0.789473997,0.721139688,0.006894898,0.001150231,0.52004245,0.993597881,HOROZ
165366,1566.762,592.0672143,360.1940718,1.643745027,0.793655948,168206,458.8578544,0.85841985,0.983115941,0.846544955,0.775009734,0.003580344,0.00079677,0.600640088,0.987299158,BOMBAY
185149,1647.795,645.0968411,368.5878257,1.750184884,0.820693835,186539,485.5296371,0.83314134,0.992548475,0.856889603,0.752646124,0.003484204,0.000689678,0.566476188,0.991438062,BOMBAY
31281,660.378,253.7950716,157.2977475,1.613469205,0.784773621,31626,199.5700534,0.710221597,0.989091254,0.901374565,0.786343297,0.008113394,0.001913511,0.618335781,0.997665741,DERMASON
30034,642.312,242.208061,158.1441184,1.531565407,0.757421071,30360,195.5517233,0.755078439,0.989262187,0.914810138,0.80737083,0.008064462,0.00211372,0.651847658,0.998347323,DERMASON
71010,1022.124,360.2367431,252.4336541,1.427055138,0.71341304,72032,300.6871132,0.804773562,0.985811861,0.854126517,0.834693071,0.005073042,0.001518992,0.696712522,0.994247185,BARBUNYA
40674,748.346,275.7774682,188.3993784,1.463791816,0.730271295,41111,227.5692098,0.7091746,0.989370242,0.912687001,0.825191453,0.00678019,0.00193928,0.680940934,0.996755767,SIRA
38426,721.068,230.7192919,212.3871881,1.086314547,0.390639625,38886,221.1911001,0.777319254,0.98817055,0.928715293,0.958702232,0.00600425,0.003128769,0.919109969,0.99844253,SEKER
52437,915.701,376.5203919,177.7757744,2.117951072,0.881515845,52928,258.3889742,0.641376274,0.990723247,0.785851206,0.686254927,0.007180434,0.000982364,0.470945825,0.997440216,HOROZ
68488,1019.038,349.3068275,249.9429178,1.397546411,0.698572026,69675,295.299221,0.761155381,0.98296376,0.828788258,0.845386342,0.005100263,0.001606916,0.714678067,0.998795767,BARBUNYA
23343,563.168,206.9409613,143.9138028,1.437950754,0.71858987,23653,172.3984649,0.721554202,0.98689384,0.924891088,0.833080429,0.008865226,0.002634009,0.694023002,0.997970899,DERMASON
73887,1070.969,396.4265041,238.11329,1.66486509,0.799512636,74972,306.7178675,0.702181041,0.98552793,0.809513503,0.773706764,0.005365308,0.001185987,0.598622156,0.99662513,BARBUNYA
35147,681.174,248.4542841,180.4774475,1.376650033,0.687271086,35399,211.5432586,0.781044444,0.992881155,0.951879557,0.851437356,0.007069004,0.002291653,0.72494557,0.997996344,DERMASON
33701,686.809,257.7233679,166.846355,1.544674847,0.762162776,33992,207.1459531,0.696359203,0.991439162,0.897802265,0.803753089,0.007647351,0.001968708,0.646019029,0.997889344,DERMASON
38970,770.803,314.1828398,158.6797489,1.979980697,0.86308691,39358,222.7513076,0.630276565,0.990141775,0.824239602,0.708986232,0.008062172,0.001256559,0.502661477,0.995260021,HOROZ
36287,707.487,266.8533263,173.7133929,1.536170135,0.759103833,36629,214.9466058,0.700994881,0.990663136,0.911011796,0.805485953,0.007353965,0.00190956,0.64880762,0.99667889,DERMASON
68562,984.765,384.871051,229.5108679,1.676918633,0.802738013,69637,295.4587106,0.788522139,0.984562804,0.888440059,0.767682344,0.005613475,0.001202646,0.589336181,0.988268824,CALI
44738,798.099,293.9916683,194.417472,1.512166912,0.750119186,45304,238.6675318,0.707767758,0.987506622,0.882618235,0.811817332,0.006571408,0.001760644,0.659047381,0.996589643,SIRA
79077,1100.848,434.8319301,235.2069191,1.848720828,0.841077551,80926,317.3073644,0.817003998,0.977151966,0.819983915,0.729724159,0.005498842,0.000961803,0.532497348,0.984438937,CALI
57786,916.524,331.8750114,224.9344364,1.475429982,0.735275342,59196,271.2478946,0.75894405,0.976180823,0.864459823,0.817319428,0.005743173,0.00158088,0.668011048,0.985603528,CALI
37995,703.86,252.8031217,191.7595894,1.318333662,0.651634264,38262,219.9471221,0.783402062,0.993021797,0.963748561,0.870033252,0.006653589,0.002351685,0.756957859,0.997923027,SEKER
81997,1141.172,407.5545701,258.7221266,1.575259818,0.772663417,83673,323.1127094,0.822874748,0.979969644,0.791235224,0.792808456,0.00497036,0.001211269,0.628545248,0.990122072,BARBUNYA
39774,765.885,290.020625,175.4467657,1.65304059,0.796266633,40301,225.0373961,0.712795699,0.986923401,0.852083206,0.775935836,0.007291714,0.001630469,0.602076421,0.995256763,SIRA
46963,815.744,305.1533386,196.539155,1.552633818,0.764969195,47472,244.5304659,0.750891387,0.98927789,0.886865825,0.801336361,0.006497739,0.001652728,0.642139963,0.997008223,SIRA
44966,811.333,316.0820164,181.7623292,1.738985288,0.818119677,45511,239.2749242,0.663332743,0.988024873,0.858412116,0.757002651,0.007029356,0.001423918,0.573053013,0.996530759,SIRA
58419,982.432,400.343978,187.2581239,2.13792582,0.883864477,59282,272.7295015,0.661147578,0.985442461,0.760604661,0.681237926,0.006852976,0.000910446,0.464085112,0.992179544,HOROZ
81286,1076.791,409.9731483,254.2799783,1.612290323,0.784415508,82185,321.7087963,0.814089275,0.989061264,0.880973374,0.784706993,0.005043589,0.00117964,0.615765064,0.992792055,CALI
45735,776.332,267.1302742,218.329889,1.223516741,0.576189465,46119,241.3122678,0.753385168,0.991673714,0.953594136,0.903350504,0.005840828,0.002399271,0.816042133,0.998441211,SEKER
64980,1023.482,413.5677157,200.7404751,2.060210904,0.874299301,65896,287.6371075,0.60099889,0.986099308,0.779523393,0.695501841,0.006364539,0.000918628,0.48372281,0.996571009,HOROZ
29961,631.511,223.4330103,171.0475619,1.306262468,0.643384814,30299,195.3139268,0.797726184,0.988844516,0.944070287,0.874149825,0.007457462,0.002686051,0.764137916,0.99816468,DERMASON
65235,1017.685,329.6995393,253.3145195,1.301542209,0.640066756,66266,288.2009398,0.752786817,0.984441493,0.791523446,0.874132067,0.005054028,0.001820227,0.764106871,0.994517344,BARBUNYA
33459,655.414,219.1299474,194.5431002,1.12638252,0.460233577,33765,206.4008768,0.786308517,0.990937361,0.978794213,0.941910858,0.006549208,0.003179858,0.887196064,0.999322138,SEKER
29652,637.766,234.7056284,161.3935243,1.454244397,0.726049607,30044,194.3041404,0.736238361,0.98695247,0.916096302,0.827863148,0.007915339,0.002293419,0.685357392,0.996677148,DERMASON
30774,642.61,233.1968649,168.5745158,1.383345897,0.690968361,31096,197.9461385,0.766590275,0.98964497,0.93648075,0.848837048,0.007577724,0.002426699,0.720524335,0.996734383,DERMASON
49900,882.443,369.3796517,173.085695,2.134085383,0.883418515,50428,252.0608127,0.785270281,0.989529626,0.805261776,0.682389546,0.007402398,0.000990106,0.465655492,0.993748579,HOROZ
35029,709.649,269.3005089,166.0756544,1.621553201,0.787203995,35476,211.1878501,0.723859316,0.987399932,0.87407845,0.784208878,0.00768793,0.001793561,0.614983565,0.997228568,DERMASON
24545,584.164,221.9685464,141.1223374,1.572880315,0.771873382,24783,176.7814035,0.783759619,0.990396643,0.903864484,0.796425468,0.00904333,0.00224434,0.634293526,0.997667801,DERMASON
62289,1021.13,420.2957147,189.3852823,2.219262815,0.89272592,63078,281.6182132,0.579114718,0.987491677,0.750687443,0.670047786,0.006747511,0.00083897,0.448964036,0.99636919,HOROZ
38772,732.365,274.593569,180.0761833,1.524874439,0.754941883,39190,222.1847061,0.80080965,0.989334014,0.908391174,0.809140239,0.007082265,0.001872609,0.654707927,0.998347382,DERMASON
45320,803.555,302.5886455,191.5670753,1.57954411,0.774074871,45915,240.2149374,0.779927032,0.987041272,0.881999928,0.79386633,0.006676713,0.001635807,0.63022375,0.995466212,SIRA
41824,776.757,293.3454117,182.6543846,1.606013523,0.782492696,42377,230.7638852,0.818697882,0.986950468,0.871094112,0.786662671,0.007013806,0.001656867,0.618838159,0.993862451,SIRA
64382,990.697,362.7910489,226.5021242,1.601711464,0.78115897,65321,286.3105104,0.78629702,0.985624837,0.824313917,0.789188463,0.005634976,0.001348326,0.622818431,0.99757542,BARBUNYA
31918,661.896,241.8120563,168.5512179,1.434650306,0.717038104,32297,201.5918148,0.761148471,0.988265164,0.915516174,0.83367148,0.00757604,0.002257365,0.695008136,0.997093635,DERMASON
36883,696.855,237.6866158,197.7173758,1.202153401,0.555014617,37217,216.7046242,0.779668541,0.991025607,0.954445779,0.911724135,0.006444341,0.002746705,0.831240898,0.999279073,SEKER
26091,613.028,231.8915594,143.6484353,1.614299236,0.785025193,26509,182.2638005,0.716667582,0.98423177,0.872448833,0.785987213,0.008887799,0.002092358,0.617775899,0.997275162,DERMASON
36035,708.696,260.9400059,177.1052407,1.47336129,0.734397,36461,214.1989426,0.745325556,0.988316283,0.901601088,0.820874292,0.007241293,0.002028161,0.673834603,0.99280182,DERMASON
36553,691.653,231.2505752,201.4553836,1.147899704,0.491005896,36884,215.7329949,0.777591048,0.991025919,0.960188191,0.932897117,0.006326446,0.002955797,0.870297031,0.999013704,SEKER
36439,689.312,237.3111158,195.7067932,1.212584969,0.565593065,36736,215.3963226,0.799276157,0.991915287,0.963706162,0.907653743,0.006512558,0.002726542,0.823835318,0.998970323,SEKER
71648,1031.647,402.7510088,229.1211745,1.757807892,0.82241336,73209,302.034877,0.706065533,0.978677485,0.845963639,0.749929536,0.005621246,0.001096716,0.562394308,0.988581154,CALI
74942,1071.175,422.5722072,229.4131413,1.841970364,0.839799355,76989,308.899851,0.800140934,0.973411786,0.820756417,0.730998977,0.005638657,0.000993167,0.534359504,0.984274369,CALI
55314,921.142,378.8703414,186.5047413,2.031424718,0.870445188,55873,265.38269,0.740838959,0.989995168,0.819203426,0.700457811,0.006849448,0.001017099,0.490641145,0.99670055,HOROZ
41428,762.051,292.3692207,181.0081983,1.615226401,0.785305652,41854,229.6688221,0.721126564,0.989821761,0.896469992,0.785543778,0.007057285,0.001657674,0.617079027,0.996722336,SIRA
27958,615.436,233.2828845,152.9238085,1.525484401,0.755169582,28200,188.6722852,0.725183514,0.99141844,0.927577426,0.808770372,0.008344048,0.002202204,0.654109514,0.99783386,DERMASON
49544,842.662,327.3932803,193.6279415,1.690836961,0.806361422,50024,251.1600685,0.821747856,0.990404606,0.876787019,0.767150958,0.006608132,0.001411828,0.588520592,0.995092369,SIRA
63320,993.072,341.4139113,236.5976849,1.44301459,0.720943653,64491,283.9393033,0.739762837,0.981842428,0.806843484,0.8316571,0.005391881,0.001591099,0.691653532,0.998066138,BARBUNYA
23947,577.697,221.9711354,138.0963479,1.60736427,0.782908782,24185,174.6146253,0.784633028,0.99015919,0.901697268,0.786654648,0.009269267,0.002189584,0.618825535,0.994678054,DERMASON
27347,605.562,222.6547188,156.608122,1.421731618,0.710826263,27630,186.5992546,0.721081081,0.98975751,0.937135361,0.838065574,0.008141833,0.002477502,0.702353906,0.998558755,DERMASON
41714,773.739,298.3660876,179.4157938,1.662986749,0.7990025,42130,230.460223,0.820140773,0.990125801,0.875593896,0.772407564,0.007152661,0.001570484,0.596613445,0.992160253,SIRA
67593,992.946,392.317798,222.2408038,1.765282483,0.824074406,68881,293.3633933,0.724376286,0.981301084,0.861510004,0.74776978,0.005804119,0.001119406,0.559159643,0.987074724,CALI
39498,740.197,279.504739,180.4477975,1.548950682,0.76367714,39951,224.2552464,0.795048309,0.98866111,0.905921003,0.802330748,0.007076428,0.001808871,0.64373463,0.997113194,SIRA
75186,1059.922,409.8002883,236.9893346,1.729192958,0.815821029,76389,309.4023083,0.802703222,0.984251659,0.841005878,0.755007542,0.005450487,0.001092497,0.570036388,0.985702908,CALI
45104,793.366,304.7796622,189.1736986,1.61111013,0.784056046,45585,239.6418086,0.78567447,0.989448283,0.900487634,0.786278871,0.006757265,0.001593152,0.618234463,0.996043805,SIRA
22333,545.278,201.0372975,142.0385806,1.415371068,0.707684588,22596,168.6275741,0.799434422,0.988360772,0.943889116,0.83878751,0.009001804,0.002748636,0.703564486,0.995804819,DERMASON
32283,675.375,249.3920316,165.2899296,1.508815644,0.748821705,32759,202.7411952,0.815042036,0.985469642,0.889393168,0.812941752,0.007725181,0.002081259,0.660874292,0.997137471,DERMASON
48761,878.828,363.7837935,171.3952953,2.122484126,0.882055217,49402,249.1674807,0.605892294,0.987024817,0.793368032,0.684932878,0.007460548,0.001012844,0.469133048,0.995727447,HOROZ
33005,671.799,251.2951082,167.7223781,1.49828014,0.744670816,33383,204.9957833,0.710885672,0.988676871,0.918990231,0.815757158,0.00761385,0.002079829,0.665459741,0.997045114,DERMASON
61247,967.954,348.5079955,224.2208282,1.554306968,0.765552394,62253,279.2527572,0.793560508,0.983840136,0.82145778,0.801280776,0.005690205,0.001446927,0.642050882,0.99794416,BARBUNYA
35598,694.499,245.397668,185.3486365,1.323978814,0.655380254,36045,212.896175,0.753636075,0.987598835,0.927453647,0.86755582,0.00689358,0.002408875,0.7526531,0.996496759,SEKER
34106,677.755,247.0114035,176.3006734,1.401080318,0.700415885,34447,208.3869188,0.71905043,0.990100734,0.933029105,0.843632787,0.007242462,0.002262975,0.711716279,0.997171671,DERMASON
39746,739.528,281.0465799,180.7617178,1.55479038,0.765720461,40098,224.9581715,0.794125874,0.991221507,0.913259184,0.800430205,0.007071066,0.001790435,0.640688513,0.996136337,DERMASON
40845,749.469,262.261607,198.6839209,1.319994118,0.652743332,41310,228.0470767,0.77141724,0.988743646,0.913779512,0.869540454,0.006420899,0.002264304,0.756100601,0.998048346,SEKER
33213,684.27,261.4875575,162.1965754,1.612164479,0.784377224,33610,205.6407182,0.7276372,0.988188039,0.891380173,0.786426399,0.007873048,0.001857612,0.618466481,0.997069692,DERMASON
33373,680.142,251.939614,169.003413,1.490736841,0.741629966,33766,206.135449,0.705769149,0.988361073,0.906579562,0.818193875,0.007549205,0.00208692,0.669441217,0.997960685,DERMASON
83522,1134.917,462.4802456,230.6929039,2.004744133,0.866707463,84089,326.1035315,0.700452868,0.993257144,0.81485915,0.705118834,0.005537227,0.000844348,0.49719257,0.996743888,CALI
67523,1017.032,399.3029062,218.1168313,1.830683601,0.837626082,68784,293.2114489,0.69625696,0.981667248,0.820337109,0.734308327,0.005913584,0.001060582,0.539208719,0.987120559,CALI
169553,1587.35,625.2960707,348.7432745,1.792998221,0.830025772,171550,464.6305893,0.781537511,0.988359079,0.845609688,0.743056947,0.003687909,0.000693503,0.552133627,0.98997461,BOMBAY
45620,800.011,294.3728085,198.0501264,1.486355065,0.739836457,46103,241.0086887,0.704795452,0.989523458,0.895721973,0.818719263,0.006452714,0.00178839,0.670301231,0.996305629,SIRA
84511,1118.151,436.6164778,247.9467271,1.760928579,0.823109837,85464,328.0285768,0.810680403,0.988849106,0.849419431,0.751296832,0.005166386,0.001015343,0.56444693,0.993950731,CALI
63975,985.876,378.4011461,217.376548,1.740763433,0.818532237,64993,285.4040993,0.792515237,0.984336775,0.827133422,0.754236879,0.005914828,0.001180736,0.568873269,0.990273785,CALI
34783,724.442,252.1944891,175.8885352,1.433831312,0.716650856,35370,210.4449835,0.769518373,0.983404015,0.832855502,0.834455123,0.00725051,0.002168504,0.696315353,0.998398756,SIRA
29509,642.899,246.5684857,152.9142698,1.612462238,0.78446779,29832,193.8350477,0.77347907,0.9891727,0.897178497,0.786130666,0.008355705,0.001968529,0.618001423,0.996503958,DERMASON
40676,734.559,258.7261551,200.442393,1.290775625,0.632294669,41045,227.5748047,0.753482513,0.991009867,0.947315699,0.879597212,0.006360659,0.002348644,0.773691255,0.998661813,SEKER
37364,731.173,277.2243955,171.9148118,1.612568415,0.78450007,37787,218.1130953,0.796334186,0.988805674,0.878259661,0.786774537,0.007419559,0.001753715,0.619014171,0.998202701,SIRA
42922,774.96,286.1235864,191.6548006,1.492911137,0.742512478,43383,233.7733683,0.703720099,0.989373718,0.898113534,0.817036342,0.006666129,0.001832394,0.667548384,0.996590417,SIRA
129409,1348.888,484.364424,341.1726593,1.419704689,0.709831188,130688,405.9170559,0.79933414,0.990213333,0.893763394,0.838040607,0.003742896,0.001138801,0.702312059,0.997075723,BOMBAY
50211,882.965,340.6604271,188.7608966,1.804719268,0.832448249,51232,252.8450727,0.700488281,0.980071049,0.809322766,0.742220266,0.006784578,0.001270088,0.550890923,0.994203463,SIRA
50023,848.958,319.2951885,201.5756517,1.583996807,0.775526997,50774,252.3712776,0.777116669,0.985208965,0.872182137,0.790401129,0.006382968,0.001536712,0.624733945,0.989576574,SIRA
28644,636.234,243.6983397,150.0021092,1.624632754,0.788118359,28987,190.9729654,0.747533796,0.988167109,0.889221145,0.783644918,0.008507832,0.001979137,0.614099357,0.99768593,DERMASON
27899,624.805,242.8678368,146.4372859,1.658510914,0.797778593,28207,188.4731017,0.776309199,0.989080725,0.898068592,0.776031541,0.008705252,0.001947505,0.602224953,0.998796657,DERMASON
91671,1251.82,446.6364958,262.1577749,1.703693496,0.809615905,93273,341.6418334,0.685534168,0.982824612,0.7351197,0.764921444,0.004872168,0.001028891,0.585104816,0.996839268,BARBUNYA
56821,965.022,386.5769079,187.601567,2.060627287,0.874353745,57528,268.9735009,0.698261137,0.987710332,0.766733269,0.695782638,0.006803416,0.000983561,0.48411348,0.997577446,HOROZ
36919,706.713,248.8840072,189.0083083,1.316788714,0.65059687,37346,216.8103567,0.770462039,0.988566379,0.928909988,0.871130126,0.006741353,0.002394743,0.758867697,0.999268419,SEKER
41308,771.737,296.5691177,177.8730082,1.667308158,0.800173084,41847,229.3359525,0.76965214,0.987119746,0.87157625,0.77329681,0.00717946,0.00158364,0.597987956,0.997030197,SIRA
39277,720.153,256.9960951,194.8667003,1.318830229,0.651966573,39599,223.6269876,0.772773777,0.991868482,0.951696834,0.870157142,0.00654317,0.002313975,0.757173452,0.998583237,SEKER
31920,663.202,244.1461516,167.0059619,1.461900814,0.729443623,32314,201.5981306,0.799398948,0.987807142,0.911971134,0.825727251,0.007648689,0.002193377,0.681825493,0.996761243,DERMASON
29393,633.927,239.9994363,156.2160337,1.536330366,0.759162049,29685,193.4536894,0.744673304,0.990163382,0.919126483,0.806058932,0.00816519,0.002126245,0.649731003,0.998201469,DERMASON
145339,1465.758,543.2584514,342.4687548,1.586300776,0.776272521,147256,430.1759665,0.695958014,0.986981855,0.850095046,0.791844039,0.003737871,0.000906489,0.627016983,0.994637526,BOMBAY
28754,618.817,222.8032895,164.9958869,1.350356628,0.67200665,29033,191.3393056,0.779093397,0.990390246,0.943590719,0.858781332,0.007748602,0.002599761,0.737505376,0.995895272,DERMASON
42883,752.306,258.7003767,211.2291737,1.22473791,0.577343706,43202,233.667138,0.786439994,0.992616083,0.952151318,0.903234626,0.006032702,0.002476817,0.81583279,0.999181346,SEKER
64778,984.123,367.3746149,225.3327197,1.630365157,0.789803831,65656,287.1896781,0.801956051,0.986627269,0.840501776,0.781735228,0.005671287,0.001306472,0.611109966,0.996332396,BARBUNYA
53002,931.496,382.7761912,177.3468881,2.15834738,0.886192384,53702,259.7772938,0.623061822,0.986965104,0.767609133,0.67866628,0.00722192,0.000945056,0.46058792,0.994108729,HOROZ
46028,779.483,262.7993586,223.4295487,1.176206819,0.526474991,46414,242.0840139,0.771453473,0.991683544,0.951959939,0.921174295,0.005709554,0.002536,0.848562082,0.998084506,SEKER
39003,746.686,285.1940553,174.9220023,1.63040699,0.789816053,39523,222.8456012,0.67860809,0.986843104,0.879087004,0.78138235,0.007312106,0.001681422,0.610558377,0.995458646,DERMASON
36450,710.003,263.5197066,176.6732989,1.491564986,0.741966675,36848,215.4288314,0.764070852,0.989198871,0.908629911,0.817505583,0.007229622,0.001991857,0.668315379,0.996835818,DERMASON
36684,717.317,275.036248,170.2850265,1.615152276,0.785283251,37121,216.1192251,0.706167706,0.988227688,0.89590983,0.785784516,0.007497444,0.001763222,0.617457306,0.997287573,DERMASON
31158,642.626,216.4848362,183.6443122,1.178826797,0.529514251,31492,199.1773023,0.798759229,0.989394132,0.948119004,0.92005198,0.00694797,0.003071052,0.846495646,0.997871751,SEKER
34975,691.239,254.0619594,175.8221372,1.444994149,0.721855008,35326,211.0250058,0.779300357,0.990063976,0.919837521,0.830604496,0.007264102,0.002132744,0.689903829,0.996906996,DERMASON
142238,1425.362,516.4426267,351.4148645,1.469609509,0.732791853,143764,425.5620359,0.767464321,0.989385382,0.879782154,0.824025775,0.003630834,0.001032641,0.679018478,0.997892013,BOMBAY
168972,1604.737,615.6769034,353.5306222,1.741509405,0.818704878,171065,463.8338413,0.82385178,0.987764885,0.824549773,0.753372164,0.003643662,0.000724029,0.567569618,0.988427828,BOMBAY
77418,1116.981,364.8569284,270.7538285,1.347559628,0.670308901,79163,313.9612382,0.765726381,0.977956874,0.77975872,0.860505074,0.004712818,0.001593948,0.740468982,0.997826106,BARBUNYA
26611,596.977,215.0029413,157.9478445,1.361227448,0.678466775,26920,184.0711208,0.746661055,0.988521545,0.938330559,0.856133036,0.008079476,0.002677491,0.732963775,0.997730409,DERMASON
26466,610.166,222.1737253,152.2590895,1.459182017,0.728246329,26878,183.5689456,0.74480779,0.984671479,0.893309935,0.826240571,0.008394685,0.002413294,0.682673481,0.996144867,DERMASON
37153,713.493,270.7479812,175.2476152,1.54494531,0.762259027,37501,217.496365,0.812051932,0.990720247,0.917116102,0.803316664,0.007287379,0.001871967,0.645317663,0.996980496,SIRA
33494,678.636,247.4457385,172.5911904,1.433710132,0.716593484,33891,206.508802,0.73840388,0.988285976,0.913909289,0.834561966,0.007387763,0.002210686,0.696493675,0.998570039,DERMASON
76030,1058.572,412.8819876,236.7943681,1.743630944,0.819194457,77182,311.1340589,0.767979798,0.98507424,0.852617122,0.753566559,0.005430514,0.001080207,0.56786256,0.990142731,CALI
40400,745.966,274.7577876,187.5689205,1.464836428,0.730726736,40832,226.8014057,0.707468698,0.989420063,0.912332534,0.825459426,0.006800935,0.001947742,0.681383264,0.998115027,SIRA
84718,1111.272,435.8566561,248.7151069,1.752433383,0.821203739,85289,328.4300652,0.759530213,0.993305116,0.862074532,0.753527704,0.005144794,0.001023163,0.567804,0.995038685,CALI
55475,971.678,380.8088093,186.731661,2.039337129,0.871522558,56330,265.7686282,0.665574872,0.984821587,0.738350265,0.697905673,0.006864512,0.001004561,0.487072328,0.993304683,HOROZ
70964,1040.983,404.4895417,225.9413974,1.790240949,0.829447939,72287,300.5897055,0.704532142,0.981697954,0.822925797,0.743133442,0.005699926,0.0010723,0.552247313,0.988655754,CALI
89280,1144.377,448.9538741,254.7085582,1.76261794,0.823485083,90253,337.1569761,0.796147673,0.989219195,0.856694156,0.750983554,0.005028605,0.000986618,0.563976299,0.994074742,CALI
60166,978.007,404.4412154,189.6852838,2.132169704,0.883195075,60719,276.7774023,0.596932296,0.990892472,0.790454865,0.684345195,0.006722089,0.000909463,0.468328346,0.99855551,HOROZ
60563,1005.91,408.4148618,189.8140139,2.151658107,0.885437823,61453,277.6890465,0.621981904,0.985517387,0.752140532,0.679919054,0.006743637,0.000889002,0.46228992,0.994689855,HOROZ
24547,581.808,215.7150874,145.2276992,1.485357742,0.739425411,24870,176.7886057,0.744864209,0.987012465,0.911273853,0.819546782,0.008787839,0.002445439,0.671656928,0.997650818,DERMASON
70057,1009.313,384.7634657,233.6409592,1.646815126,0.794524037,70989,298.6625902,0.785559704,0.986871205,0.864190854,0.77622388,0.005492149,0.001229901,0.602523512,0.992244833,CALI
79893,1115.52,410.7433014,248.9338548,1.650009806,0.795421214,81400,318.9403188,0.768394022,0.981486486,0.80679625,0.776495484,0.005141168,0.001152915,0.602945237,0.994865554,BARBUNYA
35790,700.082,260.6489341,175.2987023,1.486884561,0.74005426,36164,213.4695372,0.737725193,0.989658224,0.917642965,0.818992558,0.007282731,0.002021128,0.67074881,0.997326049,DERMASON
74783,1047.582,395.0915622,244.418388,1.616455969,0.785676688,76817,308.5719898,0.791957894,0.973521486,0.856321192,0.781013869,0.005283173,0.001212578,0.609982664,0.986010118,CALI
27284,605.567,225.6458126,154.2425428,1.462928506,0.729893947,27557,186.3841939,0.799460853,0.990093261,0.934961018,0.826003336,0.008270261,0.002374795,0.682281511,0.998129071,DERMASON
63211,999.886,341.4370908,236.1335757,1.445948929,0.722292825,64474,283.6948094,0.725462517,0.980410708,0.794513992,0.830884567,0.005401545,0.001588037,0.690369164,0.998238553,BARBUNYA
41102,792.163,326.2319591,161.0403661,2.025777555,0.869667698,41550,228.7633969,0.667131959,0.98921781,0.823083151,0.701229265,0.007937131,0.001183814,0.491722482,0.996120368,HOROZ
26798,603.572,211.9117351,161.4569528,1.312496807,0.647686891,27145,184.7167381,0.810881143,0.987216799,0.924387529,0.871668282,0.007907744,0.002816031,0.759805594,0.997242416,DERMASON
81411,1150.387,397.071487,262.3872615,1.513303217,0.750556657,82770,321.95606,0.725840533,0.983581008,0.77304544,0.810826439,0.004877369,0.0013004,0.657439515,0.994905333,BARBUNYA
27194,603.474,219.549956,158.860713,1.382028016,0.690246466,27441,186.0765331,0.799353322,0.99099887,0.938352099,0.84753619,0.00807347,0.002569644,0.718317593,0.992735037,DERMASON
71048,1038.979,396.1093553,232.8322077,1.701265299,0.809007878,73199,300.7675567,0.808650125,0.970614353,0.827081262,0.75930435,0.005575236,0.001143159,0.576543096,0.980852763,CALI
54413,923.367,384.9414135,180.5968826,2.131495339,0.883116262,55039,263.2124301,0.593944091,0.988626247,0.801980551,0.683772701,0.007074438,0.000953935,0.467545107,0.996570216,HOROZ
46460,831.866,275.3004714,215.4814748,1.277606215,0.622381817,47213,243.2174115,0.760343022,0.984051003,0.843688872,0.88346166,0.005925537,0.002226683,0.780504505,0.997177406,SEKER
28405,630.146,242.9226468,149.7852436,1.621806267,0.787279371,28776,190.1745758,0.757143619,0.987107312,0.898922581,0.782860628,0.008552109,0.001981485,0.612870762,0.993957643,DERMASON
55175,962.44,408.2768518,173.1254469,2.358271756,0.90564377,55785,265.0490367,0.737042479,0.989065161,0.74852253,0.649189479,0.007399671,0.000810733,0.42144698,0.993886509,HOROZ
29518,639.648,242.6871698,155.1601622,1.564107477,0.768922286,29815,193.8646045,0.790202115,0.990038571,0.906597881,0.798825107,0.008221667,0.002065126,0.638121552,0.998090691,DERMASON
173967,1605.55,604.93982,370.0099489,1.634928525,0.79113039,176528,470.6396327,0.72534304,0.985492386,0.84806486,0.777994136,0.003477325,0.000785833,0.605274876,0.98958116,BOMBAY
77815,1075.607,432.7701699,230.6963657,1.875929725,0.846071765,78443,314.7652064,0.850251311,0.991994187,0.845212567,0.727326485,0.005561526,0.000960045,0.529003816,0.992373982,CALI
31158,641.105,212.0669751,187.1929601,1.132879009,0.469924157,31474,199.1773023,0.781313473,0.989959967,0.952623101,0.939218858,0.006806181,0.00326701,0.882132064,0.999348898,SEKER
74923,1101.567,385.5329639,248.4430483,1.551796142,0.764676336,76197,308.8606909,0.774253886,0.983280182,0.77589542,0.801126544,0.005145722,0.001307467,0.64180374,0.995948567,BARBUNYA
25139,590.144,217.7287407,148.0643618,1.470500653,0.733174548,25452,178.9077106,0.737646714,0.987702342,0.907072227,0.82170002,0.008660994,0.002435571,0.675190923,0.992868693,DERMASON
74880,1059.737,367.6958053,259.6779415,1.415968577,0.707982116,75991,308.7720472,0.758063536,0.985379848,0.837875525,0.839748626,0.004910467,0.00150626,0.705177754,0.998509541,BARBUNYA
30029,637.309,234.2533843,163.9400399,1.428896714,0.714299006,30398,195.5354451,0.785420971,0.987861043,0.929074694,0.834717695,0.007800905,0.002336056,0.696753631,0.995588974,DERMASON
52612,889.871,347.9376739,196.3683693,1.771862114,0.825516487,53606,258.8197808,0.690174472,0.9814573,0.83491174,0.743868228,0.006613276,0.001249052,0.55333994,0.980442075,HOROZ
35320,693.884,257.0634918,175.4273827,1.465355567,0.730952609,35700,212.063247,0.807886731,0.989355742,0.921842681,0.824945018,0.007278128,0.002079215,0.680534283,0.997224701,DERMASON
31703,656.305,215.7089067,187.2724497,1.151845384,0.496263281,32093,200.9117052,0.777110501,0.987847817,0.92490856,0.931401991,0.006804053,0.003158611,0.867509669,0.999237008,SEKER
53325,917.32,376.7533936,182.1170851,2.068742718,0.875407658,54155,260.5676471,0.703969689,0.984673622,0.796340867,0.691613272,0.00706523,0.000997147,0.478328917,0.989539465,HOROZ
51782,858.661,311.3287503,212.4263601,1.465584356,0.731052055,52581,256.7701114,0.713663552,0.984804397,0.882561968,0.824755539,0.006012297,0.001716015,0.6802217,0.996922282,BARBUNYA
95754,1182.302,452.7056001,272.5128474,1.661226634,0.798522604,97441,349.1672656,0.748826952,0.982686959,0.860815227,0.771289919,0.004727798,0.00103207,0.594888139,0.988244021,CALI
30250,649.872,237.8158697,162.3839301,1.464528353,0.730592549,30612,196.2536528,0.731382979,0.988174572,0.90007685,0.825233627,0.007861682,0.00224907,0.68101054,0.997359244,DERMASON
34722,670.391,227.2593515,194.7318627,1.167037322,0.515531503,34999,210.2603707,0.790375817,0.992085488,0.970863662,0.925200082,0.006545111,0.002958281,0.855995192,0.998978336,SEKER
36424,717.948,275.4001818,168.7561122,1.631941967,0.790263716,36768,215.3519844,0.681790955,0.990644038,0.887997046,0.781960212,0.007560954,0.001743793,0.611461772,0.997870128,DERMASON
31330,647.232,236.1996796,169.2905073,1.395232866,0.697354647,31623,199.7263001,0.800930542,0.990734592,0.939832148,0.845582434,0.00753909,0.002377511,0.715009653,0.997604967,DERMASON
33639,663.03,224.6629064,190.8531005,1.177150939,0.52757456,33919,206.9553214,0.78625187,0.99174504,0.961582569,0.921181537,0.006678644,0.002966531,0.848575424,0.998901357,SEKER
44290,776.883,275.7552456,204.7260179,1.346947732,0.669935501,44739,237.4695337,0.790441176,0.989964014,0.922155812,0.861160531,0.006226129,0.002112197,0.74159746,0.998893017,SEKER
138114,1368.731,483.7173648,364.5190225,1.327001706,0.657357888,139491,419.3473578,0.793950264,0.990128395,0.926427334,0.866926408,0.003502305,0.001220289,0.751561398,0.997323257,BOMBAY
37912,723.057,275.3941982,175.7770097,1.566724788,0.769809102,38295,219.7067537,0.723539066,0.989998694,0.911258285,0.797790059,0.007264038,0.001815149,0.636468979,0.997171725,DERMASON
40679,781.514,289.4909695,180.015758,1.60814238,0.783147896,41498,227.5831967,0.69119671,0.980264109,0.836963671,0.786149555,0.007116472,0.001676738,0.618031122,0.99388204,SIRA
73599,1027.388,404.7729715,233.5996175,1.732763846,0.816664525,74263,306.1195147,0.790876854,0.991058805,0.87621927,0.756274594,0.005499707,0.001109781,0.571951261,0.991056467,CALI
33988,684.781,253.5804923,170.9913232,1.483002106,0.738450329,34379,208.0261177,0.763775281,0.988626778,0.910818975,0.820355366,0.007460883,0.002084386,0.672982927,0.998035098,DERMASON
27903,626.565,236.0763095,151.0462383,1.562940674,0.768525173,28254,188.4866123,0.800292549,0.98757698,0.893158427,0.798413923,0.008460607,0.002120771,0.637464792,0.996319651,DERMASON
183754,1630.759,625.5357421,376.067177,1.663361709,0.799104499,185287,483.6970739,0.822621947,0.991726349,0.868294595,0.773252496,0.003404202,0.000750724,0.597919423,0.994556272,BOMBAY
40548,737.736,266.8840826,193.7009572,1.377814991,0.687919654,40969,227.2164542,0.730239343,0.989723938,0.93621878,0.851367575,0.00658193,0.002133052,0.724826748,0.998677159,DERMASON
54313,926.338,366.7744394,190.7502467,1.922799292,0.854120547,55100,262.9704535,0.627431727,0.985716878,0.795380054,0.716981407,0.006752977,0.001100795,0.514062337,0.988438699,HOROZ
57615,954.153,387.9443721,191.1817237,2.029191727,0.870138613,58614,270.8462597,0.714755359,0.98295629,0.79526046,0.698157466,0.006733392,0.000986796,0.487423847,0.989076438,HOROZ
58573,960.965,366.4514901,208.1533588,1.760487999,0.823011768,59606,273.0887399,0.669673584,0.98266953,0.79706216,0.745224804,0.006256321,0.001190277,0.555360009,0.97770463,HOROZ
38151,715.089,240.298028,202.5908511,1.186124776,0.537785626,38724,220.3981894,0.777196056,0.985202975,0.937552498,0.917186842,0.006298604,0.00274951,0.841231703,0.997805765,SEKER
66791,1039.08,412.4298449,209.8000206,1.965823663,0.860948206,68108,291.617802,0.691991297,0.980663065,0.777373691,0.707072501,0.006174931,0.000952067,0.499951522,0.982816532,HOROZ
84146,1141.257,451.5574916,239.2381116,1.887481424,0.848118524,85277,327.3194384,0.772137496,0.986737338,0.81185119,0.724867696,0.005366357,0.000913891,0.525433176,0.991745359,CALI
33999,678.536,247.0150087,175.4972649,1.407514863,0.703725398,34365,208.0597781,0.799506173,0.989349629,0.927962057,0.842296099,0.007265361,0.002255777,0.709462718,0.99857932,DERMASON
36154,679.696,234.9680946,196.1359724,1.197985723,0.550652643,36386,214.5523304,0.784285652,0.993623921,0.983414912,0.913112611,0.00649909,0.002786953,0.833774641,0.998850116,SEKER
82553,1115.776,438.2728412,241.1100056,1.817729795,0.835074567,83452,324.2063296,0.813843211,0.98922734,0.833275654,0.739736299,0.005308987,0.000980616,0.547209792,0.994679544,CALI
54484,878.705,333.656059,208.9350875,1.59693646,0.779663276,55109,263.3840985,0.806358039,0.98865884,0.886732555,0.789388028,0.006123927,0.001466803,0.623133459,0.99510454,SIRA
38085,738.65,282.2942539,172.1916459,1.639418988,0.792422817,38558,220.207466,0.772201946,0.987732766,0.877175352,0.780063579,0.007412216,0.001692964,0.608499187,0.997585121,DERMASON
63603,990.075,402.0929464,202.0947587,1.989625802,0.864514968,64260,284.5731097,0.663547307,0.98977591,0.815363518,0.707729674,0.006321918,0.000978359,0.500881291,0.99656634,HOROZ
30510,649.748,242.2341796,160.6429484,1.507904218,0.748466948,30885,197.0952524,0.771936039,0.987858184,0.908159581,0.81365583,0.007939501,0.002146525,0.662035809,0.998286589,DERMASON
66400,1044.101,432.9446492,195.7116085,2.212156205,0.891993794,67187,290.7629718,0.582947043,0.988286424,0.765407864,0.671593869,0.006520251,0.000818222,0.451038324,0.997767228,HOROZ
43317,778.174,289.8817977,190.6852128,1.520211208,0.753189733,43794,234.8465826,0.735283134,0.989108097,0.898907083,0.810146013,0.006692102,0.001778261,0.656336562,0.997770198,SIRA
54476,889.751,340.7778053,203.9935132,1.670532557,0.801039495,54975,263.3647612,0.670333592,0.990923147,0.86472518,0.772834255,0.006255559,0.001376548,0.597272785,0.997763633,SIRA
64871,959.372,357.7626293,231.1965823,1.547439092,0.76314356,65510,287.3957594,0.769342979,0.990245764,0.885699457,0.803314085,0.005514986,0.00141666,0.64531352,0.998583367,BARBUNYA
55148,939.385,386.7406464,182.4424636,2.119795133,0.881735721,55722,264.9841777,0.675684285,0.989698862,0.785330363,0.685172816,0.007012777,0.000953389,0.469461787,0.995162812,HOROZ
88631,1174.734,424.3290592,267.7618562,1.584725566,0.77576324,90381,335.9292992,0.768512417,0.980637523,0.807079723,0.79167168,0.004787592,0.001160052,0.626744049,0.993217318,BARBUNYA
26000,609.322,223.2961681,149.2513204,1.496108493,0.743801366,26407,181.9456737,0.79491256,0.98458742,0.880013823,0.814817716,0.008588314,0.002335229,0.66392791,0.993308185,DERMASON
35259,677.828,234.8896338,191.2971925,1.227878103,0.580285549,35577,211.8800441,0.752240143,0.991061641,0.964363679,0.902040847,0.006661835,0.002720686,0.813677689,0.999097017,SEKER
79902,1076.13,424.741243,241.4848866,1.758872984,0.822651551,81032,318.9582827,0.823265159,0.986054892,0.86703781,0.750947284,0.005315777,0.00104276,0.563921823,0.991866859,CALI
38597,728.609,249.0154676,198.190154,1.256447218,0.605434739,39116,221.6827163,0.775819095,0.986731772,0.913638413,0.890236733,0.006451679,0.002499623,0.79252144,0.995761359,DERMASON
30545,651.016,239.356224,163.1079262,1.467471444,0.731870011,30898,197.2082703,0.705736928,0.988575312,0.90566309,0.823911186,0.007836183,0.00222744,0.678829642,0.996163115,DERMASON
87552,1155.741,371.3509385,301.7053564,1.230839727,0.583026045,88998,333.8782242,0.821621622,0.983752444,0.823673123,0.899090832,0.00424149,0.001709671,0.808364324,0.994966924,BARBUNYA
32749,688.667,248.1981367,168.5628496,1.472436763,0.734002919,33310,204.199221,0.718463429,0.983158211,0.867739489,0.822726648,0.0075788,0.002141916,0.676879137,0.996661725,DERMASON
25546,589.121,215.4350084,151.2806213,1.424075381,0.711969866,25887,180.3501522,0.716135905,0.986827365,0.924961729,0.837144128,0.008433219,0.002554901,0.700810291,0.998006682,DERMASON
43022,788.25,292.1564816,188.717299,1.548117121,0.763383139,43500,234.0455334,0.70308874,0.989011494,0.870106677,0.801096495,0.006790862,0.001725218,0.641755594,0.993512823,SIRA
41549,757.851,287.6825516,184.0931776,1.562700777,0.768443391,41985,230.0039779,0.713826753,0.989615339,0.909081424,0.79950618,0.006923934,0.001745099,0.639210132,0.99889417,DERMASON
33952,682.496,254.4748596,170.3420586,1.493905038,0.742914257,34261,207.9159182,0.787384045,0.990980999,0.91595683,0.817039131,0.007495136,0.002060301,0.667552942,0.997260703,DERMASON
45739,777.912,281.456879,207.090108,1.359103444,0.677221542,46085,241.3228202,0.780782165,0.992492134,0.949807484,0.857406012,0.006153542,0.002051403,0.73514507,0.999138196,SEKER
51903,908.476,366.5447142,181.1892679,2.022993517,0.869281741,52611,257.0699362,0.708824975,0.986542738,0.79026984,0.701333088,0.00706211,0.00105393,0.4918681,0.995045977,HOROZ
46920,814.753,313.3114693,191.0962654,1.63954784,0.792459715,47412,244.4184924,0.772091493,0.98962288,0.888210557,0.780113454,0.006677568,0.001525559,0.608577001,0.997791107,SIRA
54503,918.795,369.9598909,188.3030064,1.964705174,0.860777033,55142,263.430019,0.636791681,0.988411737,0.811321576,0.712050213,0.006787881,0.001076357,0.507015505,0.996135987,HOROZ
41674,782.985,305.316673,174.2483853,1.752192266,0.821149169,42098,230.3497011,0.779623602,0.989928263,0.854216915,0.754461585,0.007326311,0.001464245,0.569212283,0.997369361,SIRA
172546,1574.542,597.1470818,370.9714792,1.609684612,0.783620587,174186,468.7135484,0.750382702,0.990584777,0.874593531,0.784921442,0.003460799,0.000810328,0.61610167,0.991729378,BOMBAY
58238,971.303,397.2026539,186.9455097,2.124697483,0.882317203,58977,272.3066738,0.604755971,0.987469692,0.775723335,0.685561063,0.006820335,0.00092933,0.469993972,0.998595009,HOROZ
29283,620.528,220.7820774,169.18052,1.305008859,0.642508779,29618,193.0913607,0.802186062,0.988689311,0.955658365,0.874578965,0.007539599,0.002720972,0.764888366,0.998186094,DERMASON
55838,950.359,399.4419258,178.7464609,2.234684389,0.894288693,56472,266.6367373,0.588915256,0.988773197,0.776898592,0.667523162,0.007153586,0.000876131,0.445587172,0.995746697,HOROZ
41191,776.063,282.0423254,186.4416105,1.512764906,0.750349565,41770,229.0109388,0.790917819,0.986138377,0.859445304,0.811973659,0.006847183,0.001835944,0.659301222,0.997367751,SIRA
33767,687.552,257.4015727,167.8300362,1.533703851,0.758204898,34158,207.3486911,0.707903564,0.988553194,0.897617358,0.805545549,0.007622874,0.001979971,0.648903631,0.995225997,DERMASON
57812,1003.281,403.8888811,183.3383752,2.202969676,0.891035966,58805,271.3089098,0.603717627,0.983113681,0.72174317,0.671741468,0.006986246,0.00087747,0.4512366,0.994060546,HOROZ
76786,1065.286,405.5231141,243.5064981,1.665348224,0.799643518,77877,312.6771045,0.824406008,0.985990729,0.850275116,0.771046319,0.005281212,0.001151424,0.594512426,0.990070213,CALI
66370,1004.139,339.2870724,249.8830846,1.357783273,0.676443462,67637,290.69728,0.720535869,0.981267649,0.827168546,0.856788553,0.005112055,0.001699299,0.734086625,0.996730541,BARBUNYA
35884,703.317,262.880889,174.0389743,1.510471376,0.7494641,36263,213.749685,0.710517979,0.989548576,0.911608744,0.813104695,0.007325852,0.001975258,0.661139245,0.998631905,DERMASON
29852,637.012,231.0691723,164.7323599,1.402694482,0.70125186,30185,194.9583209,0.733464373,0.98896803,0.924459883,0.843722765,0.007740492,0.002419621,0.711868104,0.998533462,DERMASON
49888,810.547,286.4899201,222.0352076,1.290290505,0.631937605,50224,252.0305029,0.764391328,0.993309971,0.954222279,0.87971857,0.005742662,0.002121622,0.773904763,0.998561967,SEKER
44131,785.291,296.6548415,191.3286985,1.550498403,0.764221473,44907,237.0428956,0.73040384,0.982719843,0.899274735,0.799052847,0.006722142,0.0016904,0.638485452,0.989970673,SIRA
37248,705.116,232.2710332,204.4789927,1.13591636,0.474331137,37661,217.774256,0.781371932,0.989033748,0.941437912,0.937586805,0.006235799,0.002972472,0.879069017,0.998548879,SEKER
75636,1108.609,404.0895988,239.0063265,1.690706705,0.806328001,77056,310.3268377,0.682309004,0.981571844,0.773359843,0.767965418,0.005342556,0.001146293,0.589770884,0.997129587,BARBUNYA
50771,903.481,375.0473913,172.7873569,2.170571957,0.887551734,51292,254.2511454,0.786026133,0.989842471,0.781605369,0.677917381,0.00738704,0.000962404,0.459571976,0.997534043,HOROZ
40239,762.285,277.034101,186.1270493,1.488413974,0.740681705,40913,226.3490359,0.733833023,0.983526019,0.870206445,0.817043949,0.006884716,0.001892551,0.667560814,0.993606844,SIRA
44047,778.094,287.0022639,196.1640202,1.46307291,0.729957126,44515,236.8171916,0.722022785,0.98948669,0.914243888,0.8251405,0.006515819,0.001863204,0.680856845,0.996143205,SIRA
64011,963.416,356.2869043,228.9041736,1.556489332,0.766309599,64811,285.4843892,0.76008122,0.987656416,0.866636082,0.801276684,0.005566026,0.001415321,0.642044324,0.999335142,BARBUNYA
74893,1083.652,428.7292446,224.4769842,1.909902907,0.851972321,75725,308.7988491,0.777487101,0.989012876,0.801440745,0.720265419,0.005724557,0.000950368,0.518782274,0.990823774,CALI
38611,741.171,284.0497023,174.0405903,1.632088824,0.790306467,39096,221.7229173,0.673134589,0.987594639,0.883250877,0.78057789,0.007356704,0.001684721,0.609301843,0.994434728,SIRA
36914,706.663,256.9977983,183.2535424,1.402416537,0.701108189,37304,216.7956747,0.770004172,0.989545357,0.928915621,0.843570163,0.006962069,0.002174718,0.71161062,0.997974502,DERMASON
36939,695.361,241.6436104,195.2970133,1.237313394,0.588904432,37283,216.8690747,0.730337301,0.990773275,0.960006867,0.897474898,0.006541693,0.002617937,0.805461193,0.996607923,SEKER
48883,827.086,321.6458166,194.40345,1.654527307,0.796679321,49352,249.4789944,0.71787529,0.990496839,0.897979404,0.775632642,0.006579912,0.001469008,0.601605995,0.995373547,SIRA
45780,796.285,301.5844126,193.7474165,1.556585466,0.766342864,46186,241.4309557,0.794543372,0.991209457,0.907295136,0.80054189,0.006587689,0.001668972,0.640867318,0.997564752,SIRA
51967,949.775,356.8420505,187.0040994,1.908204427,0.851685736,53127,257.2283799,0.818958317,0.978165528,0.723929113,0.720846603,0.006866705,0.001143667,0.519619825,0.991540851,HOROZ
31518,650.724,236.4859992,170.150753,1.389861608,0.694496486,31829,200.3246464,0.780999108,0.990229036,0.935351541,0.847088822,0.007503204,0.0023831,0.717559472,0.997308362,DERMASON
36210,690.479,236.3201945,195.2178042,1.210546321,0.56356268,36567,214.7184294,0.761338071,0.990237099,0.954415403,0.908591116,0.006526379,0.002743633,0.825537817,0.999351767,SEKER
38959,718.457,258.5421323,192.1426476,1.345573903,0.669094522,39336,222.7198676,0.772996032,0.990415904,0.948453632,0.861445156,0.006636262,0.002254311,0.742087757,0.99853392,SEKER
42044,777.85,294.5178513,182.9759506,1.609598695,0.783594297,42486,231.3700141,0.789514206,0.989596573,0.873216995,0.785589101,0.007004991,0.00164577,0.617150236,0.993364214,SIRA
35072,693.453,254.363667,176.2521466,1.443180534,0.721020239,35397,211.3174326,0.80221414,0.990818431,0.916508155,0.830768934,0.007252614,0.002131058,0.690177022,0.996050043,DERMASON
37916,732.54,259.5328974,186.6859006,1.390211562,0.694684073,38307,219.7183437,0.784912847,0.989792988,0.887911519,0.846591495,0.006844944,0.002168929,0.71671716,0.996388482,SEKER
25583,601.998,226.2884153,144.4306791,1.566761416,0.769821474,25908,180.4807116,0.691170908,0.987455612,0.88709726,0.797569382,0.008845265,0.002207824,0.63611692,0.996643446,DERMASON
41256,736.602,260.1405927,202.4149228,1.285184853,0.628142672,41620,229.1915589,0.784677711,0.991254205,0.955501108,0.881029587,0.006305521,0.002343488,0.776213133,0.99757736,SEKER
72835,1074.908,434.1313881,219.2406024,1.980159621,0.863113613,75191,304.5265214,0.605696466,0.968666463,0.792149949,0.701461654,0.005960478,0.000890177,0.492048451,0.974334475,HOROZ
51693,834.877,304.3503037,216.7960052,1.403855681,0.701850849,52208,256.5493555,0.776450973,0.990135611,0.931958572,0.84294102,0.00588765,0.001833625,0.710549564,0.997509042,BARBUNYA
39621,769.466,284.2134329,179.99725,1.57898764,0.773892337,40781,224.6041496,0.687912355,0.971555381,0.84092338,0.790265778,0.007173303,0.001725805,0.624519999,0.98610936,SIRA
40029,750.006,281.3352814,182.1284354,1.544708166,0.762174636,40510,225.7576261,0.791086957,0.988126389,0.894242135,0.80245046,0.007028287,0.001797638,0.643926741,0.994678896,SIRA
53659,900.334,359.5163506,190.5651315,1.88657992,0.847960321,54211,261.3824033,0.696652991,0.989817565,0.831850222,0.727038987,0.00670002,0.001154746,0.528585688,0.997219145,SIRA
40116,724.693,254.8224466,200.6987207,1.269676487,0.616184037,40460,226.0028265,0.778800233,0.991497776,0.959885329,0.886903134,0.00635214,0.002424402,0.786597169,0.99872393,SEKER
49557,830.709,315.1296637,200.7583704,1.569696263,0.77080932,50092,251.1930177,0.753260374,0.989319652,0.902437306,0.797110036,0.006358933,0.00158357,0.63538441,0.997360534,SIRA
35106,680.346,234.3642027,191.0105524,1.226969922,0.579438588,35445,211.419837,0.810387812,0.990435887,0.953084795,0.902099529,0.006675902,0.002727141,0.813783561,0.998487952,SEKER
36428,715.984,253.6303369,183.4350627,1.382670974,0.690599011,36848,215.3638088,0.719792922,0.988601824,0.892973472,0.849124799,0.006962511,0.002232707,0.721012924,0.996923642,DERMASON
70657,1076.783,397.1658639,227.278961,1.747481871,0.820077829,72048,299.9388046,0.717038766,0.980693427,0.765788213,0.755197845,0.005621041,0.001127819,0.570323785,0.996630475,BARBUNYA
33972,672.812,232.9882693,185.9156247,1.25319359,0.602708675,34349,207.9771473,0.785661425,0.989024426,0.943069114,0.892650724,0.006858244,0.00268608,0.796825316,0.998576378,SEKER
24895,574.555,209.4471658,151.7249365,1.380439963,0.689372823,25221,178.0373513,0.783896971,0.987074264,0.94767359,0.850034665,0.008413222,0.002709497,0.722558931,0.997449224,DERMASON
44725,792.243,293.1964593,194.9031834,1.504318473,0.747063345,45258,238.6328532,0.720905867,0.988223077,0.895454229,0.81390087,0.006555538,0.001774493,0.662434626,0.996512645,SIRA
37112,713.042,262.3894128,180.8135592,1.451160046,0.724662583,37509,217.3763234,0.740581098,0.989415874,0.917263263,0.828449293,0.007070204,0.002054355,0.68632823,0.995972106,DERMASON
31254,653.786,233.4702351,170.9963683,1.36535201,0.68086186,31660,199.4839059,0.711029211,0.987176248,0.918849194,0.854429713,0.007470091,0.002455902,0.730050134,0.996775418,DERMASON
26884,604.484,230.4786449,149.1357098,1.54542896,0.762430991,27139,185.0128966,0.782785931,0.990603928,0.924557936,0.802733358,0.008573079,0.002195846,0.644380845,0.995844818,DERMASON
39158,742.484,281.3341448,178.5597857,1.575573938,0.772767383,39590,223.2879623,0.69429078,0.989088154,0.89259853,0.793675302,0.007184589,0.001758544,0.629920485,0.992486299,HOROZ
214138,1763.646,653.1324411,422.1838463,1.547033234,0.762999966,217249,522.157993,0.800456041,0.985680026,0.865128802,0.799467244,0.003050054,0.000768582,0.639147875,0.988783004,BOMBAY
44249,799.889,300.7972576,188.3694149,1.59684765,0.779635303,44800,237.3595935,0.804849212,0.987700893,0.869068233,0.789101588,0.006797832,0.001625855,0.622681316,0.994327195,SIRA
60434,1008.876,412.880089,187.9868266,2.196324586,0.890334964,61231,277.3931482,0.578703438,0.986983717,0.746131925,0.671849177,0.006831917,0.000858637,0.451381317,0.991379885,HOROZ
79229,1080.918,415.0082843,245.4240131,1.690984835,0.806399352,80505,317.6121784,0.774007933,0.984150053,0.852135269,0.765315273,0.005238086,0.001108444,0.585707467,0.990422445,CALI
65349,990.508,373.6195476,226.6062153,1.648761253,0.795071318,66724,288.4526495,0.760668141,0.979392722,0.837014218,0.772049138,0.005717296,0.001252997,0.596059871,0.98276042,CALI
183019,1641.758,624.6280809,375.9565751,1.661436778,0.798579995,184890,482.7287315,0.716751846,0.989880469,0.853272521,0.772825856,0.003412914,0.000750986,0.597259804,0.992309405,BOMBAY
26700,598.326,221.0061134,154.1061701,1.43411593,0.716785532,27015,184.3786751,0.724362453,0.988339811,0.937228259,0.83426957,0.008277383,0.002473423,0.696005715,0.998152883,DERMASON
41451,757.604,282.6748516,187.2938924,1.509258246,0.748993688,41897,229.7325671,0.718637309,0.989354846,0.907528679,0.812709605,0.006819494,0.001835158,0.660496902,0.996860397,DERMASON
48325,831.509,310.1426571,198.8642492,1.559569698,0.767371713,48774,248.0510048,0.704251009,0.990794276,0.878309981,0.799796478,0.006417851,0.001619897,0.639674406,0.997616821,SIRA
54954,917.472,347.6613338,204.8505384,1.697146303,0.807969439,56139,264.5176855,0.832510226,0.97889168,0.820396002,0.760848733,0.006326406,0.001307766,0.578890795,0.982462373,HOROZ
24687,597.668,236.3729804,133.396772,1.771954276,0.825536555,24926,177.2920321,0.802672649,0.990411618,0.868476704,0.750052023,0.009574796,0.001869282,0.562578037,0.996862557,DERMASON
37206,717.474,276.2137992,171.7607535,1.608131041,0.783144415,37589,217.6514427,0.736898396,0.989810849,0.908260674,0.787981785,0.007423905,0.001765537,0.620915294,0.998513158,DERMASON
51234,854.345,322.1274818,203.4418475,1.583388501,0.775329497,51795,255.4078206,0.695452694,0.989168839,0.882066978,0.792878084,0.006287377,0.001532763,0.628655656,0.995406137,SIRA
84917,1141.779,454.6947719,240.9082975,1.887418477,0.848107486,86284,328.8155751,0.728844982,0.98415697,0.818540938,0.72315671,0.005354579,0.000903306,0.522955627,0.987036112,CALI
38559,715.718,232.6019471,211.3998535,1.100293796,0.417127089,39012,221.5735625,0.768490284,0.988388188,0.945914204,0.952586877,0.006032365,0.003063979,0.907421759,0.998430531,SEKER
