Area,Perimeter,MajorAxisLength,MinorAxisLength,AspectRation,Eccentricity,ConvexArea,EquivDiameter,Extent,Solidity,roundness,Compactness,ShapeFactor1,ShapeFactor2,ShapeFactor3,ShapeFactor4,Class
45024,790.438,292.3623177,196.7499382,1.48595888,0.739673296,45489,239.4291905,0.821351041,0.989777748,0.905562268,0.81894682,0.006493477,0.001801689,0.670673894,0.996593829,SIRA
82710,1143.233,409.4419119,258.2962419,1.585164031,0.775905186,83999,324.5144723,0.701383942,0.984654579,0.7952403,0.792577562,0.004950331,0.001204984,0.628179192,0.99576706,BARBUNYA
46471,814.123,309.8209623,192.0263743,1.613429215,0.784761488,47043,243.2462022,0.799707451,0.987840912,0.88107288,0.785118606,0.006666974,0.001562606,0.616411226,0.994535881,SIRA
55838,950.359,399.4419258,178.7464609,2.234684389,0.894288693,56472,266.6367373,0.588915256,0.988773197,0.776898592,0.667523162,0.007153586,0.000876131,0.445587172,0.995746697,HOROZ
45688,795.665,292.6611012,199.5632819,1.466507759,0.731452811,46262,241.1882425,0.772435247,0.987592408,0.906883504,0.824121284,0.006405645,0.001822666,0.679175891,0.996016713,SIRA
68389,1030.293,344.6779154,253.653765,1.358851959,0.677073566,69587,295.085715,0.792006856,0.982784141,0.80960768,0.856120168,0.005039961,0.001670113,0.732941743,0.995959323,BARBUNYA
36473,690.992,232.6367254,199.7496676,1.164641364,0.512590135,36858,215.4967886,0.785531218,0.989554506,0.9599206,0.926323169,0.006378327,0.002896921,0.858074613,0.999349188,SEKER
52443,901.308,370.8749132,181.2363951,2.046360021,0.872467263,53048,258.4037566,0.721203036,0.988595235,0.811242958,0.696740997,0.007071962,0.001028028,0.485448016,0.993401413,HOROZ
79332,1203.338,399.2101885,254.6710076,1.567552554,0.770088436,81293,317.8185639,0.773419906,0.975877382,0.688466804,0.796118368,0.005032146,0.001246934,0.633804457,0.993521795,BARBUNYA
52151,904.977,371.8485703,178.9904525,2.077477123,0.876526792,52608,257.6833629,0.811676083,0.991313108,0.800197925,0.692979302,0.007130229,0.001014295,0.480220314,0.997646715,HOROZ
50048,843.532,316.6585009,203.1791244,1.558518877,0.767010261,50849,252.4343335,0.751031678,0.984247478,0.883880324,0.79718161,0.006327096,0.001576207,0.635498519,0.990436438,SIRA
54609,922.437,360.9467553,193.2920089,1.86736512,0.844526406,55383,263.6860601,0.719258732,0.986024592,0.806493104,0.730540048,0.006609657,0.001161274,0.533688762,0.99659178,HOROZ
39324,737.773,262.5202419,191.1768577,1.373180023,0.685325764,39758,223.7607469,0.775391896,0.989083958,0.907866595,0.852356166,0.006675828,0.002173548,0.726511034,0.997630439,DERMASON
22721,553.6,201.1671865,144.0509676,1.396500072,0.698022458,23016,170.0860832,0.776706663,0.987182829,0.931633599,0.845496157,0.0088538,0.002790975,0.714863752,0.998307281,DERMASON
36455,718.497,278.7936452,167.2160167,1.667266394,0.800161823,36844,215.4436066,0.773531658,0.989441972,0.887395145,0.772770866,0.007647611,0.00168232,0.597174811,0.995649494,DERMASON
59104,963.549,395.6698618,191.1831787,2.06958512,0.875516275,59816,274.3238051,0.701348016,0.98809683,0.799979997,0.693314886,0.006694468,0.000954153,0.480685531,0.994819623,HOROZ
37094,691.978,240.5905134,196.4977874,1.22439299,0.577018274,37364,217.3236013,0.759873812,0.992773793,0.973484312,0.903292479,0.006485968,0.002663595,0.815937302,0.999027913,SEKER
31879,659.67,246.5916034,165.2609695,1.492134556,0.742197839,32178,201.4686165,0.813156821,0.990707937,0.920579047,0.817013288,0.007735236,0.002126032,0.667510712,0.9960158,DERMASON
85446,1104.639,431.766247,254.7750382,1.694696035,0.807347469,86852,329.8381817,0.819013112,0.983811541,0.879955796,0.763927667,0.005053089,0.001061563,0.58358548,0.989,CALI
40803,730.673,260.3212075,199.7515295,1.303225103,0.641255838,41088,227.9297987,0.776076537,0.993063668,0.960408158,0.875571379,0.006379953,0.002312935,0.76662524,0.999085258,SEKER
40504,740.479,245.5417356,210.4261872,1.166878224,0.51533727,40946,227.0931406,0.763189629,0.989205295,0.928287036,0.924865747,0.00606216,0.002736037,0.855376649,0.998120386,SEKER
33826,675.618,249.5264868,172.9988253,1.442359429,0.720640947,34193,207.5297589,0.752458068,0.989266809,0.931232416,0.831694309,0.007376766,0.002177212,0.691715423,0.997702262,DERMASON
58500,935.208,380.0832217,196.9932454,1.929422609,0.855205072,58982,272.9185105,0.77295069,0.991828015,0.840522423,0.718049351,0.006497149,0.001065417,0.51559487,0.994800399,HOROZ
51054,899.018,352.7020002,186.3083671,1.893108752,0.849100289,51971,254.9587647,0.678224135,0.982355544,0.793784956,0.722873033,0.006908411,0.001163606,0.522545422,0.989235312,HOROZ
36998,714.759,262.3370819,179.8558471,1.458596349,0.727987279,37380,217.0422002,0.745026178,0.989780631,0.910057529,0.827340911,0.007090575,0.00204927,0.684492982,0.998398965,DERMASON
27476,626.74,241.1836714,145.3529133,1.659297127,0.797994435,27796,187.0388455,0.729309338,0.988487552,0.878999332,0.775503766,0.008777976,0.001958438,0.601406091,0.997911399,DERMASON
30799,651.567,244.6894033,160.7258077,1.522402698,0.75401567,31109,198.0265253,0.759643844,0.990035038,0.911650383,0.809297512,0.007944719,0.002102283,0.654962463,0.997116621,DERMASON
40454,763.262,284.4584292,182.0710321,1.562348639,0.76832326,40915,226.9529302,0.772937445,0.988732739,0.872617769,0.797842169,0.007031651,0.001757539,0.636552127,0.994516349,SIRA
70419,1051.305,409.8035123,220.3053173,1.860161694,0.843207858,71179,299.4332238,0.688451988,0.989322693,0.80064917,0.730675103,0.005819502,0.001023205,0.533886107,0.993114485,CALI
75051,1077.341,370.1735995,258.9362535,1.429593556,0.714633072,76431,309.1244103,0.79215351,0.981944499,0.812568479,0.83507957,0.004932294,0.001479586,0.697357888,0.996938344,BARBUNYA
40923,737.658,258.0333232,203.1529698,1.270143003,0.616553616,41374,228.2647189,0.816924183,0.989099434,0.945077044,0.884632714,0.006305337,0.002381991,0.782575038,0.993982209,SEKER
68770,1032.496,353.7828834,248.6158763,1.423010021,0.711450968,69908,295.9065452,0.755050505,0.983721462,0.810647659,0.836407184,0.005144436,0.001553061,0.699576977,0.995505049,BARBUNYA
68629,992.208,379.4682852,232.654677,1.631036565,0.789999847,69870,295.6030391,0.758264463,0.982238443,0.876016096,0.77899274,0.00552927,0.001255976,0.606829688,0.98976141,CALI
47982,830.466,325.1112381,188.4026068,1.725619638,0.81497083,48471,247.169132,0.803637825,0.989911493,0.874267827,0.760260191,0.006775692,0.001396312,0.577995558,0.997400486,SIRA
28159,624.44,237.9533598,151.3227814,1.572488673,0.771742929,28528,189.3492866,0.758430295,0.987065339,0.907497969,0.795741177,0.008450348,0.002089978,0.633204021,0.995706151,DERMASON
39621,769.466,284.2134329,179.99725,1.57898764,0.773892337,40781,224.6041496,0.687912355,0.971555381,0.84092338,0.790265778,0.007173303,0.001725805,0.624519999,0.98610936,SIRA
80301,1093.43,428.4045073,239.9183492,1.785626271,0.828473949,80972,319.7536688,0.793833287,0.991713185,0.844012439,0.746382597,0.005334983,0.001021313,0.557086981,0.994749149,CALI
35985,699.379,261.7911116,175.5434374,1.491318134,0.741866384,36351,214.0502862,0.714158133,0.989931501,0.924498467,0.817637715,0.007275007,0.002005658,0.668531433,0.996993049,DERMASON
31622,659.514,251.4367622,160.4463714,1.567107813,0.769938424,31880,200.65488,0.80328202,0.991907152,0.913589628,0.798033184,0.007951324,0.001989312,0.636856963,0.998023523,DERMASON
50116,843.528,318.117155,201.0775971,1.58206165,0.774897739,50629,252.605766,0.692736195,0.989867467,0.885089642,0.794065212,0.006347617,0.001556737,0.63053956,0.997552457,SIRA
49730,879.912,365.8256902,173.5691939,2.107664856,0.880277746,50263,251.6310842,0.789365079,0.989395778,0.807141806,0.687844214,0.007356237,0.001015771,0.473129662,0.997198762,HOROZ
41329,746.891,268.1760967,196.6919139,1.363432239,0.679750826,41744,229.3942396,0.727725736,0.990058452,0.931001346,0.8553866,0.006488812,0.002142864,0.731686235,0.997604603,DERMASON
73841,1029.369,379.9428423,249.0095761,1.525816189,0.755293295,74832,306.6223756,0.793989247,0.986757002,0.87571999,0.807022377,0.005145418,0.001346303,0.651285117,0.993741374,CALI
78501,1086.368,424.292082,239.2609329,1.773344595,0.825838849,80138,316.1496125,0.768021367,0.979572737,0.835855345,0.745122584,0.005404926,0.001027733,0.555207665,0.984574512,CALI
28179,619.412,220.7768625,162.9811889,1.354615609,0.67456353,28531,189.4165176,0.746305419,0.987662542,0.922945829,0.857954567,0.007834801,0.002618574,0.73608604,0.997113639,DERMASON
182178,1655.89,635.9195747,368.3386072,1.726453763,0.815169845,183979,481.6183487,0.796302124,0.990210839,0.834916083,0.757357326,0.00349065,0.000708418,0.573590119,0.99027682,BOMBAY
38179,719.145,250.8627928,194.0046836,1.293075962,0.633979598,38618,220.4790525,0.737672927,0.988632244,0.927687025,0.878883034,0.006570701,0.002418331,0.772435388,0.998817632,SEKER
30917,640.765,213.5600894,184.4398709,1.157884618,0.504102365,31280,198.4055115,0.770805285,0.988395141,0.94625818,0.929038343,0.006907529,0.00317422,0.863112242,0.999384389,SEKER
29728,633.777,242.0132474,156.7781765,1.543666681,0.76180344,29952,194.5529881,0.812684527,0.992521368,0.930042099,0.803893961,0.008140919,0.002097241,0.646245501,0.997587648,DERMASON
138244,1395.699,510.6812515,346.6453918,1.473209405,0.734332324,139249,419.544667,0.797365264,0.992782713,0.891810581,0.8215392,0.003694057,0.001037998,0.674926658,0.9943083,BOMBAY
43665,764.364,274.0552333,203.1189378,1.349235262,0.671327776,44090,235.7880504,0.781182911,0.990360626,0.93916712,0.860366896,0.006276314,0.002121383,0.740231196,0.998746032,SEKER
42701,782.092,292.2659628,186.6342953,1.565982084,0.76955801,43179,233.1707567,0.807400684,0.988929804,0.877267868,0.797803325,0.006844476,0.001710422,0.636490145,0.996732163,SIRA
76574,1077.011,418.7522476,236.7029829,1.769104228,0.824914296,78444,312.2451679,0.680162015,0.976161338,0.829565954,0.7456561,0.005468596,0.001042821,0.55600302,0.983627293,CALI
27100,618.003,219.8175084,157.6487067,1.394350217,0.696888039,27496,185.7546545,0.798350272,0.985597905,0.891657339,0.845040306,0.008111347,0.002551423,0.714093118,0.995695894,DERMASON
44595,791.968,296.6677286,192.2877194,1.542832426,0.761505428,45055,238.2857895,0.784681166,0.989790256,0.893471624,0.803207651,0.006652489,0.00170795,0.645142531,0.995346816,SIRA
27682,607.729,220.8147755,159.8167063,1.381675174,0.690052711,28009,187.7386936,0.734309512,0.988325181,0.941862285,0.850208928,0.007976836,0.002571065,0.722855222,0.998751114,DERMASON
37904,723.594,261.4980498,185.3386629,1.410920127,0.705452358,38347,219.6835718,0.709016087,0.988447597,0.909714241,0.840096406,0.006898957,0.002119726,0.705761971,0.99577377,DERMASON
68725,1130.424,371.8093491,236.308153,1.573408892,0.772049258,70474,295.8097154,0.692575909,0.975182337,0.675836859,0.795595151,0.005410103,0.001337069,0.632971645,0.995923214,BARBUNYA
55608,918.716,348.4501558,205.4062325,1.696395243,0.807779129,56288,266.0870245,0.759495746,0.987919272,0.827912767,0.763630092,0.006266188,0.001314363,0.583130917,0.989220515,CALI
27351,606.399,223.2634276,156.2566103,1.428825489,0.714264824,27646,186.6129009,0.718722901,0.989329379,0.934686824,0.835841781,0.008162898,0.002457652,0.698631483,0.99822247,DERMASON
88242,1146.332,426.3163276,266.4148514,1.600197306,0.780686444,90372,335.1912945,0.774841066,0.976430753,0.84384829,0.786250192,0.004831218,0.001138884,0.618189365,0.989224956,CALI
36589,698.326,241.3724332,193.2983035,1.248704354,0.598891637,37011,215.8392033,0.779351623,0.988597984,0.942852985,0.894216462,0.006596858,0.002601882,0.799623081,0.998492824,SEKER
97727,1184.262,452.170756,277.5202323,1.629325373,0.789499695,99056,352.7461991,0.76168319,0.986583347,0.875646554,0.780117233,0.004626876,0.001057078,0.608582898,0.991579556,CALI
46221,793.688,296.0831106,199.3272406,1.485412178,0.739447874,46621,242.5910241,0.813377679,0.991420175,0.922039599,0.819334219,0.006405814,0.001780731,0.671308562,0.997169913,SIRA
64592,1000.066,344.3690357,239.3742573,1.438621845,0.718903682,65657,286.7770714,0.786020249,0.983779338,0.811579879,0.83276091,0.00533145,0.001581636,0.693490733,0.997670917,BARBUNYA
71681,1029.327,392.0161594,233.2134525,1.680932875,0.803793982,72318,302.1044253,0.780260809,0.991191681,0.850172768,0.770642786,0.005468899,0.00118985,0.593890304,0.998289737,CALI
40622,727.43,250.4514143,206.7284747,1.211499357,0.564514039,40942,227.4236944,0.765009416,0.992184065,0.964692162,0.908055141,0.006165413,0.002585776,0.82456414,0.998958925,SEKER
71483,1093.388,372.0698312,245.1075814,1.517985813,0.752346421,72960,301.6868946,0.720413202,0.979756031,0.751387608,0.810834067,0.005205011,0.001387808,0.657451885,0.998002634,BARBUNYA
23191,573.695,202.592623,146.1939329,1.385779963,0.69229429,23615,171.8362543,0.704422575,0.98204531,0.885456459,0.848186137,0.00873583,0.002789001,0.719419723,0.996957437,DERMASON
73451,1081.601,421.2082024,222.8362332,1.890214156,0.848596524,74535,305.8115724,0.644714205,0.985456497,0.788993484,0.726034229,0.005734547,0.000982895,0.527125701,0.996380463,HOROZ
37703,716.648,262.6860862,183.0398951,1.435130226,0.717264622,38034,219.1003208,0.728560386,0.99129726,0.922516167,0.834076612,0.006967246,0.002080007,0.695683795,0.998396842,DERMASON
36300,689.826,246.7025111,187.537229,1.31548553,0.649717677,36646,214.9851052,0.777468409,0.990558315,0.958599881,0.871434605,0.006796212,0.002417608,0.75939827,0.998977436,DERMASON
52203,889.797,360.3593486,185.3790152,1.943905831,0.857533448,52821,257.8117995,0.752812067,0.988300108,0.828559024,0.715429752,0.006903039,0.001115548,0.51183973,0.994968236,HOROZ
37998,727.603,247.7575868,196.1055106,1.263389214,0.61114104,38651,219.9558052,0.753495013,0.983105224,0.901948292,0.887786356,0.00652028,0.002498503,0.788164614,0.995758672,SEKER
55612,982.961,389.4549751,183.5903167,2.121326343,0.881917816,56771,266.0965944,0.610048267,0.979584647,0.723278914,0.683253807,0.007003074,0.000941449,0.466835765,0.990311006,HOROZ
49605,922.897,377.1350828,169.7528902,2.221671056,0.892972291,50498,251.3146387,0.577816864,0.982316131,0.731861412,0.666378309,0.007602763,0.000924772,0.444060051,0.986555361,HOROZ
38554,729.22,276.039205,178.3546308,1.547698558,0.763235288,38941,221.5591962,0.703591503,0.990061888,0.911091855,0.802636699,0.007159807,0.001832978,0.64422567,0.997067141,DERMASON
24502,571.304,207.8684938,150.6627213,1.379694274,0.688961168,24727,176.6264853,0.785698252,0.990900635,0.943358724,0.849703012,0.008483736,0.002727944,0.721995209,0.996132655,DERMASON
83074,1109.599,433.9891244,246.8393388,1.758184601,0.822497663,84328,325.2277693,0.80298871,0.985129494,0.847896559,0.749391519,0.005224127,0.001016316,0.561587649,0.987374757,CALI
75247,1045.398,401.260655,240.5491435,1.668102613,0.800387111,76118,309.5277952,0.761732669,0.98855724,0.865238278,0.771388352,0.00533258,0.001164688,0.595039989,0.992587761,CALI
68164,1012.348,352.5717043,250.020105,1.410173411,0.705075097,69862,294.5998987,0.792088872,0.975694941,0.835805594,0.835574424,0.005172403,0.001555295,0.698184618,0.984561384,BARBUNYA
44164,791.839,300.4440647,187.9431277,1.598590321,0.780183164,44698,237.1315062,0.694140576,0.988053157,0.885124759,0.789270064,0.006802918,0.001628462,0.622947234,0.995837419,SIRA
66967,997.021,388.6036138,221.1781139,1.75697137,0.822225933,68035,292.0017681,0.704063502,0.984302197,0.846568483,0.751412899,0.005802912,0.001141144,0.564621345,0.992023539,CALI
56056,931.194,374.5213572,191.2290951,1.958495682,0.85982077,56718,267.1567254,0.799885845,0.98832822,0.812365798,0.713328413,0.0066812,0.001067069,0.508837425,0.9965559,HOROZ
154160,1479.127,540.3809223,365.0610147,1.480248234,0.737302848,155782,443.0379309,0.813286064,0.989588014,0.885463444,0.819862272,0.003505325,0.000976949,0.672174146,0.994984592,BOMBAY
65532,975.528,366.8687666,227.8834095,1.609896777,0.783685486,66381,288.8562512,0.703170771,0.987210196,0.86533408,0.7873558,0.005598315,0.001327154,0.619929156,0.99802195,BARBUNYA
35223,674.287,231.2689629,194.31596,1.190169675,0.542251338,35537,211.7718501,0.766784222,0.991164139,0.973523935,0.915695074,0.006565851,0.002847569,0.838497468,0.997954259,SEKER
74202,1047.001,403.3070199,236.3849854,1.706144826,0.810226633,75363,307.3709822,0.809711916,0.984594562,0.850611563,0.762126536,0.005435258,0.001131119,0.580836858,0.990991799,CALI
44820,807.284,314.663635,182.2107792,1.726921077,0.815281195,45289,238.8861578,0.774976657,0.989644284,0.86422938,0.759179426,0.007020608,0.001438574,0.576353401,0.995316836,SIRA
59184,948.818,390.1119322,194.2130484,2.00868034,0.8672693,59769,274.5093973,0.654654057,0.990212317,0.826129913,0.703668293,0.00659151,0.000996866,0.495149066,0.994596195,HOROZ
66833,1018.336,400.3970767,214.3462145,1.867992292,0.844640388,67787,291.7094762,0.759604019,0.985926505,0.80987618,0.728550464,0.005991009,0.001041162,0.530785779,0.991503745,CALI
33665,681.813,256.2978833,167.6008572,1.529215826,0.756555117,34054,207.0352851,0.727891892,0.988576966,0.910034648,0.807791631,0.007613185,0.001999602,0.652527318,0.997855102,DERMASON
30099,635.852,230.3142252,166.6326307,1.382167611,0.690323066,30427,195.7632168,0.791558185,0.989220101,0.935513045,0.849983177,0.00765189,0.002463711,0.722471401,0.998576571,DERMASON
86674,1136.184,443.934221,250.4562947,1.772501752,0.82565569,87892,332.1998861,0.689909338,0.986142083,0.84372587,0.748308804,0.005121885,0.000990679,0.559966067,0.992540834,CALI
37047,710.523,249.1860379,189.4711605,1.315166051,0.649501559,37442,217.1858776,0.797807735,0.98945035,0.922160738,0.871581247,0.006726214,0.002394319,0.759653869,0.99907098,SEKER
41857,799.297,317.5037187,169.3315803,1.875041372,0.845912589,42538,230.854906,0.7046633,0.983990785,0.823306599,0.72709355,0.007585439,0.001307741,0.528665031,0.991268804,HOROZ
27088,630.518,245.9364893,141.243409,1.741224536,0.818638981,27524,185.7135234,0.783796296,0.984159279,0.856232732,0.755127976,0.009079168,0.001820992,0.570218261,0.992878026,DERMASON
40319,747.433,278.4560902,184.6588803,1.507948547,0.748484221,40744,226.5739288,0.778569498,0.989569016,0.906932738,0.8136792,0.006906324,0.00186741,0.662073841,0.998373286,SIRA
30256,640.605,241.4801146,159.7984478,1.511154319,0.749728295,30573,196.273115,0.705268065,0.989631374,0.926489981,0.81279204,0.007981231,0.002148658,0.6606309,0.998315238,DERMASON
35450,680.993,235.7961595,191.5857195,1.230760623,0.58295327,35744,212.4531522,0.775456633,0.991774843,0.960596075,0.901003446,0.006651514,0.002703996,0.811807209,0.999140346,SEKER
35545,706.777,274.206003,165.971972,1.652122341,0.796011079,36028,212.7376309,0.788312264,0.98659376,0.894177147,0.775831414,0.007714334,0.001724041,0.601914383,0.994436199,DERMASON
36898,695.299,239.8594176,196.3685649,1.221475636,0.57424728,37250,216.7486856,0.775803705,0.990550336,0.959112345,0.903648845,0.006500608,0.002673822,0.816581234,0.997434082,SEKER
55076,894.091,342.5249306,205.8840506,1.663678802,0.799190693,55773,264.8111425,0.7025,0.987502914,0.865782511,0.773114944,0.006219132,0.001370521,0.597706716,0.994391993,SIRA
58051,949.199,385.0625692,192.3678812,2.001698864,0.866270267,58679,271.8691391,0.787559354,0.989297704,0.809664365,0.706038864,0.006633177,0.001016754,0.498490878,0.997828624,HOROZ
27638,632.058,243.7900273,144.5519325,1.68652209,0.805249441,27962,187.5894308,0.745200604,0.988412846,0.86936592,0.769471306,0.008820827,0.001907475,0.592086091,0.998566272,DERMASON
44663,799.776,298.1928416,191.7297695,1.555276691,0.765889341,45316,238.4673935,0.724143522,0.985590079,0.877447256,0.799708646,0.006676507,0.001684443,0.639533918,0.994652197,SIRA
91657,1162.789,460.8365932,255.8319733,1.80132525,0.831752366,93537,341.6157446,0.710772834,0.979901002,0.851870684,0.741294744,0.005027838,0.000936537,0.549517898,0.989860465,CALI
28488,626.458,223.0923398,162.9172243,1.369360058,0.683160646,28869,190.4522201,0.780236635,0.986802452,0.912195458,0.853692333,0.007831099,0.002565712,0.7287906,0.997976739,DERMASON
61105,962.336,366.6975351,213.6564854,1.716294895,0.812722861,61842,278.9288482,0.674604489,0.988082533,0.829150081,0.760651004,0.006001105,0.001239232,0.57858995,0.993030977,CALI
33912,693.109,267.6705998,161.5147148,1.657252097,0.797432244,34248,207.7934057,0.752529735,0.990189208,0.887074696,0.776302686,0.007893094,0.001768281,0.602645861,0.998736116,DERMASON
51161,852.648,321.4401731,203.5386105,1.579258954,0.773981363,51700,255.2257988,0.738637676,0.989574468,0.884319768,0.794007159,0.006282914,0.001540418,0.630447369,0.995639653,SIRA
51381,857.648,328.4885251,200.838672,1.635584032,0.791319852,51969,255.7739648,0.806077625,0.988685563,0.877797335,0.778638964,0.006393191,0.001449579,0.606278636,0.991619656,SIRA
27890,622.288,231.3788894,153.8536743,1.503889266,0.746894486,28279,188.4426993,0.801713234,0.986244209,0.905056154,0.814433416,0.008296124,0.002251528,0.663301789,0.997532441,DERMASON
35174,694.662,254.4179748,176.1312788,1.444479234,0.721618421,35543,211.624497,0.753803952,0.989618209,0.915976936,0.831798529,0.007233126,0.002135888,0.691888792,0.999418993,DERMASON
29088,634.555,233.7540623,158.5635316,1.474198134,0.734752886,29440,192.4473743,0.730854271,0.988043478,0.907789562,0.823289967,0.0080361,0.002277384,0.67780637,0.999220886,DERMASON
87137,1243.283,393.2571731,283.9716384,1.384846654,0.691787007,89111,333.0859862,0.769163548,0.977847853,0.70839009,0.84699278,0.004513091,0.001432757,0.717396769,0.993484515,BARBUNYA
26217,599.714,222.9190747,150.1628473,1.484515503,0.739077459,26534,182.7033693,0.73796656,0.988053064,0.916019003,0.819595046,0.008502845,0.00236669,0.671736039,0.997202564,DERMASON
241322,1895.94,726.3734932,427.3701205,1.699635652,0.80859809,244319,554.3110259,0.820823129,0.98773325,0.843640852,0.763121219,0.003009976,0.000629676,0.582353996,0.989789613,BOMBAY
58822,942.558,368.175038,206.6187731,1.781905064,0.827682177,60179,273.6685888,0.782321882,0.977450606,0.832019458,0.74331109,0.006259138,0.001178628,0.552511377,0.98452282,CALI
43951,760.195,262.5755757,213.5670835,1.229475869,0.581768082,44326,236.5589804,0.796386896,0.991539954,0.955715451,0.900917687,0.00597428,0.00242776,0.811652679,0.997907384,SEKER
32631,680.271,260.416177,159.8152776,1.629482368,0.789545661,33004,203.8310074,0.803600453,0.98869834,0.886086934,0.78271254,0.007980637,0.001847679,0.612638921,0.998284319,DERMASON
40843,757.505,285.9848769,182.8232567,1.564269678,0.768977403,41264,228.0414934,0.80749308,0.989797402,0.89445087,0.797390044,0.007002054,0.001746178,0.635830882,0.994610969,SIRA
55365,955.489,374.0528727,190.7099568,1.961370445,0.860264745,56553,265.5050045,0.788675214,0.978993157,0.762068104,0.709806083,0.006756125,0.00105788,0.503824676,0.988186828,HOROZ
37211,701.519,244.6968592,194.1285942,1.260488493,0.608774618,37559,217.6660669,0.792600324,0.990734578,0.950172221,0.889533554,0.006575928,0.002539722,0.791269944,0.99738666,SEKER
76759,1076.634,380.9286894,256.7573133,1.483613785,0.738704095,77956,312.6221269,0.733202789,0.984645184,0.832152631,0.820684122,0.004962658,0.001388667,0.673522428,0.999247158,BARBUNYA
30409,642.868,236.4930792,163.9142466,1.442785384,0.720837813,30787,196.7687509,0.73364858,0.98772209,0.924630863,0.832027523,0.007777075,0.002299042,0.692269799,0.998796748,DERMASON
26240,598.413,216.9675185,154.3929623,1.405294097,0.702590074,26572,182.7834939,0.802937576,0.987505645,0.920813453,0.842446349,0.008268579,0.002569092,0.709715852,0.997359497,DERMASON
84699,1103.623,412.2174631,263.7319141,1.563016992,0.768551181,86355,328.3932341,0.719862315,0.980823345,0.87386966,0.796650466,0.004866852,0.001209203,0.634651965,0.991971805,CALI
49859,852.253,325.7486583,196.3721035,1.658833676,0.797867246,50742,251.9572394,0.684021347,0.982598242,0.862613698,0.773471303,0.006533397,0.001442433,0.598257857,0.992410281,SIRA
49269,895.218,364.3993881,172.8833716,2.107775807,0.880291206,49821,250.4620513,0.609704485,0.988920335,0.772548938,0.687328408,0.007396119,0.001018218,0.47242034,0.995756164,HOROZ
147044,1438.437,527.3416878,356.5589039,1.478974952,0.736769522,148317,432.6918483,0.808845128,0.991417032,0.893049396,0.820515158,0.003586285,0.0010027,0.673245125,0.995712676,BOMBAY
45568,836.966,311.2458358,187.8550931,1.656840018,0.797318661,46410,240.8712925,0.764089408,0.981857358,0.817436827,0.773894025,0.00683036,0.001511295,0.598911961,0.992301305,SIRA
34385,724.415,255.490441,172.2020332,1.483666809,0.738726074,35199,209.2375247,0.770618557,0.976874343,0.823387034,0.8189642,0.007430288,0.002061793,0.670702361,0.995098832,DERMASON
27634,621.52,235.4088628,149.7871527,1.571622523,0.771453995,27960,187.5758555,0.804811277,0.988340486,0.898966277,0.796808809,0.008518812,0.002118241,0.634904278,0.997829863,DERMASON
77026,1133.607,396.3590173,248.1558386,1.597218182,0.779751973,78612,313.1653703,0.703562294,0.979824963,0.753220569,0.790105325,0.005145782,0.001237004,0.624266425,0.997089685,BARBUNYA
41546,752.073,274.5162214,193.0117787,1.422277041,0.711093063,41999,229.9956741,0.779065407,0.989214029,0.923036949,0.837821798,0.006607525,0.002008284,0.701945365,0.998360776,SIRA
41626,740.681,265.1217788,200.0727973,1.325126566,0.656133432,41933,230.2170048,0.763093732,0.992678797,0.953481202,0.868344373,0.006369139,0.002233719,0.75402195,0.999174517,SEKER
27677,613.456,227.0842743,155.5400623,1.45997289,0.728595504,27976,187.7217379,0.784940442,0.989312268,0.924191651,0.826661108,0.008204801,0.002363512,0.683368588,0.997699612,DERMASON
30519,629.727,212.9967551,182.7372038,1.165590535,0.513759558,30847,197.1243203,0.770681818,0.989366875,0.967109244,0.925480392,0.006979152,0.003158285,0.856513956,0.99834456,SEKER
33250,670.611,245.8324785,172.6497789,1.423879486,0.711874568,33588,205.7552305,0.81567069,0.989936882,0.929095096,0.83697334,0.007393458,0.002238071,0.700524371,0.997462281,DERMASON
29220,628.213,231.7985488,160.8532882,1.441055706,0.720036974,29562,192.8835387,0.765923984,0.988431094,0.930414001,0.832117111,0.007932873,0.002346108,0.692418886,0.997814187,DERMASON
49392,883.377,361.2987548,175.7403321,2.055867031,0.873729138,50089,250.7744955,0.637233905,0.986084769,0.795379331,0.694091779,0.007314925,0.001047267,0.481763398,0.990441486,HOROZ
50152,836.759,315.5431206,203.7994365,1.548302223,0.763448476,50894,252.6964773,0.689734844,0.985420678,0.900113627,0.800830254,0.006291736,0.001596291,0.641329095,0.992971264,SIRA
55272,938.937,389.9998783,180.8831036,2.15608794,0.885938373,55781,265.2819182,0.596053057,0.990875029,0.787847456,0.680210259,0.007056012,0.000931777,0.462685996,0.997591697,HOROZ
76989,1070.532,410.7381029,239.403784,1.715670889,0.812570894,77720,313.0901457,0.710165114,0.990594442,0.844188119,0.762262238,0.005335023,0.00111105,0.58104372,0.996879795,CALI
80050,1078.541,403.0061294,253.685414,1.588605837,0.777014443,80805,319.2535443,0.807998224,0.990656519,0.864764558,0.792180369,0.00503443,0.001223,0.627549737,0.996929175,BARBUNYA
39639,741.904,272.8724461,185.3487687,1.47221073,0.733906426,40045,224.6551631,0.713868929,0.989861406,0.904976139,0.823297355,0.006883939,0.001950939,0.677818535,0.99789172,DERMASON
65123,1014.245,402.33864,207.7145894,1.936978241,0.856427049,65895,287.9534318,0.693240366,0.988284392,0.795533572,0.715699173,0.006178134,0.000999906,0.512225306,0.992169272,HOROZ
70518,1045.719,371.0999685,243.2863133,1.525363114,0.755124333,71865,299.643632,0.807211538,0.981256523,0.810363465,0.807447204,0.005262486,0.001379835,0.651970988,0.994492496,BARBUNYA
46056,859.402,359.3939608,163.4603512,2.198661377,0.890582264,46532,242.1576356,0.781033781,0.989770481,0.783616118,0.673794393,0.007803412,0.000992142,0.453998884,0.998189811,HOROZ
52864,902.318,368.1267438,183.2687353,2.008671818,0.867268087,53386,259.4388855,0.704928526,0.990222156,0.815925757,0.704754245,0.006963657,0.001059663,0.496678546,0.997664198,HOROZ
35383,707.379,271.5264922,166.6109469,1.629703793,0.789610463,35744,212.2522905,0.835628085,0.989900403,0.888587482,0.781700116,0.007673925,0.001767494,0.611055072,0.995838768,DERMASON
57995,929.11,324.5696765,229.3523842,1.415157194,0.707577968,58998,271.7379756,0.746002753,0.982999424,0.844240433,0.837225395,0.005596511,0.00169616,0.700946362,0.991949287,BARBUNYA
39514,721.708,258.2234064,195.1428176,1.323253449,0.654902796,39854,224.3006629,0.763334299,0.991468861,0.95331806,0.868630253,0.006534985,0.002294902,0.754518516,0.998419229,SEKER
45816,814.284,311.1600595,188.0015362,1.655093175,0.796836048,46428,241.525864,0.699747995,0.986818299,0.868310857,0.77621101,0.006791515,0.001520777,0.602503532,0.997199484,SIRA
32701,654.784,232.0115854,180.2860663,1.286908024,0.629431086,32993,204.0495194,0.785892814,0.991149638,0.958461738,0.879479872,0.007094939,0.002618376,0.773484844,0.995403853,DERMASON
65099,1008.429,339.042428,245.3134953,1.382078175,0.690273994,66288,287.9003667,0.742325762,0.982063119,0.804439761,0.849157341,0.005208105,0.001670368,0.72106819,0.996572608,BARBUNYA
76301,1048.715,403.6541958,243.5264034,1.657537705,0.797510908,77582,311.688066,0.791668396,0.983488438,0.8718166,0.77216605,0.005290287,0.001160117,0.596240409,0.98829096,CALI
60515,931.443,346.2961144,223.4780809,1.549575301,0.763897061,61176,277.5789816,0.769607407,0.989195109,0.876516983,0.801565395,0.005722484,0.001457203,0.642507082,0.995613105,CALI
27710,613.763,229.2990591,154.4416766,1.484696775,0.739152411,28000,187.8336173,0.795030699,0.989642857,0.924368169,0.819164361,0.008274957,0.002298422,0.671030251,0.996276449,DERMASON
45666,870.017,350.5392581,166.3937946,2.106684681,0.880158728,46356,241.1301662,0.613015813,0.985115195,0.758136418,0.687883484,0.007676154,0.001060188,0.473183688,0.996848826,HOROZ
46749,854.757,333.3222404,179.2134254,1.859917802,0.84316291,47417,243.9726941,0.671603839,0.985912226,0.804075551,0.731942441,0.00713004,0.001262349,0.535739736,0.996431873,HOROZ
34254,694.44,267.656699,163.3886421,1.638159762,0.792061676,34608,208.8385677,0.749950739,0.989771151,0.89258935,0.780247864,0.007813882,0.001786393,0.60878673,0.997289924,DERMASON
34727,698.375,260.6260974,170.2968072,1.530422688,0.757000536,35171,210.275509,0.753624132,0.987375963,0.894745993,0.806809107,0.007504999,0.001961614,0.650940936,0.996214776,DERMASON
36013,716.004,276.2403999,166.6764974,1.657344641,0.797457738,36429,214.1335465,0.672511671,0.988580527,0.882751101,0.775170998,0.007670575,0.001708432,0.600890076,0.995881948,DERMASON
204023,1700.494,621.6446109,422.1989012,1.47239751,0.733986166,207033,509.6765167,0.802766083,0.985461255,0.886622576,0.819884075,0.003046934,0.000849283,0.672209896,0.989760177,BOMBAY
33864,662.898,221.2164258,195.0635178,1.134073805,0.471666862,34167,207.6462953,0.771600437,0.991131794,0.968399824,0.938656768,0.006532495,0.00312814,0.881076528,0.99920581,SEKER
40647,737.815,247.6331774,209.1588573,1.18394784,0.535347659,41105,227.4936654,0.779394846,0.988857803,0.93830364,0.918671996,0.006092287,0.002676714,0.843958236,0.999202531,SEKER
55300,930.782,379.6827557,185.9231094,2.042149343,0.871902144,56000,265.3491037,0.626856197,0.9875,0.802119442,0.698870569,0.006865873,0.001010328,0.488420073,0.997426731,HOROZ
39282,750.197,269.8512008,185.8198303,1.452219606,0.725140361,39865,223.6412211,0.70901018,0.985375643,0.877107469,0.828757554,0.006869589,0.001999036,0.686839084,0.997441184,SEKER
78630,1108.853,412.0149754,244.0177357,1.688463235,0.805750936,79898,316.4092688,0.805635246,0.984129765,0.803618985,0.767955748,0.005239921,0.001124215,0.589756032,0.995781377,BARBUNYA
78569,1157.905,411.0149212,244.2806477,1.682552118,0.804217405,80496,316.2865122,0.669572702,0.976060922,0.736402461,0.76952562,0.005231261,0.001131562,0.59216968,0.99635635,BARBUNYA
39767,724.386,251.4068347,201.6250403,1.246902837,0.597341342,40117,225.0175926,0.784854346,0.991275519,0.952341252,0.895033712,0.006321996,0.002502601,0.801085346,0.998875591,SEKER
43711,790.285,298.3101981,187.1629928,1.593852468,0.778688568,44153,235.9122162,0.703484349,0.989989355,0.879494501,0.790828532,0.006824602,0.001646594,0.625409768,0.996810902,SIRA
76993,1130.503,388.9391407,252.6599842,1.539377682,0.760264916,78256,313.0982789,0.794569603,0.983860662,0.757037979,0.805005838,0.005051617,0.001308598,0.648034399,0.997569691,BARBUNYA
68551,991.189,381.2139196,230.854313,1.651318161,0.795786853,69514,295.4350081,0.733510957,0.986146675,0.876820533,0.774984839,0.005561026,0.001237393,0.600601501,0.991784166,CALI
29722,657.802,251.6450582,150.4271047,1.672870449,0.801663985,30104,194.5333538,0.69379085,0.987310656,0.863172339,0.773046589,0.008466626,0.001865146,0.597601029,0.999709101,DERMASON
79161,1074.238,419.0171591,242.5532029,1.727526803,0.815425368,80292,317.4758504,0.770048638,0.985913914,0.862025501,0.757667899,0.005293227,0.001076009,0.574060645,0.99170515,CALI
42743,748.893,265.3749873,205.2472999,1.292952392,0.633889428,43104,233.2854,0.745430764,0.991624907,0.957712867,0.879078328,0.006208619,0.002287099,0.772778706,0.999166076,SEKER
78300,1091.04,423.9214672,238.2016554,1.779674732,0.827204875,79523,315.7446062,0.790845184,0.984620802,0.826590253,0.744818629,0.005414067,0.001027793,0.554754791,0.987283084,CALI
149231,1447.234,537.3857065,354.9290902,1.514064982,0.750849239,150684,435.8977065,0.746845832,0.990357304,0.895347034,0.811144958,0.003601033,0.000961614,0.657956143,0.996188356,BOMBAY
65330,974.886,344.9799398,242.1259681,1.424795294,0.712319636,66249,288.4107131,0.76049124,0.986128092,0.863803292,0.836021692,0.005280575,0.001591223,0.69893227,0.995835409,BARBUNYA
72503,1048.874,409.7482505,229.4829452,1.785528115,0.828453137,74347,303.831675,0.697915965,0.975197385,0.82816944,0.741508169,0.005651466,0.001053913,0.549834365,0.981744717,CALI
41449,784.715,303.1167782,174.3190352,1.738862184,0.81809106,41924,229.7270247,0.71433003,0.988669974,0.845862969,0.757882906,0.007313006,0.001488278,0.574386499,0.998778962,SIRA
32772,664.31,237.3521566,176.1785751,1.347224862,0.670104704,33135,204.2709141,0.772341629,0.989044817,0.933192479,0.860623797,0.007242529,0.002450888,0.740673319,0.997853511,DERMASON
47482,877.165,369.2996106,165.1113681,2.236669799,0.894487347,48071,245.8779373,0.830308117,0.98774729,0.775490137,0.665795279,0.007777676,0.000942741,0.443283354,0.99147849,HOROZ
26499,602.783,227.5733876,148.3837847,1.533680975,0.758196535,26808,183.6833544,0.748728526,0.98847359,0.916468111,0.807138991,0.008587999,0.002248356,0.651473351,0.999152284,DERMASON
41774,797.024,308.9484571,172.9136732,1.786720803,0.828705751,42522,230.6259065,0.65271875,0.982409106,0.826367309,0.746486675,0.007395712,0.001416602,0.557242356,0.99563651,HOROZ
39765,736.601,253.9681095,199.938391,1.270231836,0.61662392,40214,225.0119341,0.749759602,0.988834734,0.92097161,0.885984995,0.006386725,0.002427523,0.784969411,0.997093136,SEKER
46256,809.128,306.2939597,193.0690004,1.586448157,0.776320076,46757,242.6828556,0.74485113,0.989285027,0.88785793,0.792320083,0.006621713,0.001609729,0.627771114,0.995926326,SIRA
72836,1041.011,405.7205268,232.1264133,1.747843001,0.820160321,74256,304.5286119,0.677342558,0.980876966,0.844588792,0.750587145,0.00557033,0.001090599,0.563381062,0.984701647,CALI
27815,625.665,235.4277129,150.6423758,1.562825278,0.76848584,28153,188.1891547,0.743279354,0.987994175,0.8929049,0.799350053,0.008464056,0.002131603,0.638960507,0.998583632,DERMASON
45131,840.075,347.6025547,167.3656562,2.076904919,0.876453952,45781,239.7135246,0.727039871,0.98580197,0.80361623,0.689619571,0.00770208,0.001074549,0.475575153,0.987724374,HOROZ
65503,1028.839,333.4839255,253.4124746,1.315972807,0.650046863,67100,288.7923301,0.76809334,0.976199702,0.777635749,0.865985758,0.005091124,0.001766186,0.749931333,0.986889242,BARBUNYA
38706,720.119,258.8464423,190.7525632,1.35697491,0.675965465,39128,221.9955176,0.745277751,0.989214884,0.937949847,0.85763403,0.006687502,0.002231782,0.73553613,0.998104074,DERMASON
40286,764.364,256.2641648,200.7891122,1.276285163,0.621361578,41170,226.4811875,0.758881814,0.978528054,0.866490017,0.883780172,0.006361122,0.002393815,0.781067392,0.996864723,SEKER
42156,815.245,335.1982429,160.9369384,2.082792467,0.877200275,42586,231.6779796,0.834045584,0.989902785,0.797063592,0.691167047,0.007951377,0.00111932,0.477711887,0.994974719,HOROZ
54160,929.492,349.4594503,202.9347314,1.722028791,0.81411022,55623,262.5997977,0.749505266,0.973697931,0.787765954,0.75144569,0.006452353,0.001269078,0.564670625,0.972379074,HOROZ
37637,703.354,250.5441029,191.5283756,1.308130465,0.644683323,37959,218.9084666,0.786332108,0.991517163,0.95604193,0.873732265,0.006656856,0.002393109,0.763408072,0.998637355,SEKER
42849,799.79,310.42017,177.4709643,1.749132153,0.820454317,43595,233.5744876,0.7935,0.982887946,0.841780024,0.752446233,0.007244514,0.001432488,0.566175334,0.990315481,SIRA
33848,689.11,262.173124,165.6426459,1.58276344,0.775126267,34122,207.5972353,0.672147424,0.99196999,0.895706595,0.791832634,0.007745602,0.001878315,0.62699892,0.992390968,DERMASON
32054,666.875,257.4984326,159.0768072,1.618705059,0.786352738,32398,202.0208414,0.753467162,0.989382061,0.905739323,0.784551733,0.00803327,0.001877407,0.615521421,0.996347638,DERMASON
139639,1379.183,473.7805979,376.5502411,1.258213503,0.606900693,140541,421.6561357,0.783916241,0.993581944,0.922513655,0.889981856,0.003392896,0.001313031,0.792067703,0.99659028,BOMBAY
35799,695.375,249.3616994,182.9990714,1.362639151,0.679289936,36151,213.4963758,0.731009556,0.990263063,0.93034197,0.856171482,0.006965605,0.002308775,0.733029607,0.998854841,DERMASON
71972,1089.578,405.9336822,228.7808075,1.774334511,0.826053585,73618,302.7170238,0.693692652,0.977641338,0.761827743,0.745730244,0.005640161,0.001075965,0.556113597,0.986731546,HOROZ
164983,1530.766,572.7412728,370.1513026,1.547316648,0.763100254,167334,458.3261719,0.795014504,0.985950255,0.884772153,0.800232485,0.003471517,0.00087814,0.64037203,0.990858303,BOMBAY
35995,696.854,257.4429626,178.548674,1.441864321,0.720411832,36354,214.0800257,0.795469613,0.990124883,0.931469089,0.831562936,0.007152187,0.002109595,0.691496916,0.997044731,DERMASON
74724,1061.193,404.2396466,238.7556691,1.693110149,0.806943215,76531,308.4502419,0.801587642,0.976388653,0.833837116,0.763038075,0.00540977,0.00113121,0.582227105,0.98577462,CALI
48744,866.023,332.2931057,188.0584075,1.766967561,0.824445506,49426,249.1240421,0.81763285,0.986201594,0.816718093,0.749711739,0.006817108,0.001328487,0.562067692,0.993155379,HOROZ
43779,837.559,349.4661301,159.9980202,2.18419034,0.889036896,44241,236.0956459,0.802401026,0.989557198,0.784232582,0.675589494,0.007982506,0.001025771,0.456421164,0.996910698,HOROZ
32964,685.637,257.1406407,163.631746,1.571459372,0.771399505,33343,204.8684172,0.794389821,0.988633296,0.881173195,0.796717379,0.00780065,0.001938776,0.634758581,0.997497321,DERMASON
52617,936.323,395.0671806,170.3825327,2.318707056,0.902220604,53242,258.832079,0.579993386,0.988261147,0.754196589,0.655159658,0.007508356,0.000853323,0.429234178,0.995268316,HOROZ
68978,1054.813,373.103519,236.8188821,1.57548045,0.772736449,70161,296.3537031,0.823598242,0.983138781,0.779057503,0.794293508,0.005409022,0.001328075,0.630902177,0.993974046,BARBUNYA
88631,1174.734,424.3290592,267.7618562,1.584725566,0.77576324,90381,335.9292992,0.768512417,0.980637523,0.807079723,0.79167168,0.004787592,0.001160052,0.626744049,0.993217318,BARBUNYA
91582,1202.076,436.0937539,268.1121509,1.626534838,0.788679996,93036,341.4759494,0.753538046,0.984371641,0.796445632,0.783033342,0.004761785,0.001104258,0.613141214,0.997295545,BARBUNYA
44670,798.584,301.3237086,191.0019126,1.577595242,0.773434564,45430,238.4860802,0.74624123,0.983270966,0.880206573,0.791461387,0.00674555,0.001632736,0.626411127,0.988223213,SIRA
27940,614.789,227.1745015,156.9066452,1.447832252,0.723153118,28256,188.6115396,0.808449074,0.988816535,0.928932354,0.830249603,0.008130798,0.00238313,0.689314403,0.998011625,DERMASON
38778,734.02,268.4462806,184.0619233,1.458456349,0.727925295,39208,222.2018971,0.766136521,0.98903285,0.904439422,0.827733193,0.006922644,0.002004533,0.685142239,0.999250049,DERMASON
33860,683.315,225.5350154,191.5211613,1.177598412,0.528093987,34319,207.6340314,0.77518315,0.986625484,0.911286442,0.920628804,0.00666081,0.002951515,0.847557394,0.998082241,SEKER
51860,903.986,373.0972343,179.9949951,2.072820047,0.875932023,53096,256.963427,0.628773734,0.97672141,0.79747847,0.688730452,0.007194316,0.000998542,0.474349636,0.983241435,HOROZ
39334,738.808,277.5020114,181.1978342,1.53148636,0.757392019,39741,223.789196,0.788319705,0.989758688,0.905554929,0.806441708,0.007055016,0.001840644,0.650348228,0.99599944,DERMASON
65284,1020.755,383.2241247,222.1171221,1.725324555,0.814900344,67271,288.3091577,0.721210782,0.970462755,0.787360436,0.752325178,0.005870108,0.001159974,0.565993173,0.976521919,BARBUNYA
32231,665.138,247.4505771,166.3260584,1.487743889,0.740407105,32591,202.5778462,0.797303649,0.988954006,0.915503742,0.818659825,0.007677409,0.0021272,0.670203909,0.997091771,DERMASON
25394,607.084,231.081041,140.4027921,1.645843629,0.794249968,25762,179.8128054,0.664764398,0.985715395,0.865851483,0.778137422,0.009099828,0.002057966,0.605497847,0.996554774,DERMASON
29085,637.8,234.3289414,158.7182871,1.476382751,0.735678284,29566,192.43745,0.713532211,0.983731313,0.898483079,0.821227838,0.008056694,0.002260431,0.674415163,0.995694913,DERMASON
33999,678.536,247.0150087,175.4972649,1.407514863,0.703725398,34365,208.0597781,0.799506173,0.989349629,0.927962057,0.842296099,0.007265361,0.002255777,0.709462718,0.99857932,DERMASON
30940,676.4,259.8625326,151.8998633,1.710748957,0.811365396,31403,198.4792974,0.739625167,0.985256186,0.849812227,0.763785743,0.008398918,0.00176315,0.583368661,0.997997328,DERMASON
34501,689.51,255.8988439,172.1093863,1.486838396,0.740035282,34873,209.5901656,0.776909566,0.989332722,0.911927702,0.819035219,0.007417143,0.00205886,0.67081869,0.997398985,DERMASON
25823,599.81,224.2826918,147.199611,1.523663618,0.754488869,26130,181.3253009,0.780811563,0.988251052,0.901963899,0.808467651,0.008685385,0.002288861,0.653619943,0.995896926,DERMASON
26670,603.375,224.3136749,152.6644581,1.469324804,0.732669399,26971,184.2750625,0.811625076,0.988839865,0.920573049,0.821506146,0.008410711,0.002362957,0.674872347,0.991606679,DERMASON
42043,800.405,307.21871,177.7202562,1.728664568,0.815695697,43251,231.3672625,0.665637567,0.97207001,0.824677178,0.753102774,0.00730725,0.001449942,0.567163787,0.980435944,SIRA
50248,851.074,326.8805566,196.7698886,1.661232616,0.798524238,50903,252.9382151,0.789070352,0.987132389,0.871754099,0.773794005,0.006505345,0.001438638,0.598757162,0.994674927,SIRA
27199,606.833,224.8225694,154.6870875,1.453402304,0.725672059,27511,186.0936387,0.770051811,0.988659082,0.928163362,0.827735575,0.00826584,0.002393499,0.685146182,0.995793039,DERMASON
51761,871.374,339.2488997,195.8695273,1.732014696,0.816488069,52606,256.71804,0.679171259,0.983937193,0.856649819,0.756724754,0.006554141,0.001325706,0.572632353,0.99180765,SIRA
25842,617.884,232.4788081,142.305972,1.633654617,0.79076141,26260,181.3919963,0.664045637,0.984082254,0.850593554,0.780251747,0.008996162,0.002056724,0.608792789,0.994557151,DERMASON
72021,1065.356,388.5145897,237.0745041,1.638786892,0.792241659,73318,302.8200542,0.704899581,0.982309938,0.797406,0.779430328,0.005394463,0.00122811,0.607511637,0.995582107,BARBUNYA
40741,754.687,284.581281,183.2881508,1.552644182,0.764972815,41265,227.7565637,0.785081127,0.987301587,0.898892611,0.800321662,0.006985132,0.001767717,0.640514762,0.994491519,SIRA
52990,916.034,368.5669583,183.6924603,2.006434873,0.866949242,53678,259.7478844,0.64300449,0.987182831,0.793561513,0.70475087,0.006955406,0.001058388,0.496673789,0.99654361,HOROZ
41368,755.456,279.4704018,188.7746711,1.480444384,0.73738485,41755,229.5024477,0.808979975,0.990731649,0.910869246,0.821204844,0.006755715,0.001895209,0.674377396,0.998378228,DERMASON
41915,743.837,247.739465,215.6885957,1.148597886,0.491944234,42296,231.014795,0.785189764,0.990992056,0.951971134,0.932490893,0.00591052,0.002756664,0.869539266,0.998750963,SEKER
62701,951.734,354.8882989,226.0346213,1.570061688,0.770931844,63308,282.5480361,0.705361562,0.990411954,0.869867615,0.796160473,0.00566001,0.001402812,0.633871499,0.995217356,BARBUNYA
62930,996.486,354.619499,226.4525909,1.56597678,0.769556215,64015,283.0635345,0.771721136,0.983050847,0.79638889,0.798217625,0.005635142,0.001411139,0.637151378,0.997764262,BARBUNYA
64149,943.894,351.2026644,233.2841519,1.505471596,0.747516105,64831,285.7919585,0.7712812,0.989480341,0.904801483,0.813752251,0.005474796,0.001480868,0.662192725,0.996912339,CALI
77502,1050.945,387.9738252,256.2189843,1.514227473,0.750911577,78712,314.1315189,0.815776178,0.984627503,0.881785184,0.809671938,0.005005985,0.001327106,0.655568647,0.992680056,CALI
73097,1028.668,376.5884966,249.0108788,1.512337527,0.750184951,74018,305.0737468,0.731606498,0.987557081,0.868078415,0.810098422,0.005151901,0.001368669,0.656259453,0.992485799,BARBUNYA
37049,692.49,235.9526183,200.1860404,1.178666693,0.529329606,37347,217.1917399,0.783807227,0.992020778,0.970866111,0.920488789,0.006368664,0.002820344,0.847299611,0.998683831,SEKER
33319,668.601,225.0172378,188.8365103,1.191598158,0.543808892,33732,205.9686102,0.7960388,0.987756433,0.936629385,0.915345918,0.006753421,0.002924453,0.83785815,0.998390229,SEKER
105542,1265.623,466.1359799,288.9993416,1.61293094,0.784610228,107112,366.5791156,0.747888322,0.985342445,0.827992621,0.786420983,0.004416592,0.001042047,0.618457963,0.997529984,BARBUNYA
50362,875.033,363.3225223,177.2206369,2.050114076,0.872967858,50827,253.2249789,0.815248887,0.990851319,0.826540177,0.696970222,0.007214219,0.001050089,0.48576749,0.995878769,HOROZ
35127,740.865,271.4339565,165.6570679,1.638529282,0.792167756,35752,211.4830619,0.787795196,0.982518461,0.804216109,0.779132665,0.007727217,0.001756502,0.60704771,0.994665448,DERMASON
34306,686.346,255.7241207,171.2337457,1.493421286,0.74271883,34714,208.9970235,0.713697262,0.988246817,0.915153054,0.817275362,0.00745421,0.002051422,0.667939018,0.997514347,DERMASON
69509,1046.853,373.8295469,238.1459001,1.569750085,0.770827373,70544,297.4921974,0.731365741,0.985328306,0.797038868,0.795796373,0.005378146,0.001330516,0.633291867,0.994109962,BARBUNYA
27429,605.024,209.7789848,167.3613611,1.253449323,0.602924158,27774,186.8788042,0.732690458,0.987578311,0.941617743,0.890836632,0.007648073,0.002971146,0.793589904,0.994724728,DERMASON
63127,989.856,351.1002035,229.1462507,1.532210116,0.757657815,64252,283.5062482,0.718528046,0.982490817,0.809619528,0.807479589,0.005561807,0.001458552,0.652023287,0.999036677,BARBUNYA
34131,668.091,224.3380186,193.8042127,1.157549753,0.503674085,34473,208.4632795,0.770625423,0.990079192,0.960920889,0.929237411,0.006572852,0.003023015,0.863482166,0.999523568,SEKER
65349,990.508,373.6195476,226.6062153,1.648761253,0.795071318,66724,288.4526495,0.760668141,0.979392722,0.837014218,0.772049138,0.005717296,0.001252997,0.596059871,0.98276042,CALI
24257,574.672,204.5871172,151.7031407,1.348601725,0.67094318,24688,175.7412064,0.721934524,0.982542126,0.923011002,0.859004266,0.008434148,0.002832711,0.737888329,0.995117473,DERMASON
168972,1604.737,615.6769034,353.5306222,1.741509405,0.818704878,171065,463.8338413,0.82385178,0.987764885,0.824549773,0.753372164,0.003643662,0.000724029,0.567569618,0.988427828,BOMBAY
71540,1024.667,404.2473611,228.2414437,1.77113917,0.825358945,73026,301.8071521,0.806993796,0.979651083,0.856235639,0.746590284,0.005650648,0.001082947,0.557397052,0.987227752,CALI
44716,801.453,304.0559021,188.1908571,1.615678396,0.785442166,45234,238.608842,0.80301697,0.988548437,0.874815952,0.784753199,0.006799712,0.001590753,0.615837584,0.99499548,SIRA
73141,1087.269,432.2970408,216.4599762,1.997122279,0.865609042,74002,305.165551,0.641317691,0.988365179,0.777493463,0.705916354,0.005910461,0.000905345,0.498317899,0.995201779,HOROZ
46245,805.849,303.7389482,194.5713657,1.561067052,0.767885205,46760,242.653998,0.700310441,0.988986313,0.894885158,0.798889966,0.006568039,0.001650302,0.638225178,0.996312297,SIRA
59663,973.132,394.5178831,194.0444291,2.033131716,0.870678794,60316,275.6180164,0.757625397,0.989173685,0.791719685,0.69861983,0.006612438,0.000971639,0.488069667,0.992309919,HOROZ
69993,1026.528,398.0416646,227.8185837,1.747186986,0.820010425,72098,298.5261386,0.679840707,0.970803628,0.834685507,0.749987163,0.005686878,0.001109862,0.562480744,0.982759036,CALI
39981,746.035,277.1788318,184.0560693,1.505947796,0.747702696,40469,225.622229,0.80042042,0.987941387,0.902703468,0.813995165,0.006932764,0.001877472,0.662588129,0.997823133,SIRA
32433,657.609,243.8060115,169.604736,1.437495304,0.718376566,32703,203.2116585,0.722596025,0.991743877,0.942456881,0.833497325,0.00751722,0.002237968,0.694717791,0.998653563,DERMASON
76883,1067.951,407.5144317,240.7550419,1.692651703,0.806826104,77526,312.874537,0.763576593,0.991706008,0.847105559,0.767763084,0.005300449,0.00113606,0.589460154,0.997750733,CALI
52487,925.347,377.1397585,178.2679188,2.1155784,0.881232014,53280,258.5121351,0.620237758,0.985116366,0.770286651,0.685454475,0.007185394,0.000978464,0.469847837,0.993999935,HOROZ
39211,771.196,315.4782466,158.8206555,1.986380458,0.864037046,39693,223.4390203,0.702517244,0.987856801,0.82849186,0.70825492,0.008045657,0.001248819,0.501625032,0.996418161,HOROZ
37783,725.097,276.5671888,174.2024924,1.587619011,0.776697299,38182,219.3326463,0.770358439,0.98955005,0.903054759,0.79305375,0.007319884,0.001786054,0.628934251,0.998507973,DERMASON
28206,625.882,241.5864235,148.8962569,1.622515089,0.787490267,28463,189.5072415,0.70515,0.990970734,0.904828856,0.784428358,0.008565072,0.002000433,0.615327849,0.99837872,DERMASON
58757,951.819,386.0235519,195.4800903,1.974746131,0.862302098,59355,273.5173412,0.842382188,0.989925027,0.815005872,0.708550916,0.006569831,0.001021453,0.5020444,0.991410237,HOROZ
80023,1077.554,428.2739207,239.1374016,1.790911492,0.829588746,80739,319.1996994,0.814118868,0.991131919,0.866057259,0.745316686,0.005351885,0.001018709,0.555496963,0.994845895,CALI
25811,595.437,216.3181293,152.3224008,1.420133403,0.710042127,26157,181.2831649,0.761117009,0.986772183,0.914835606,0.838039629,0.00838085,0.002549917,0.70231042,0.997374487,DERMASON
64828,1010.288,356.174454,232.8480203,1.529643471,0.756713099,65960,287.3004929,0.743406266,0.982838084,0.798145553,0.806628577,0.005494145,0.001434744,0.650649661,0.995262005,BARBUNYA
72648,1044.995,397.2866435,234.5561319,1.693780675,0.807114301,73835,304.1353423,0.688150043,0.983923613,0.835997737,0.765531254,0.005468652,0.001158542,0.5860381,0.992620009,BARBUNYA
26132,595.893,217.0295554,153.5568195,1.41335016,0.706674552,26473,182.406951,0.73632009,0.987118951,0.924796007,0.840470556,0.008305126,0.002556325,0.706390755,0.998377487,DERMASON
82870,1105.912,425.5896073,249.6607178,1.704671889,0.809860034,84088,324.8282024,0.761896881,0.985515175,0.851463551,0.763242797,0.005135629,0.001075039,0.582539568,0.993038825,CALI
38024,765.052,257.1366649,189.0519994,1.360137241,0.677828638,38711,220.0310443,0.729575195,0.982253106,0.816367592,0.855696889,0.006762483,0.002236484,0.732217167,0.995915837,DERMASON
29569,638.631,231.2160892,163.390414,1.415114164,0.707556509,29931,194.0320079,0.777149916,0.987905516,0.911059014,0.83918039,0.007819544,0.002392117,0.704223727,0.996556971,DERMASON
45955,802.157,298.8251195,196.7251398,1.51899813,0.752730615,46522,241.8919661,0.765151515,0.987812218,0.89747814,0.809476682,0.006502559,0.001722192,0.655252498,0.995327319,SIRA
40824,736.42,257.1585532,202.3097591,1.271112943,0.617320005,41179,227.9884453,0.749339207,0.991379101,0.945963261,0.886567615,0.0062992,0.00240056,0.786002137,0.999097489,SEKER
38138,712.692,258.4415699,188.4162413,1.371652295,0.684462855,38490,220.3606357,0.800747459,0.990854767,0.943548027,0.852651668,0.006776485,0.002209382,0.727014867,0.997211611,SIRA
34460,677.801,245.457549,179.0722248,1.370718152,0.68393326,34864,209.4655931,0.757828994,0.988412116,0.942585439,0.8533679,0.00712297,0.002330162,0.728236773,0.998207363,DERMASON
92222,1180.856,460.1372664,260.2161093,1.768288933,0.824735651,94510,342.6670356,0.722884578,0.975790922,0.831094712,0.744706114,0.004989452,0.000946613,0.554587196,0.980670402,CALI
86264,1129.948,449.066567,247.502132,1.814394742,0.834407516,87923,331.4132407,0.726751925,0.981131217,0.849029031,0.738004708,0.005205724,0.000952571,0.544650949,0.988211818,CALI
33816,687.426,252.7570007,170.7938506,1.479895205,0.737155155,34229,207.4990806,0.789355742,0.987934208,0.89924947,0.820942961,0.00747448,0.002094173,0.673947345,0.997371445,DERMASON
74701,1063.246,407.6537214,234.7201952,1.736764581,0.81760236,75490,308.4027679,0.706512692,0.989548285,0.830364482,0.756531222,0.005457139,0.001102687,0.572339489,0.994018953,CALI
43395,769.0,284.9580296,194.5261114,1.464883185,0.730747092,43780,235.0579291,0.816370683,0.99120603,0.922140034,0.82488614,0.00656661,0.001875413,0.680437144,0.99676093,SIRA
33802,678.676,256.1088561,168.3547722,1.521245004,0.753579912,34132,207.4561233,0.777557968,0.990331654,0.922204588,0.810031041,0.007576737,0.002012188,0.656150287,0.998165346,DERMASON
44648,833.623,350.2937625,162.9104514,2.150222773,0.885274913,45149,238.4273457,0.805339105,0.988903409,0.807369793,0.680649704,0.007845676,0.001038735,0.463284019,0.996163849,HOROZ
63231,934.028,355.6625584,227.2279162,1.56522387,0.76930122,63775,283.7396864,0.761158995,0.991470012,0.910793921,0.79777778,0.005624813,0.001405451,0.636449387,0.996185773,CALI
85680,1136.21,458.7874209,240.4925432,1.907699153,0.851600315,87086,330.2895157,0.69980561,0.98385504,0.834011631,0.719918421,0.005354662,0.000887248,0.518282533,0.98872715,CALI
24173,581.924,221.0724612,139.5007779,1.584739989,0.775767912,24479,175.4366539,0.751087497,0.987499489,0.897031881,0.793570818,0.009145429,0.002237312,0.629754643,0.997997366,DERMASON
32386,671.284,247.3234252,167.052738,1.480511054,0.737412713,32821,203.0643639,0.71190539,0.98674629,0.903138973,0.821047839,0.007636739,0.002140728,0.674119555,0.998041452,DERMASON
51146,848.932,330.9468295,197.3879853,1.676631072,0.802662024,51561,255.1883809,0.813701158,0.991951281,0.891816965,0.77108574,0.00647063,0.001411032,0.594573219,0.996879933,SIRA
89095,1126.165,431.9119918,263.7291843,1.637710263,0.79193252,90202,336.807478,0.773561971,0.987727545,0.882793536,0.779805804,0.004847769,0.001105777,0.608097092,0.995886848,CALI
24190,572.586,205.6501386,150.6131453,1.365419587,0.680900851,24510,175.4983321,0.7792668,0.986944104,0.927180485,0.853383,0.008501453,0.002781306,0.728262544,0.994383942,DERMASON
59403,960.008,348.6860621,217.4451123,1.603558978,0.781733331,60252,275.0168153,0.730996887,0.985909181,0.809969263,0.788723282,0.005869839,0.001401214,0.622084415,0.99754905,BARBUNYA
40184,753.08,278.5702406,184.181518,1.512476624,0.750238546,40691,226.1942923,0.795880372,0.987540242,0.890391082,0.811982974,0.006932367,0.00185887,0.659316349,0.997200566,SIRA
35546,703.958,265.1473831,171.1279084,1.54941053,0.763839079,35953,212.7406234,0.754820352,0.988679665,0.901378309,0.802348569,0.007459275,0.001906903,0.643763226,0.997453521,DERMASON
73257,1057.406,401.8392094,236.7020073,1.697658647,0.808099091,75593,305.4074481,0.744330421,0.969097668,0.823332868,0.760024012,0.005485335,0.001128995,0.577636499,0.980629597,CALI
36864,698.915,248.7781157,188.8261383,1.317498297,0.651073996,37195,216.6488001,0.74662778,0.991100954,0.948338973,0.87085152,0.006748538,0.00239423,0.758382369,0.99916748,SEKER
46584,803.589,290.4833904,204.823352,1.41821422,0.709095856,47062,243.5417643,0.735517486,0.989843186,0.906522681,0.838401686,0.00623569,0.001900522,0.702917387,0.996887434,SIRA
25953,596.042,224.5859701,147.5849989,1.521739823,0.753766315,26279,181.7811484,0.733197729,0.987594657,0.918002162,0.809405629,0.008653565,0.002291077,0.655137472,0.996948781,DERMASON
32920,671.612,219.0931338,191.4622125,1.144315272,0.486132629,33376,204.7316434,0.777974713,0.986337488,0.917134004,0.934450294,0.00665532,0.00313021,0.873197353,0.999213067,SEKER
49241,884.82,367.9592519,171.0191744,2.151567233,0.88542752,49773,250.3908713,0.659333449,0.989311474,0.790363484,0.680485326,0.007472619,0.000988388,0.463060278,0.996305322,HOROZ
44305,760.743,271.0108236,208.2624982,1.301294405,0.639891088,44628,237.509743,0.788625845,0.992762391,0.962025702,0.876384713,0.006116935,0.002225834,0.768050166,0.999459384,SEKER
27974,612.141,225.3443716,158.383183,1.422779662,0.711338566,28213,188.7262648,0.80943287,0.991528728,0.938126701,0.837501569,0.008055493,0.002444637,0.701408878,0.997950287,DERMASON
74232,1046.303,408.2238838,236.711872,1.724560244,0.814717581,76425,307.4331112,0.775860447,0.971305201,0.852091209,0.753099276,0.005499298,0.001091179,0.567158519,0.978099034,CALI
42079,783.081,292.2248838,184.8763207,1.580650689,0.774437153,42926,231.4662973,0.697272486,0.980268369,0.862306979,0.792082777,0.006944673,0.001686218,0.627395125,0.991692537,SIRA
31379,654.024,238.6105968,167.5833098,1.423832702,0.711851801,31782,199.8824246,0.732315807,0.987319867,0.921852828,0.837692991,0.007604149,0.002309776,0.701729548,0.999145478,DERMASON
89334,1152.216,445.9285908,256.8470289,1.7361641,0.81746208,90676,337.2589235,0.747164698,0.985200053,0.845588058,0.75630702,0.004991701,0.001007444,0.572000308,0.9930864,CALI
50135,841.825,314.4967998,204.6745769,1.536569927,0.759249046,50970,252.6536455,0.711801119,0.983617814,0.889011226,0.803358399,0.006272999,0.00161173,0.645384717,0.991678747,SIRA
39213,740.214,268.2545976,186.7220047,1.4366523,0.717981054,39668,223.4447186,0.758120022,0.988529797,0.899342969,0.832957648,0.006840961,0.002031368,0.693818443,0.996775862,SIRA
30247,636.805,236.2279307,163.3449054,1.446190991,0.722403644,30503,196.2439209,0.791143545,0.991607383,0.937301347,0.830739703,0.007809962,0.002294503,0.690128454,0.998057553,DERMASON
175387,1587.972,603.2318039,372.2073688,1.62068743,0.786945804,176888,472.5565194,0.797228131,0.991514405,0.874020427,0.783374677,0.003439433,0.000798996,0.613675884,0.994576791,BOMBAY
37318,716.286,269.323505,177.0398155,1.521259522,0.753585384,37713,217.978791,0.700334046,0.989526158,0.914019158,0.809356729,0.007216987,0.001910274,0.655058315,0.996513698,DERMASON
35316,682.911,237.7766302,189.2416271,1.256471073,0.605454602,35637,212.0512385,0.76056338,0.990992508,0.951597201,0.891808578,0.00673283,0.002627024,0.79532254,0.999299765,SEKER
44966,811.333,316.0820164,181.7623292,1.738985288,0.818119677,45511,239.2749242,0.663332743,0.988024873,0.858412116,0.757002651,0.007029356,0.001423918,0.573053013,0.996530759,SIRA
36934,697.608,244.0535919,192.9037677,1.265157207,0.612570951,37227,216.8543966,0.77540309,0.992129368,0.953703341,0.888552367,0.00660783,0.002540801,0.789525308,0.998873634,SEKER
62711,969.097,355.4825857,227.3315814,1.563718439,0.768790002,64180,282.5705666,0.699821448,0.97711125,0.839110377,0.794892853,0.005668584,0.001396011,0.631854647,0.988042762,CALI
34103,679.813,251.751572,172.8562226,1.456421806,0.727021898,34433,208.3777536,0.748858147,0.990416171,0.927306958,0.827711827,0.007382095,0.002137352,0.685106869,0.997804583,DERMASON
164596,1550.902,583.9204222,360.6172305,1.619224964,0.786508532,166206,457.7883093,0.816059813,0.990313226,0.85992471,0.78399092,0.003547598,0.00082672,0.614641763,0.995243287,BOMBAY
28313,609.268,222.4884394,162.1504801,1.372110889,0.6847223,28531,189.866351,0.737010621,0.992359188,0.958471085,0.853376254,0.007858173,0.002570772,0.728251031,0.999241169,DERMASON
45870,805.619,310.0338529,189.6167771,1.635054965,0.791166957,46373,241.6681566,0.70787037,0.989153171,0.888135447,0.779489576,0.006758968,0.001539222,0.607603999,0.993465936,SIRA
69651,997.465,361.7028949,245.9155265,1.470842041,0.733320917,70419,297.7959159,0.746183431,0.989093853,0.87971478,0.823316374,0.005193075,0.001471877,0.677849852,0.997010059,BARBUNYA
41889,784.724,294.5589788,181.5758236,1.622236776,0.7874075,42560,230.9431343,0.753656825,0.984234023,0.854822581,0.784030197,0.007031893,0.001639016,0.614703351,0.997194382,DERMASON
163117,1524.028,560.180104,371.8570345,1.506439443,0.747895106,165192,455.7269082,0.731154889,0.987438859,0.882517238,0.813536405,0.003434223,0.000927932,0.661841483,0.997024115,BOMBAY
45511,795.194,305.4453825,190.7410048,1.601361924,0.781050033,45897,240.7205951,0.79471598,0.991589864,0.904440608,0.788097018,0.006711463,0.00159704,0.62109691,0.994600943,SIRA
55559,934.184,369.2990243,192.668844,1.916755281,0.853119833,56331,265.9697649,0.652009107,0.98629529,0.800017404,0.720201645,0.00664697,0.001103113,0.51869041,0.994202583,HOROZ
46298,842.976,329.6366159,179.9828696,1.831488834,0.83778265,46971,242.7930074,0.639731384,0.98567201,0.818731829,0.736547446,0.007119889,0.001292575,0.542502139,0.993586611,HOROZ
38992,741.513,279.9243156,177.6535862,1.575675006,0.772800818,39445,222.8141744,0.777972865,0.988515655,0.891143897,0.795980063,0.007179019,0.00177768,0.633584261,0.998322884,DERMASON
49194,838.722,319.2038112,197.0785415,1.619678169,0.786644191,49805,250.2713451,0.698114011,0.987732155,0.878791669,0.784048737,0.006488674,0.001512544,0.614732422,0.995668684,SIRA
189236,1659.042,616.7189285,394.2323971,1.564353749,0.769005963,191867,490.8592043,0.69624277,0.986287376,0.863970397,0.795920446,0.003258994,0.000806755,0.633489356,0.991001449,BOMBAY
40311,762.303,290.1587642,177.8756005,1.631245451,0.790060771,40886,226.5514495,0.772907679,0.985936506,0.871722344,0.780784445,0.007198005,0.001650124,0.609624349,0.994446946,SIRA
37225,713.798,252.8133685,188.5272921,1.340990822,0.666262538,37629,217.7070097,0.792898526,0.9892636,0.918108307,0.861137253,0.006791494,0.002303746,0.741557369,0.994421625,SEKER
52130,895.706,364.9182507,182.8890504,1.995298515,0.865344135,52581,257.6314761,0.827617959,0.991422757,0.816519615,0.705997783,0.007000158,0.001072756,0.49843287,0.994522365,HOROZ
28532,614.649,217.4329801,167.7276121,1.296345767,0.636351616,28884,190.5992411,0.79573851,0.987813322,0.949047,0.876588459,0.007620671,0.002775594,0.768407327,0.996121586,DERMASON
49468,884.88,375.0361608,168.5272722,2.225373709,0.893349394,49944,250.967356,0.828193538,0.990469326,0.79389937,0.669181754,0.007581389,0.000937789,0.44780422,0.996531739,HOROZ
84995,1157.954,464.620884,234.3412897,1.982667606,0.863487068,86358,328.9665562,0.782224963,0.984216865,0.796563913,0.708032221,0.00546645,0.000847417,0.501309625,0.993930355,CALI
79634,1074.55,415.756149,245.7389034,1.691861334,0.806623939,80475,318.422923,0.782982322,0.98954955,0.866672742,0.765888668,0.005220837,0.001108109,0.586585451,0.992421244,CALI
45971,795.948,306.4258874,191.4392846,1.600642669,0.780825598,46346,241.9340718,0.748250269,0.991908687,0.911852144,0.789535355,0.006665635,0.001597745,0.623366077,0.997786341,SIRA
37957,713.931,255.1594978,189.9623637,1.343210796,0.667639428,38297,219.8371065,0.786429089,0.99112202,0.935813409,0.861567406,0.00672233,0.002284845,0.742298394,0.997063217,SEKER
63733,1048.882,358.4090779,227.7786694,1.57349711,0.77207859,65287,284.8637848,0.690483413,0.976197405,0.727982536,0.794800697,0.005623603,0.001384291,0.631708147,0.993990944,BARBUNYA
24796,581.279,215.8817669,146.6524754,1.472063573,0.733843575,25087,177.6829979,0.72933702,0.988400367,0.922193857,0.823056993,0.008706314,0.002464528,0.677422814,0.997209447,DERMASON
43112,781.526,293.0259252,188.6139531,1.553575016,0.765297549,43594,234.2902116,0.705585833,0.988943433,0.886995003,0.799554549,0.006796853,0.001713484,0.639287478,0.993181053,SIRA
64214,1087.234,373.9952469,219.543195,1.703515551,0.809571451,66325,285.9367135,0.675823019,0.968171881,0.682642837,0.764546384,0.005824201,0.001227528,0.584531173,0.995757943,BARBUNYA
41229,758.932,278.9910223,188.7135974,1.478383254,0.736521083,41675,229.1165494,0.71488764,0.98929814,0.899511946,0.821232696,0.006766864,0.001898594,0.674423141,0.997055877,SIRA
38984,751.95,280.9705397,177.2002331,1.585610441,0.776049557,39589,222.7913158,0.778901099,0.984717977,0.866399783,0.79293479,0.00720733,0.001757535,0.628745581,0.996945558,DERMASON
49470,863.893,338.2378072,187.6962325,1.802048995,0.831901136,50100,250.9724293,0.826179899,0.98742515,0.832974803,0.74199993,0.006837231,0.001278426,0.550563896,0.992143116,HOROZ
39188,713.669,247.4283258,201.7753134,1.226256679,0.578771232,39536,223.3734794,0.763958203,0.991197896,0.966872701,0.902780547,0.00631388,0.00258705,0.815012716,0.999414787,SEKER
37971,728.233,271.240987,178.9183342,1.516004428,0.751591647,38429,219.877645,0.731055064,0.988081917,0.899748619,0.810635765,0.007143372,0.001902769,0.657130343,0.996212511,DERMASON
60563,1005.91,408.4148618,189.8140139,2.151658107,0.885437823,61453,277.6890465,0.621981904,0.985517387,0.752140532,0.679919054,0.006743637,0.000889002,0.46228992,0.994689855,HOROZ
29116,625.044,231.9911065,160.1432995,1.448646976,0.723523925,29390,192.5399766,0.782793386,0.990677101,0.936527196,0.829945507,0.007967822,0.002331942,0.688809545,0.997841865,DERMASON
28640,621.697,223.6481814,163.2321505,1.370123353,0.683595272,28927,190.9596307,0.739402076,0.990078473,0.931162193,0.853839408,0.007808945,0.002560218,0.729041734,0.998877105,DERMASON
168532,1539.35,573.7944065,376.7821062,1.522881254,0.754195437,169925,463.2295402,0.788730549,0.991802266,0.893752947,0.807309264,0.003404661,0.0008921,0.651748248,0.99253519,BOMBAY
218983,1845.855,713.9672821,394.0538164,1.81185222,0.833896143,222086,528.032021,0.745626341,0.986027935,0.807653539,0.739574535,0.003260378,0.000601694,0.546970494,0.991029703,BOMBAY
190062,1654.448,631.5148944,384.6502895,1.641789728,0.793100038,191654,491.9293185,0.763718336,0.991693364,0.872567264,0.778967088,0.003322678,0.000754648,0.606789725,0.996221137,BOMBAY
52907,930.83,364.183911,186.4900848,1.952832567,0.858939744,53810,259.5443789,0.602887552,0.983218733,0.767330139,0.712673929,0.006883473,0.001095345,0.507904129,0.991851725,HOROZ
76673,1061.077,363.0571425,269.5013743,1.347143937,0.67005531,77754,312.4469485,0.791014134,0.986097178,0.855772879,0.860599922,0.004735137,0.001602203,0.740632226,0.997738213,BARBUNYA
33468,685.227,258.233498,165.4107256,1.561165378,0.767918861,33917,206.4286344,0.708557395,0.986761801,0.895716738,0.799387516,0.007715833,0.001943533,0.6390204,0.997616525,DERMASON
26439,604.923,228.2848809,147.9001309,1.543506956,0.761746429,26738,183.4752853,0.769649511,0.988817413,0.907934867,0.803711944,0.008634399,0.002222356,0.645952888,0.997032777,DERMASON
25583,601.998,226.2884153,144.4306791,1.566761416,0.769821474,25908,180.4807116,0.691170908,0.987455612,0.88709726,0.797569382,0.008845265,0.002207824,0.63611692,0.996643446,DERMASON
38377,706.076,245.3423568,199.3552146,1.230679405,0.582878528,38698,221.050026,0.794324626,0.991704998,0.967337417,0.900985989,0.006392953,0.002598684,0.811775753,0.9990357,SEKER
64436,1025.086,409.9155968,201.1360743,2.038001379,0.871341653,65318,286.4305558,0.75217706,0.986496831,0.770580176,0.698754958,0.006361593,0.000935503,0.488258492,0.99507148,HOROZ
23510,558.79,190.2826321,158.4491421,1.200906673,0.553718121,23901,173.0140506,0.808904487,0.983640852,0.946161434,0.909247726,0.008093689,0.003412363,0.826731428,0.992827288,DERMASON
56433,948.827,381.6930632,191.6640222,1.991469546,0.864785328,57627,268.0535902,0.76372273,0.979280546,0.787714669,0.702275247,0.00676365,0.001014823,0.493190522,0.982173906,HOROZ
73528,1066.558,420.3236302,223.0756762,1.884219908,0.847544952,74286,305.9718243,0.798358288,0.989796193,0.812257372,0.727943428,0.005716511,0.000990151,0.529901635,0.998451209,CALI
38507,722.063,268.6913367,182.6140138,1.471362088,0.733543635,38904,221.424107,0.748348103,0.989795394,0.928109816,0.824083537,0.006977727,0.001985083,0.679113675,0.999222115,DERMASON
36668,708.208,254.0627831,184.1041159,1.379995128,0.689127364,37073,216.072089,0.80362935,0.989075608,0.918703625,0.850467299,0.006928733,0.00223596,0.723294627,0.998143061,DERMASON
172005,1556.172,599.3133524,367.2030392,1.632103464,0.790310728,173578,467.9781703,0.737807232,0.990937792,0.892556551,0.78085724,0.003484279,0.00079906,0.609738029,0.99515555,BOMBAY
30959,652.398,245.7297323,160.7171095,1.528958137,0.75645984,31325,198.5402303,0.696380772,0.988316042,0.914053353,0.807961774,0.007937263,0.002086478,0.652802228,0.998107278,DERMASON
31080,655.899,241.5093017,164.6145312,1.467120186,0.731718067,31500,198.9278388,0.787413544,0.986666667,0.907855934,0.823686034,0.00777057,0.002206375,0.678458682,0.995380428,DERMASON
39788,764.43,296.2335581,174.5837852,1.696798805,0.807881424,40559,225.0769979,0.772882673,0.980990656,0.855631034,0.759795748,0.007445299,0.001530556,0.577289579,0.979544268,HOROZ
62502,952.384,369.8376368,216.7894717,1.705976004,0.810184672,63235,282.0993053,0.810598397,0.988408318,0.865923642,0.762765271,0.005917213,0.001235551,0.581810859,0.992555364,CALI
30735,643.76,232.2038524,168.973512,1.374202676,0.685901179,31052,197.8206698,0.783896144,0.989791318,0.931955348,0.851926735,0.00755503,0.00245485,0.725779162,0.997367666,DERMASON
33996,663.743,223.0963581,194.3808765,1.147727915,0.490774479,34285,208.0505986,0.764693974,0.991570658,0.969700851,0.932559367,0.00656243,0.003061614,0.869666974,0.998141063,SEKER
55502,932.457,373.924271,189.6561829,1.971590197,0.861825561,56271,265.8332959,0.646424412,0.986333991,0.802159756,0.710928165,0.006737131,0.001061592,0.505418856,0.996478862,HOROZ
38553,732.761,281.6122005,174.6184563,1.612728726,0.784548794,39006,221.5563228,0.697728712,0.988386402,0.902284193,0.786742628,0.007304547,0.00172625,0.618963963,0.998220964,DERMASON
38435,739.256,271.6189535,180.795449,1.502355037,0.74628939,38982,221.2170018,0.70034621,0.985967883,0.883785828,0.814438753,0.007066969,0.001917991,0.663310483,0.996527845,SIRA
41117,750.347,277.4685196,189.8473267,1.461535037,0.729283046,41496,228.8051362,0.76283859,0.99086659,0.917713209,0.82461656,0.006748268,0.001924776,0.679992472,0.993832822,DERMASON
25305,588.474,217.5970715,148.3688069,1.466595816,0.731490977,25627,179.4974281,0.744943919,0.987435127,0.9182515,0.82490737,0.008598975,0.002456107,0.68047217,0.997977637,DERMASON
37311,694.501,240.8765914,197.6153409,1.218916458,0.571788927,37590,217.9583461,0.748015237,0.992577813,0.972077749,0.904854826,0.006455914,0.002669642,0.818762256,0.998002789,SEKER
32269,672.442,241.4880288,170.8426629,1.413511266,0.706755284,32717,202.6972296,0.709146449,0.986306813,0.896779576,0.83936761,0.007483592,0.002291388,0.704537985,0.995872379,DERMASON
184715,1664.133,643.8353874,368.5698852,1.746847513,0.81993278,187214,484.9602484,0.798733028,0.986651639,0.838177431,0.753236398,0.003485561,0.000692114,0.567365072,0.991100265,BOMBAY
49556,840.121,321.8223245,196.5867143,1.637050223,0.791742637,50211,251.1904833,0.702324263,0.98695505,0.88231249,0.780525352,0.006494114,0.001486784,0.609219826,0.997323452,SIRA
54154,933.472,380.6560643,181.928171,2.092342611,0.878396184,54745,262.5852515,0.698851465,0.989204494,0.780976226,0.689822851,0.00702914,0.000981821,0.475855566,0.995652877,HOROZ
67943,1015.562,383.7381648,227.1051151,1.689694064,0.806067865,68691,294.121938,0.685185559,0.989110655,0.827831025,0.766465171,0.005647943,0.001202374,0.587468858,0.992642642,CALI
29254,645.809,252.1643015,148.2014928,1.701496367,0.809065869,29558,192.9957244,0.804698245,0.989715136,0.881428188,0.765357044,0.008619823,0.00182446,0.585771405,0.996687917,DERMASON
40855,761.642,282.6441242,184.5313092,1.531686549,0.757465584,41351,228.0749912,0.761453014,0.988005127,0.885020457,0.806933425,0.006918226,0.001809361,0.651141552,0.997344757,SIRA
61238,994.628,408.3958839,192.9987007,2.116055094,0.881289123,62108,279.2322389,0.739732315,0.985992143,0.777874438,0.683729317,0.006668994,0.000899036,0.467485779,0.989225665,HOROZ
77815,1075.607,432.7701699,230.6963657,1.875929725,0.846071765,78443,314.7652064,0.850251311,0.991994187,0.845212567,0.727326485,0.005561526,0.000960045,0.529003816,0.992373982,CALI
43432,799.251,297.7446492,187.3698007,1.58907491,0.77716494,44276,235.1581168,0.802423974,0.980937754,0.854384412,0.789797961,0.006855421,0.001645424,0.623780819,0.991234449,SIRA
52736,888.201,354.7989039,192.5952155,1.842199989,0.839843097,53954,259.1246044,0.766511628,0.977425214,0.840029493,0.730342179,0.006727831,0.001180757,0.533399698,0.982628918,SIRA
39401,744.254,284.6191816,176.9496459,1.608475565,0.783250156,39849,223.9797118,0.698772745,0.98875756,0.893870806,0.786945246,0.007223654,0.001708893,0.61928282,0.996101283,DERMASON
42160,751.793,276.4470167,194.5797695,1.420738741,0.710339538,42462,231.6889708,0.77877937,0.992887758,0.937376175,0.838095392,0.006557092,0.00199556,0.702403886,0.997932412,SEKER
42900,786.394,299.5833628,183.1089412,1.636093578,0.791466937,43468,233.7134495,0.762639551,0.986932916,0.871739598,0.780128267,0.006983295,0.001595527,0.608600112,0.995726735,SIRA
28405,630.146,242.9226468,149.7852436,1.621806267,0.787279371,28776,190.1745758,0.757143619,0.987107312,0.898922581,0.782860628,0.008552109,0.001981485,0.612870762,0.993957643,DERMASON
44390,789.818,291.9659033,193.9742858,1.505178391,0.747401106,44806,237.7374674,0.770418966,0.990715529,0.89421295,0.81426449,0.00657729,0.001783564,0.66302666,0.997973401,SIRA
73978,1043.225,352.3956689,268.4079885,1.312910509,0.647969203,75082,306.9066878,0.731839541,0.985296076,0.854193924,0.870915039,0.00476352,0.001690483,0.758493006,0.995833438,BARBUNYA
80951,1107.182,395.5388204,261.61346,1.511920757,0.750024254,82239,321.0451906,0.779927355,0.984338331,0.829839396,0.81166544,0.004886151,0.001308142,0.658800786,0.996054583,BARBUNYA
39231,733.828,272.0264489,184.3360256,1.475709634,0.735393716,39724,223.4959968,0.705086269,0.987589367,0.915483845,0.821596568,0.006933967,0.001948929,0.67502092,0.996134875,DERMASON
178177,1609.793,593.2555045,385.3183285,1.539650364,0.760363207,181200,476.3003279,0.724046569,0.983316777,0.864015308,0.802858674,0.003329585,0.000853348,0.644582051,0.992430989,BOMBAY
48239,830.258,315.7339546,195.3353003,1.616369156,0.785650525,48756,247.8301886,0.816364867,0.989396177,0.879391012,0.784933597,0.006545201,0.00153262,0.616120752,0.995878579,SIRA
39695,736.527,276.0798868,183.393943,1.505392612,0.747485135,40036,224.8137979,0.791730658,0.991482666,0.919535131,0.814307049,0.006955029,0.00188639,0.66309597,0.998219774,DERMASON
25380,582.891,216.6782868,149.4362833,1.449971065,0.724124823,25623,179.7632322,0.792258467,0.990516333,0.938699923,0.829631962,0.008537364,0.002494856,0.688289192,0.997999413,DERMASON
31220,671.127,258.0112672,154.6042127,1.668850174,0.800588174,31589,199.3753711,0.717701149,0.988318719,0.871030456,0.772739009,0.008264294,0.001817678,0.597125577,0.996513123,DERMASON
213022,1849.699,721.2160984,384.3779694,1.87632007,0.846141626,218065,520.7955782,0.737513762,0.976873868,0.782406047,0.722107534,0.003385641,0.000567843,0.521439291,0.978387006,BOMBAY
48238,845.75,326.2513188,189.292724,1.723528047,0.814470308,48905,247.8276198,0.711495914,0.986361313,0.847452069,0.759621818,0.006763367,0.001389097,0.577025306,0.994519299,SIRA
44163,774.123,270.9880395,207.8487847,1.303774953,0.641642871,44646,237.1288216,0.752402208,0.989181562,0.926079967,0.875052722,0.006136088,0.00221926,0.765717266,0.998322993,SEKER
40089,759.097,278.4718811,183.664473,1.51619895,0.751665912,40639,225.9267583,0.716489134,0.986466202,0.874259856,0.811309054,0.006946341,0.001856441,0.65822238,0.997996082,DERMASON
47480,809.477,308.1729124,197.1724446,1.562961362,0.768532224,47977,245.8727589,0.811915388,0.98964087,0.910566246,0.797840268,0.006490584,0.001622286,0.636549093,0.994901637,SIRA
38927,723.221,266.3881902,186.7249656,1.42663403,0.713209812,39270,222.6283804,0.766189033,0.991265597,0.935230675,0.835729167,0.006843276,0.002059236,0.698443241,0.996422896,DERMASON
70237,1001.22,375.4192475,239.1801656,1.569608611,0.770779916,70832,299.0460264,0.776030848,0.991599842,0.880474505,0.796565515,0.005345035,0.001327444,0.63451662,0.995942751,CALI
38493,728.181,243.0025149,201.9545702,1.203253359,0.55615264,38990,221.3838517,0.750760649,0.987253142,0.912248038,0.911035228,0.006312901,0.00268256,0.829985187,0.998682465,SEKER
90252,1192.155,453.4084707,255.9049563,1.771784639,0.825499615,91633,338.9873381,0.755152073,0.98492901,0.797996983,0.74764227,0.005023805,0.000968251,0.558968963,0.990372623,CALI
50919,841.48,313.9167923,207.1054363,1.515734198,0.75148842,51415,254.6214531,0.806445993,0.99035301,0.903653913,0.811111286,0.006165023,0.001646024,0.657901518,0.99720383,SIRA
63213,964.795,359.6080056,225.8670332,1.592122589,0.778138814,64317,283.6992974,0.798143939,0.98283502,0.853387304,0.78891263,0.00568883,0.001359309,0.622383137,0.990910252,CALI
38294,771.058,306.0067702,160.3861358,1.907937795,0.851640669,38844,220.8108583,0.827191429,0.985840799,0.809406154,0.721588147,0.007990985,0.001336404,0.520689454,0.993443088,HOROZ
44811,798.298,300.0520619,190.6752087,1.573629126,0.772122474,45223,238.8621721,0.68377203,0.990889592,0.883617721,0.796069091,0.006695947,0.001658803,0.633725997,0.997249686,SIRA
56155,934.742,344.514406,208.1900925,1.654806921,0.796756789,57050,267.3925329,0.770016592,0.984312007,0.80763435,0.776143256,0.006135062,0.001373303,0.602398354,0.996852966,BARBUNYA
45200,810.461,296.8993134,196.4976174,1.510956302,0.74965174,46370,239.8967016,0.710591269,0.974768169,0.86473703,0.808006926,0.006568569,0.001727074,0.652875193,0.986465887,SIRA
47919,815.389,306.3850795,200.2312465,1.530156181,0.756902289,48422,247.0068132,0.802703653,0.98961216,0.905707395,0.806197265,0.006393812,0.001666115,0.64995403,0.994531177,SIRA
56688,940.402,394.5952617,183.5331656,2.14999431,0.885248949,57175,268.6585255,0.73272497,0.991482291,0.805515517,0.680845797,0.006960825,0.000922647,0.463550999,0.996632011,HOROZ
37240,731.308,276.0085871,172.8292023,1.597002031,0.779683925,37848,217.7508683,0.709941855,0.983935743,0.87502183,0.788927876,0.007411616,0.001771095,0.622407193,0.993985551,SIRA
67429,1124.602,393.2619082,219.2954315,1.793297314,0.830088268,68968,293.0072853,0.714668786,0.977685303,0.669975436,0.745069073,0.005832237,0.001108667,0.555127923,0.995509414,BARBUNYA
41283,737.859,265.0457183,198.5290071,1.335047821,0.662528349,41610,229.2665438,0.767113869,0.992141312,0.95287154,0.865007537,0.006420215,0.00221722,0.748238038,0.998933563,SEKER
34862,702.718,264.0184917,168.7377813,1.564667318,0.769112436,35381,210.6838319,0.732148858,0.98533111,0.887156025,0.797988923,0.007573246,0.001894302,0.636786321,0.996358746,SIRA
40737,724.96,252.2138292,205.8716113,1.225102517,0.577687215,41013,227.7453827,0.748401675,0.993270426,0.9740266,0.90298531,0.006191272,0.002539115,0.81538247,0.998927116,SEKER
33669,678.182,247.9557613,173.2144082,1.431496166,0.71554191,33999,207.0475845,0.725031224,0.990293832,0.919914711,0.835018244,0.007364512,0.002208552,0.697255468,0.99811853,DERMASON
24991,628.397,218.7656148,145.7919178,1.500533213,0.745567814,25568,178.3802945,0.794247577,0.977432728,0.79528958,0.81539457,0.008753776,0.002386967,0.664868305,0.997656975,DERMASON
33190,681.471,263.7494965,161.0785054,1.637397217,0.791842496,33566,205.5695028,0.816221135,0.988798189,0.898095165,0.779411925,0.007946656,0.001808974,0.607482949,0.994690891,DERMASON
40024,724.462,240.429845,212.0852829,1.133647001,0.471045708,40386,225.743526,0.766655174,0.991036498,0.958294803,0.938916406,0.006007142,0.002879754,0.881564018,0.999382406,SEKER
56642,921.327,352.3944833,207.0553753,1.701933518,0.809175507,57583,268.5495006,0.642250519,0.983658371,0.838534328,0.762070672,0.006221434,0.001294349,0.580751709,0.988400799,SIRA
84156,1125.18,435.7000851,247.4989463,1.760411879,0.822994816,85328,327.3388873,0.798822971,0.986264767,0.835316271,0.751294063,0.005177291,0.001017471,0.564442769,0.993651756,CALI
48439,835.37,325.6445417,190.4112149,1.710217236,0.811234433,49173,248.343412,0.802661232,0.985073109,0.872262664,0.762621141,0.006722776,0.001402697,0.581591005,0.994646961,SIRA
62222,983.348,376.8332561,214.7422165,1.754816832,0.821741765,64103,281.4667138,0.738119528,0.9706566,0.808610456,0.746926417,0.00605627,0.001162777,0.557899072,0.979010683,CALI
40484,733.501,254.4467838,202.7484452,1.254987596,0.604215932,40856,227.0370669,0.758681434,0.99089485,0.945566026,0.892277212,0.00628512,0.002457494,0.796158623,0.999169196,SEKER
41036,758.004,283.5890854,185.6580124,1.527480995,0.755912526,41645,228.5796534,0.780938969,0.985376396,0.897494695,0.806024157,0.006910739,0.001799271,0.649674941,0.992366125,SIRA
29928,645.731,241.6901588,158.1128904,1.528592376,0.756324502,30331,195.2063347,0.714510815,0.986713264,0.901953787,0.807671838,0.00807572,0.002119829,0.652333797,0.997152469,DERMASON
35955,693.613,253.6640629,180.8837375,1.402359694,0.701078793,36295,213.9610428,0.776582648,0.990632319,0.93914945,0.843481888,0.007055043,0.002202837,0.711461696,0.997725207,SEKER
35130,678.016,239.1831502,187.1601061,1.277960112,0.622654309,35473,211.4920925,0.780146569,0.990330674,0.960302653,0.884226554,0.006808516,0.002567358,0.781856598,0.999181546,SEKER
30907,655.571,247.9194885,159.007391,1.55916959,0.767234193,31252,198.3734221,0.746455742,0.988960707,0.903706173,0.800152595,0.008021467,0.002028266,0.640244176,0.998249249,DERMASON
42616,791.872,302.5382775,180.7428445,1.673860331,0.801927465,43110,232.9385679,0.677670706,0.988540942,0.854028913,0.769947426,0.007099171,0.001538975,0.592819038,0.992296272,SIRA
167321,1578.125,588.2992731,368.170441,1.597899254,0.779966167,170889,461.5622535,0.777333333,0.97912095,0.844262532,0.784570498,0.003515992,0.00082178,0.615550866,0.983588269,BOMBAY
38938,781.143,241.3352881,205.8768154,1.1722315,0.521790248,39426,222.6598334,0.788138852,0.987622381,0.801904064,0.922616146,0.006197937,0.0027702,0.851220552,0.997827545,SEKER
41256,736.602,260.1405927,202.4149228,1.285184853,0.628142672,41620,229.1915589,0.784677711,0.991254205,0.955501108,0.881029587,0.006305521,0.002343488,0.776213133,0.99757736,SEKER
77320,1069.137,420.8073703,236.7020718,1.777793355,0.826800638,78405,313.7624605,0.750679612,0.986161597,0.850031442,0.745620164,0.005442413,0.001037628,0.555949429,0.988363201,CALI
58825,966.962,390.074867,195.8928485,1.991266501,0.864755596,60214,273.6755674,0.804301458,0.976932275,0.790593037,0.701597541,0.006631107,0.000991101,0.492239109,0.980179249,HOROZ
35282,703.49,270.4880703,166.3696731,1.62582558,0.788470847,35664,211.9491392,0.693067751,0.989288919,0.895874557,0.783580359,0.007666461,0.001782826,0.613998179,0.998253946,DERMASON
28376,620.275,231.0659303,156.8254282,1.473395819,0.7344117,28702,190.0774719,0.718088875,0.988641906,0.926813785,0.822611415,0.008143006,0.002300083,0.67668954,0.99703154,DERMASON
41869,754.125,267.6579501,199.4233859,1.34215929,0.666988461,42316,230.8879956,0.78113806,0.98943662,0.925157717,0.862623342,0.006392748,0.002183495,0.744119031,0.99872627,SEKER
56462,967.154,402.0604631,180.5148428,2.227298635,0.893544636,57430,268.1224556,0.765835662,0.983144698,0.758533659,0.666870981,0.007120904,0.000868725,0.444716906,0.990517357,HOROZ
31998,657.739,245.2921144,166.3718784,1.474360431,0.734821816,32343,201.8442938,0.722465568,0.989333086,0.929448885,0.822873146,0.007665858,0.002168064,0.677120214,0.998319251,DERMASON
26564,605.984,220.3652256,154.06486,1.430340608,0.714990494,26874,183.908497,0.703533026,0.988464687,0.90903587,0.834562243,0.008295634,0.002482357,0.696494138,0.996223849,DERMASON
71694,1119.481,384.7961566,238.5989724,1.612731827,0.784549736,73042,302.1318188,0.757824639,0.981544865,0.718884668,0.785173692,0.005367202,0.001258319,0.616497726,0.994245504,BARBUNYA
39367,728.934,247.7471723,202.5006354,1.223438988,0.576115778,39776,223.8830524,0.767447754,0.989717418,0.931034488,0.903675511,0.00629327,0.002588846,0.816629428,0.999096281,SEKER
41226,746.767,273.2852477,192.3060807,1.421095198,0.710514435,41628,229.1082135,0.757830882,0.990343038,0.928989546,0.838348266,0.006628954,0.002019866,0.702827814,0.998785232,DERMASON
82769,1102.587,419.7589986,252.8835096,1.65989075,0.798157162,84000,324.6301956,0.707814531,0.985345238,0.855562689,0.773372808,0.005071452,0.001119097,0.598105501,0.992789789,CALI
61978,1036.289,354.0364832,223.5834024,1.583464959,0.775354336,63295,280.9142939,0.774453941,0.979192669,0.725246506,0.793461429,0.005712293,0.001396669,0.629581039,0.996919515,BARBUNYA
40813,743.968,276.8544214,188.3717391,1.469723764,0.732840969,41177,227.9577275,0.801905885,0.991160114,0.926616164,0.823384819,0.006783486,0.001923287,0.677962559,0.996417685,DERMASON
36036,707.877,257.4892336,178.4630961,1.442815009,0.720851497,36443,214.2019146,0.798316349,0.988831874,0.903713643,0.831886878,0.007145333,0.00211086,0.692035777,0.998479607,DERMASON
70583,1033.049,403.1133886,224.2776295,1.797385631,0.830938931,71255,299.7816986,0.769129345,0.990569083,0.831128422,0.743665944,0.005711197,0.001077503,0.553039036,0.994024416,CALI
47735,795.626,273.7960664,222.4660455,1.230731934,0.582926871,48141,246.5321271,0.752324665,0.99156644,0.947608303,0.900422458,0.005735751,0.002325709,0.810760603,0.997828964,SEKER
64919,1031.617,439.3502666,188.4330088,2.331599274,0.903356644,65490,287.5020661,0.654953592,0.991281112,0.766557443,0.654380088,0.006767668,0.000765489,0.428213299,0.998421818,HOROZ
40771,769.398,302.3634985,172.3283698,1.754577606,0.821687878,41248,227.8404035,0.779977808,0.988435803,0.865484155,0.753531444,0.007416141,0.001474902,0.567809637,0.996266073,DERMASON
54821,940.045,389.1195554,180.0791384,2.160825284,0.886469957,55488,264.1973979,0.605409047,0.987979383,0.779577919,0.678962016,0.007098002,0.00093046,0.46098942,0.996117594,HOROZ
69773,1095.057,387.1163104,231.1532909,1.674716847,0.802154999,71055,298.05661,0.762446455,0.981957638,0.731179168,0.769940718,0.005548225,0.001202716,0.592808709,0.992786732,BARBUNYA
38579,716.173,244.7539586,201.0759051,1.217221718,0.570146538,39039,221.6310186,0.797944072,0.988216911,0.945202676,0.905525777,0.006344228,0.002631248,0.819976933,0.998093731,SEKER
41466,733.677,259.6745351,203.5889547,1.275484397,0.620740789,41747,229.7741303,0.754805592,0.993268977,0.968037537,0.884854305,0.006262348,0.002368122,0.782967141,0.998662372,SEKER
56235,1023.117,321.7252343,223.7695959,1.437752224,0.718496924,57765,267.5829326,0.746971468,0.973513373,0.675096664,0.831712604,0.005721085,0.001688695,0.691745856,0.994559144,BARBUNYA
39474,778.662,314.8992903,160.743702,1.959014794,0.859901103,39998,224.1871044,0.604743083,0.986899345,0.818131358,0.711932708,0.007977385,0.001264143,0.50684818,0.992923084,HOROZ
29551,636.078,231.8799753,162.6597673,1.425552115,0.712686583,29924,193.9729409,0.761466708,0.987535089,0.917827986,0.836523036,0.007846773,0.002370186,0.699770789,0.997559729,DERMASON
88811,1234.396,415.8528419,272.3769318,1.526754998,0.7556428,90775,336.2702443,0.702796594,0.978364087,0.73243251,0.808627982,0.004682447,0.001234945,0.653879213,0.998313357,BARBUNYA
45984,790.582,293.5218655,199.762426,1.46935473,0.732682275,46363,241.9682773,0.750269212,0.991825378,0.924533743,0.824362018,0.00638313,0.001818383,0.679572736,0.998533414,SEKER
67792,1064.282,403.333845,214.9557913,1.876357192,0.846148268,68830,293.7949203,0.803099049,0.984919367,0.752098767,0.728416234,0.005949579,0.0010332,0.53059021,0.995576756,BARBUNYA
75409,1085.018,386.6434521,249.8017629,1.547801135,0.763271535,76423,309.8608088,0.823143509,0.986731743,0.804931938,0.801412276,0.005127285,0.001304642,0.642261636,0.994093289,BARBUNYA
31520,657.536,239.070754,168.4081575,1.419591293,0.709775351,31870,200.3310022,0.821346675,0.989017885,0.916129783,0.83795696,0.007584732,0.002306784,0.702171866,0.996797068,DERMASON
42522,778.928,288.8558062,188.1173901,1.535508259,0.758863116,43001,232.6815247,0.694236735,0.988860724,0.880701865,0.805528294,0.006793091,0.001764292,0.648875832,0.996354199,SIRA
38627,715.538,254.513712,193.625495,1.314463842,0.64902573,38930,221.7688524,0.773328795,0.992216799,0.948059159,0.871343436,0.006589011,0.00234292,0.759239384,0.997992717,SEKER
32167,654.893,217.960517,188.2047159,1.158103377,0.504381753,32521,202.3766203,0.76059302,0.989114726,0.942496457,0.928501286,0.006775904,0.003106541,0.862114638,0.998417873,SEKER
46847,808.233,310.7771131,192.93581,1.610779839,0.783955275,47388,244.2282804,0.701260404,0.988583608,0.901194415,0.785863148,0.006633874,0.001560755,0.617580887,0.994786842,SIRA
37098,705.621,257.2452183,183.9486381,1.398462206,0.699051663,37453,217.3353184,0.779107863,0.990521454,0.936305051,0.844856592,0.006934207,0.002179258,0.713782661,0.998198075,DERMASON
50024,891.268,374.2680755,170.7358507,2.192088387,0.889884457,50626,252.3738001,0.714628571,0.988108877,0.791355549,0.674312923,0.00748177,0.000954179,0.454697919,0.996738027,HOROZ
25187,590.941,219.3864284,146.7625379,1.494839429,0.74329105,25548,179.0784309,0.705182406,0.985869735,0.906354428,0.816269412,0.008710304,0.002385323,0.666295753,0.996005163,DERMASON
47360,860.079,346.142513,175.0021106,1.977933362,0.862780782,48026,245.5618554,0.802902384,0.986132512,0.804534866,0.709424142,0.007308752,0.001141949,0.503282614,0.995459472,HOROZ
53746,912.86,383.563625,179.4455217,2.137493438,0.883814399,54488,261.5942136,0.816064379,0.986382323,0.810489993,0.682009963,0.007136599,0.000952432,0.465137589,0.994228544,HOROZ
34097,680.595,227.819142,190.8101712,1.193957013,0.54635901,34502,208.359422,0.762250738,0.98826155,0.925014467,0.914582595,0.006681501,0.00288367,0.836461323,0.998698862,SEKER
27612,619.436,235.4348097,149.7855249,1.57181283,0.771517529,27945,187.5011742,0.782253952,0.988083736,0.904304819,0.796403787,0.00852654,0.002115855,0.634258993,0.996936422,DERMASON
38170,723.21,247.5815839,196.6482473,1.259007326,0.607556381,38617,220.453064,0.769106772,0.988424787,0.917071461,0.890425938,0.006486287,0.002515169,0.79285835,0.998214471,SEKER
169410,1566.793,573.4514258,380.042361,1.508914491,0.748860131,172175,464.4346146,0.746181222,0.983940758,0.867212764,0.809893556,0.003384992,0.000898357,0.655927573,0.989738619,BOMBAY
55310,911.785,359.7136066,198.4319793,1.812780419,0.834083115,56095,265.3730944,0.809951968,0.986005883,0.83604304,0.73773438,0.006503591,0.001188319,0.544252015,0.986609395,HOROZ
34344,680.961,244.9924157,179.1819179,1.367283142,0.681972938,34684,209.1127421,0.730894465,0.990197209,0.930714029,0.853547819,0.007133485,0.00233557,0.72854388,0.996125765,DERMASON
59181,956.187,393.7163491,193.4783223,2.034937787,0.87092525,60026,274.5024399,0.796846598,0.985922767,0.813404355,0.697208639,0.006652749,0.000969688,0.486099886,0.989183027,HOROZ
59564,949.712,387.9881268,196.8862562,1.970620673,0.861678652,60153,275.3892522,0.802208754,0.990208302,0.829869623,0.709787834,0.006513802,0.001019832,0.50379877,0.992796271,HOROZ
43152,783.691,298.2100055,184.6168438,1.615291429,0.785325301,43698,234.3988755,0.771342771,0.987505149,0.882919431,0.786019487,0.006910688,0.001627175,0.617826634,0.997970066,SIRA
71433,1014.513,396.1442929,231.8978414,1.708270722,0.810753784,72296,301.5813661,0.739648156,0.988062963,0.872154691,0.76129171,0.005545676,0.001149049,0.579565068,0.990054036,CALI
37065,719.836,276.1133057,171.9931526,1.605373827,0.782295199,37505,217.2386331,0.809297146,0.988268231,0.898890402,0.786773504,0.007449435,0.001760767,0.619012547,0.993746542,SIRA
70213,1067.05,386.6028193,232.0908809,1.665738946,0.799749267,71494,298.99493,0.674865436,0.982082413,0.774921755,0.773390454,0.005506143,0.001215129,0.598132794,0.99633309,BARBUNYA
40453,728.447,258.3112058,199.5561865,1.294428453,0.634963992,40801,226.9501251,0.780704802,0.991470797,0.957998172,0.878591869,0.006385465,0.002347043,0.771923673,0.999199965,SEKER
65376,1042.788,440.2295366,190.3513892,2.312720377,0.901686102,66068,288.5122328,0.572379135,0.989525943,0.755502941,0.655367732,0.00673381,0.000766268,0.429506864,0.993329276,HOROZ
52045,906.761,374.8406694,177.5386776,2.111318359,0.880719772,52714,257.4213513,0.672502907,0.987308874,0.79543228,0.686748724,0.007202242,0.000988186,0.471623809,0.995748007,HOROZ
39746,727.669,233.9385415,216.4976009,1.08055951,0.378878349,40185,224.9581715,0.782740557,0.989075526,0.943268964,0.961612268,0.005885839,0.003104474,0.924698155,0.999191385,SEKER
61137,978.126,345.9099994,225.7362626,1.532363455,0.757714067,62582,279.0018746,0.757752659,0.976910294,0.803016338,0.806573603,0.005657949,0.001477117,0.650560978,0.996895867,BARBUNYA
56074,937.773,355.6386083,202.0103966,1.760496561,0.823013675,56916,267.199615,0.653200536,0.985206269,0.801264593,0.751323419,0.006342309,0.001246622,0.564486879,0.993777209,SIRA
41341,739.16,255.2935888,206.6708187,1.235266742,0.587062309,41732,229.4275398,0.744185628,0.990630691,0.950854198,0.898681165,0.006175312,0.002484627,0.807627836,0.997635806,SEKER
76321,1096.901,418.0260495,234.1250441,1.785481989,0.828443356,77327,311.7289132,0.655949189,0.986990314,0.797111457,0.745716477,0.005477209,0.001044802,0.556093065,0.992894151,CALI
37970,703.416,246.4983607,196.4891967,1.254513555,0.603818654,38241,219.8747496,0.750039507,0.992913365,0.964330662,0.891992746,0.006491924,0.00253512,0.795651059,0.998155038,SEKER
54180,951.753,388.728347,178.9482034,2.172295333,0.887741362,55014,262.6482791,0.580209895,0.984840222,0.75162351,0.675660217,0.007174757,0.00092236,0.456516728,0.991689158,HOROZ
56161,936.82,391.1434144,183.9732217,2.126088845,0.882481435,56596,267.4068175,0.744465654,0.992313944,0.804141339,0.683654148,0.00696468,0.000938484,0.467382993,0.993697769,HOROZ
43125,755.011,265.4700353,206.9478704,1.282786988,0.626336699,43467,234.3255329,0.748697917,0.992131962,0.950675746,0.882681665,0.006155827,0.002305062,0.779126923,0.999453878,SEKER
169004,1546.598,566.4156578,380.9707667,1.486769347,0.740006893,170517,463.8777598,0.736035259,0.991126984,0.887875269,0.81897058,0.003351493,0.000930018,0.670712811,0.997195248,BOMBAY
34792,692.19,228.0326605,194.3385831,1.173378219,0.523150809,35231,210.4722078,0.784929498,0.987539383,0.912512069,0.922991502,0.006554169,0.00293419,0.851913312,0.999616525,SEKER
77128,1077.519,427.9797816,232.0243311,1.84454699,0.840289123,78614,313.3726529,0.792324129,0.981097514,0.834780047,0.732213685,0.005548955,0.00098388,0.53613688,0.988929669,CALI
34305,677.703,242.4443654,180.5545652,1.342776158,0.667370614,34672,208.9939774,0.739969802,0.98941509,0.93861712,0.862028602,0.007067319,0.00240725,0.743093311,0.997807981,DERMASON
46143,832.979,334.310932,177.2798264,1.885781021,0.84781991,46616,242.3862461,0.772966363,0.989853269,0.83569458,0.725032366,0.007245106,0.001234963,0.525671932,0.991302153,HOROZ
43880,756.327,256.2454805,218.6627679,1.171875226,0.521365997,44263,236.3678303,0.769581536,0.991347175,0.96395614,0.922427314,0.005839687,0.002607942,0.85087215,0.997115993,SEKER
37937,728.164,276.9207116,175.1401951,1.581137394,0.7745962,38320,219.7791815,0.794525425,0.990005219,0.899113339,0.793653823,0.007299489,0.001786474,0.629886391,0.995936927,DERMASON
59685,1139.285,406.7940569,188.0208781,2.163557904,0.886774858,61010,275.6688271,0.681919452,0.978282249,0.577843594,0.677661884,0.006815683,0.000886628,0.459225629,0.99356124,HOROZ
106806,1263.899,494.7270017,276.1764695,1.791343783,0.829679425,108109,368.7677085,0.705451087,0.987947349,0.840196318,0.745396365,0.004632015,0.000882061,0.55561574,0.995298802,CALI
68330,1027.922,398.7044613,219.5707805,1.815835697,0.834696241,69292,294.9584006,0.702376547,0.986116723,0.812645178,0.739792075,0.005834984,0.001078098,0.547292314,0.99379292,CALI
40476,750.595,279.4193024,185.4880939,1.506400204,0.747879758,40910,227.0146335,0.714215133,0.989391347,0.902809493,0.812451508,0.006903333,0.001855361,0.660077452,0.994340808,SIRA
53709,915.904,360.8947204,195.8243881,1.84295084,0.839986001,55433,261.5041543,0.728307004,0.968899392,0.804557373,0.724599556,0.006719446,0.00114263,0.525044517,0.967631233,HOROZ
34787,690.348,258.6507219,171.4995535,1.508171402,0.748571028,35201,210.4570836,0.715119745,0.98823897,0.917256291,0.813672902,0.00743527,0.00201037,0.662063592,0.998505376,DERMASON
38273,746.449,280.9108299,173.8625361,1.615706501,0.785450649,38743,220.7503049,0.731349843,0.987868776,0.863181429,0.785837644,0.007339661,0.001726581,0.617540803,0.997764691,SIRA
72318,1038.352,399.2766927,232.7000454,1.71584278,0.812612775,73244,303.4437961,0.752246817,0.987357326,0.842882551,0.759983745,0.005521125,0.001136121,0.577575292,0.991028395,CALI
39060,746.25,276.0027769,180.8989189,1.525729278,0.755260898,39642,223.0083779,0.814309838,0.985318601,0.881400748,0.80799324,0.007066123,0.00185777,0.652853076,0.996077052,SIRA
60743,962.318,396.2216487,195.9184927,2.022380038,0.869196456,61406,278.1014018,0.743961885,0.989203009,0.82426884,0.70188341,0.006522919,0.000976521,0.492640321,0.99630595,HOROZ
49345,847.426,327.1755275,193.0762219,1.694540758,0.807307947,49928,250.6551522,0.818447198,0.988323185,0.863474364,0.76611828,0.006630368,0.001408967,0.586937218,0.994589039,SIRA
38145,762.943,256.1133025,190.105434,1.347217158,0.670100002,38876,220.3808577,0.740277131,0.981196625,0.82349942,0.860481887,0.006714204,0.002270603,0.740429077,0.997518757,SEKER
25507,598.818,225.4114379,144.6482345,1.55834213,0.766949377,25871,180.2124332,0.759136905,0.985930192,0.893880685,0.799482204,0.008837238,0.002227058,0.639171794,0.996048335,DERMASON
144083,1416.894,508.2398866,362.8229776,1.400792998,0.700266674,145241,428.313172,0.797033865,0.992027045,0.901878189,0.842738209,0.00352741,0.001097505,0.71020769,0.994853959,BOMBAY
46318,814.578,308.2402148,192.0232097,1.60522374,0.78224882,46793,242.8454431,0.745441378,0.989848909,0.877191287,0.787844776,0.006654869,0.001581546,0.620699392,0.996361399,SIRA
152063,1455.551,524.784869,371.247487,1.413571505,0.706785461,153860,440.0143462,0.764450678,0.988320551,0.901941903,0.838466145,0.003451102,0.001052155,0.703025477,0.993776781,BOMBAY
27320,615.902,232.7768483,149.9210126,1.552663261,0.764979478,27640,186.5071161,0.684094551,0.988422576,0.905039075,0.801227087,0.008520382,0.002166014,0.641964845,0.99675523,DERMASON
39128,739.882,269.6326514,185.0851589,1.456803198,0.727191621,39580,223.2024124,0.796255596,0.988580091,0.898199047,0.827801868,0.006891041,0.001996044,0.685255932,0.998283033,DERMASON
36502,707.325,266.6101638,174.807521,1.525164148,0.755050074,36869,215.5824433,0.725282149,0.990045838,0.916829351,0.808605494,0.007303988,0.001926134,0.653842845,0.997217666,DERMASON
31972,639.974,213.6874805,190.6449473,1.120866215,0.451705439,32246,201.7622728,0.772270531,0.991502822,0.980968377,0.944193232,0.006683582,0.003276669,0.891500859,0.999253193,SEKER
53491,918.605,381.2313209,180.7676532,2.108957627,0.880434442,54208,260.9729037,0.681631093,0.98677317,0.796586553,0.684552631,0.007127018,0.000965417,0.468612305,0.988283494,HOROZ
73724,1080.903,367.5997336,258.7821969,1.420498543,0.710221586,75524,306.3793599,0.732304269,0.976166517,0.792949099,0.833459146,0.004986161,0.001484169,0.694654148,0.986755205,BARBUNYA
39535,723.825,254.5019092,198.2914786,1.283473758,0.626855513,39943,224.3602581,0.747947331,0.989785444,0.948253489,0.88156611,0.006437382,0.002398328,0.777158806,0.997462934,SEKER
35145,681.083,243.7645848,183.7065283,1.32692391,0.657307236,35444,211.5372397,0.782809159,0.991564158,0.952079756,0.867793162,0.006935968,0.00242634,0.753064972,0.999259916,SEKER
36026,708.224,263.8694651,174.5000053,1.512145886,0.750111079,36402,214.172192,0.768997609,0.989670897,0.902577762,0.811659629,0.007324418,0.001960869,0.658791353,0.996188634,DERMASON
48240,818.361,305.8212866,201.7208192,1.516062089,0.751613665,48935,247.8327574,0.720021493,0.985797486,0.905164086,0.810384261,0.006339579,0.001686569,0.656722651,0.995632314,SIRA
38581,709.625,234.0327802,210.328979,1.112698693,0.438531348,38948,221.6367634,0.779792222,0.99057718,0.962776607,0.947032989,0.006066011,0.00300984,0.896871483,0.997947727,SEKER
57737,942.475,382.1272226,194.3005874,1.966680738,0.861079151,58667,271.132867,0.779229368,0.984147817,0.816816309,0.709535597,0.006618411,0.001034738,0.503440763,0.990107252,HOROZ
45954,795.062,294.8206719,199.020609,1.481357501,0.737766041,46398,241.8893343,0.78029647,0.990430622,0.913547619,0.820462597,0.006415561,0.001793286,0.673158874,0.997188947,SIRA
68352,1003.918,399.5254213,219.8800951,1.817014956,0.834931945,69077,295.0058802,0.783000172,0.989504466,0.852245288,0.738390762,0.005845117,0.00107181,0.545220917,0.990674561,CALI
42247,743.56,265.9591606,202.5142908,1.31328589,0.648225026,42535,231.9279005,0.75867828,0.993229105,0.960226531,0.872043287,0.006295338,0.002245696,0.760459494,0.998700723,SEKER
84584,1126.361,394.41481,274.3782349,1.437485777,0.718372101,85824,328.1702205,0.803572107,0.985551827,0.837804857,0.832043352,0.004662995,0.001378569,0.692296139,0.995165854,BARBUNYA
41152,733.392,258.2434721,203.189017,1.270951924,0.617192964,41470,228.9024983,0.788790707,0.992331806,0.96145392,0.886382515,0.006275357,0.002389477,0.785673963,0.998553835,SEKER
28416,621.978,227.6114676,159.1193481,1.430444948,0.715040356,28792,190.2113953,0.744849279,0.986940817,0.92304476,0.835684587,0.008009976,0.002409797,0.698368729,0.99897802,DERMASON
27773,615.915,223.0269709,159.2992057,1.400050741,0.699880632,28137,188.0470204,0.768058628,0.987063297,0.920006925,0.843158205,0.008030352,0.002503518,0.710915758,0.995318134,DERMASON
35304,686.408,234.6158228,192.04541,1.221668473,0.57443147,35737,212.0152091,0.789904685,0.987883706,0.941605758,0.903669695,0.006645588,0.002733707,0.816618918,0.997637587,SEKER
33858,664.46,234.3350014,184.1392916,1.27259641,0.618486935,34142,207.6278992,0.781254326,0.9916818,0.963681409,0.886030247,0.006921112,0.002631175,0.785049599,0.999051301,SEKER
27284,605.567,225.6458126,154.2425428,1.462928506,0.729893947,27557,186.3841939,0.799460853,0.990093261,0.934961018,0.826003336,0.008270261,0.002374795,0.682281511,0.998129071,DERMASON
66294,1109.72,348.0218186,243.3940844,1.429869668,0.714765262,68370,290.5307942,0.725714286,0.969635805,0.676483583,0.834806264,0.005249673,0.001572732,0.696901498,0.996478314,BARBUNYA
72394,1019.023,391.5445529,237.292022,1.650053591,0.795433467,73141,303.6032009,0.811137255,0.98978685,0.876081409,0.775398862,0.005408522,0.001206033,0.601243396,0.992083824,CALI
39158,742.484,281.3341448,178.5597857,1.575573938,0.772767383,39590,223.2879623,0.69429078,0.989088154,0.89259853,0.793675302,0.007184589,0.001758544,0.629920485,0.992486299,HOROZ
32218,653.595,222.7560714,184.4046839,1.207974042,0.560975566,32566,202.5369884,0.754431565,0.989314008,0.947743902,0.90923218,0.006914025,0.002914808,0.826703157,0.998635954,SEKER
62406,972.588,370.7602673,215.10789,1.723601432,0.814487905,63240,281.8825767,0.746983625,0.986812144,0.829045559,0.760282591,0.0059411,0.001224466,0.578029618,0.996292678,BARBUNYA
37220,697.179,246.030186,192.8818788,1.275548473,0.620790529,37513,217.6923881,0.762454933,0.992189374,0.962271534,0.884819833,0.006610161,0.002499259,0.782906137,0.998634728,SEKER
36995,694.774,245.2067081,192.3369273,1.274881072,0.620271881,37328,217.0334006,0.741234222,0.991079083,0.963087575,0.885103847,0.006628104,0.002509262,0.783408819,0.998753076,SEKER
33323,666.635,238.2342886,178.4807274,1.334789991,0.662364736,33687,205.9809733,0.769300028,0.989194645,0.942275142,0.864615142,0.007149245,0.002464514,0.747559344,0.99783473,DERMASON
26611,596.977,215.0029413,157.9478445,1.361227448,0.678466775,26920,184.0711208,0.746661055,0.988521545,0.938330559,0.856133036,0.008079476,0.002677491,0.732963775,0.997730409,DERMASON
192812,1678.819,654.8477552,378.2192824,1.731397064,0.81634239,194740,495.475391,0.814955704,0.99009962,0.859678711,0.756626845,0.003396302,0.000686615,0.572484183,0.991197433,BOMBAY
34927,692.204,245.0827289,182.0904644,1.345939391,0.669318607,35362,210.8801498,0.796619834,0.98769866,0.916015746,0.86044476,0.007016999,0.002372593,0.740365185,0.996486666,DERMASON
40923,742.821,266.1947365,196.0669513,1.357672645,0.676378116,41373,228.2647189,0.735231764,0.989123341,0.931985127,0.857510265,0.006504771,0.002169547,0.735323854,0.998329082,DERMASON
28960,627.343,230.5684836,160.4623716,1.436900635,0.71809766,29266,192.0234809,0.765550239,0.989544181,0.924694573,0.83282623,0.007961619,0.002362646,0.693599529,0.996633603,DERMASON
76163,1067.403,370.0119166,262.940445,1.407208072,0.703568986,77251,311.4060748,0.777094174,0.98591604,0.840034394,0.841610934,0.004858158,0.001503477,0.708308965,0.996738092,BARBUNYA
74044,1048.432,388.726498,244.2241059,1.59167948,0.777997644,74909,307.0435618,0.745434411,0.988452656,0.846484871,0.789870419,0.005249939,0.001260542,0.623895279,0.993041313,CALI
60178,974.122,390.9521962,197.9370167,1.975134327,0.862360538,60876,276.8050023,0.640436763,0.988534069,0.796931348,0.708027746,0.006496597,0.001007087,0.501303289,0.990141335,HOROZ
29636,655.394,252.9319024,149.6310826,1.690370062,0.806241582,29983,194.2517108,0.786831276,0.988426775,0.867010841,0.768000038,0.008534617,0.001831508,0.589824059,0.997020931,DERMASON
46860,816.488,310.3916742,192.4268974,1.613036838,0.784642389,47295,244.2621646,0.774814398,0.99080241,0.883308757,0.786948185,0.006623809,0.001567011,0.619287446,0.998933463,SIRA
57582,944.376,393.3217704,187.3394792,2.099513526,0.879282398,58126,270.7686826,0.673473684,0.990641021,0.811347171,0.688415193,0.006830638,0.00094633,0.473915478,0.994991957,HOROZ
41551,763.718,281.1913676,190.1086812,1.479108507,0.736825545,42124,230.0095135,0.758285276,0.986397303,0.895210755,0.817982129,0.006767379,0.001868855,0.669094763,0.989663756,SIRA
30609,643.215,237.9207698,164.0097467,1.450650187,0.724432192,30958,197.4147645,0.728976637,0.988726662,0.929708235,0.829750024,0.007772902,0.002272752,0.688485103,0.998751043,DERMASON
56985,924.718,367.3525332,199.4416049,1.84190522,0.839786942,57768,269.3613845,0.657888661,0.986445783,0.837436322,0.73325038,0.006446478,0.001149507,0.53765612,0.990311613,SIRA
46851,854.53,328.9176038,183.1554803,1.795838176,0.830617735,47631,244.2387068,0.717286464,0.98362411,0.806258119,0.742552858,0.007020503,0.001316611,0.551384747,0.990197779,HOROZ
41267,759.008,272.2771926,193.7132061,1.405568562,0.70273078,41789,229.2221113,0.711070905,0.987508675,0.900160714,0.841870408,0.00659794,0.002044415,0.708745784,0.996190793,DERMASON
41739,751.568,271.1479575,197.1234861,1.375523348,0.686641672,42121,230.5292722,0.772472378,0.99093089,0.928571484,0.85019734,0.006496273,0.002093741,0.722835517,0.99427713,SIRA
177713,1616.237,601.2761198,379.3922209,1.584840402,0.77580043,180176,475.6797444,0.767758241,0.986330033,0.854907196,0.791116974,0.003383411,0.000817518,0.625866066,0.991897828,BOMBAY
69232,1021.513,339.7519042,260.2171529,1.305647612,0.642955611,70543,296.8988383,0.77967476,0.98141559,0.833736752,0.873869534,0.00490744,0.001765311,0.763647963,0.997055139,BARBUNYA
44978,794.94,293.8469627,195.8789213,1.500145911,0.745413985,45648,239.3068496,0.708281499,0.985322468,0.894419591,0.814392796,0.006533126,0.001772705,0.663235626,0.994950212,SIRA
50513,929.206,382.8639226,169.2097634,2.262658578,0.897035757,51406,253.6043161,0.60009504,0.982628487,0.735172097,0.662387603,0.007579513,0.000900057,0.438757337,0.992758052,HOROZ
45904,833.6,329.0114502,179.2313494,1.83568026,0.838593833,46654,241.7577053,0.716533467,0.983924208,0.830127848,0.734800279,0.007167381,0.001288895,0.53993145,0.991141504,SIRA
182494,1653.298,614.2726257,387.0123388,1.587217161,0.776567947,189173,482.0358674,0.745603857,0.964693693,0.83898882,0.784726272,0.003365988,0.000787345,0.615795322,0.977400902,BOMBAY
34815,684.084,242.3524243,183.1011169,1.323598832,0.655130279,35167,210.5417649,0.786424215,0.989990616,0.934883291,0.868742145,0.00696115,0.002445819,0.754712914,0.998937131,DERMASON
76502,1103.519,385.6338479,253.8097097,1.519381778,0.752875965,77696,312.0983365,0.800096218,0.984632414,0.78944708,0.809312611,0.005040834,0.001333974,0.654986903,0.995175165,BARBUNYA
46434,810.154,309.3828063,193.2529185,1.60092178,0.780912735,47022,243.1493472,0.664120827,0.987495215,0.889018503,0.785917453,0.006662851,0.001568005,0.617666243,0.988835342,SIRA
68500,1007.14,339.4168594,257.4166226,1.318550667,0.651779553,69506,295.3250901,0.766433566,0.985526429,0.848634622,0.870095524,0.004954991,0.001751823,0.75706622,0.99823017,BARBUNYA
32942,674.93,247.0960351,169.9765205,1.453706868,0.725808707,33368,204.8000417,0.77854982,0.987233277,0.908745685,0.828827713,0.007500942,0.002183497,0.686955378,0.998631751,DERMASON
63731,1034.115,361.4702096,225.2498818,1.60475205,0.78210296,65415,284.8593151,0.709746754,0.974256669,0.748898433,0.788057515,0.005671811,0.001349377,0.621034647,0.996606623,BARBUNYA
54942,935.192,385.795502,183.2918645,2.104815197,0.87993122,55627,264.4888033,0.69809283,0.987685836,0.78942843,0.685567359,0.007021869,0.000956826,0.470002603,0.989268622,HOROZ
31233,688.36,247.1998151,161.6931375,1.528820697,0.756408999,31854,199.4168767,0.782193839,0.980504803,0.828308873,0.806703179,0.0079147,0.002067613,0.650770019,0.994910674,DERMASON
49085,800.622,277.3600758,225.5484446,1.229713981,0.581988204,49463,249.993926,0.757975849,0.992357924,0.962284787,0.901333493,0.005650608,0.002300472,0.812402066,0.999022179,SEKER
35609,686.971,230.1693895,197.1409408,1.167537238,0.516140833,36002,212.9290655,0.789329018,0.98908394,0.948184461,0.925097234,0.006463798,0.00292023,0.855804892,0.999184079,SEKER
32283,675.327,251.396345,164.111623,1.531861914,0.757529998,32748,202.7411952,0.743985066,0.98580066,0.889519603,0.806460393,0.007787267,0.002031875,0.650378365,0.996289848,DERMASON
73849,1042.951,400.0174911,238.032269,1.68051791,0.803685238,75202,306.638985,0.757705409,0.982008457,0.853152511,0.766563942,0.005416695,0.001153739,0.587620278,0.987506401,CALI
57860,952.872,393.8581405,187.4842472,2.100753245,0.879434599,58360,271.4215173,0.791172127,0.991432488,0.800790961,0.689135223,0.006807088,0.00094702,0.474907355,0.997663167,HOROZ
37338,715.586,260.2910436,183.1664802,1.421062649,0.710498472,37710,218.0371944,0.744155456,0.990135243,0.916299068,0.83766691,0.00697121,0.002117256,0.701685853,0.997139557,DERMASON
76697,1131.072,391.9086699,250.243969,1.566106354,0.769600053,78290,312.4958454,0.799126865,0.979652574,0.753368987,0.797369054,0.005109831,0.001274159,0.635797408,0.995726361,BARBUNYA
49777,835.85,315.9612511,201.0229228,1.571767272,0.771502322,50255,251.7499649,0.778434592,0.990488509,0.895327428,0.796774807,0.006347535,0.001578074,0.634850093,0.9978366,SIRA
60063,942.016,356.0390298,216.2132923,1.646702782,0.794492373,60728,276.540389,0.694707257,0.989049532,0.850550934,0.776713691,0.00592776,0.001330804,0.603284158,0.993429701,CALI
39603,743.722,286.0540116,176.7935671,1.618011426,0.786144602,40032,224.5531244,0.756359817,0.989283573,0.899739305,0.785002536,0.007223039,0.001691936,0.616228981,0.997065532,DERMASON
46569,824.156,315.7776635,189.2145959,1.668886388,0.800597906,47326,243.502551,0.734944132,0.984004564,0.86156476,0.771120251,0.006780856,0.001478947,0.594626441,0.992363973,SIRA
40342,752.7,283.1664923,181.9945169,1.555906722,0.766107838,40768,226.6385442,0.795841471,0.989550628,0.894794811,0.800372044,0.007019149,0.001776773,0.640595409,0.996706702,SIRA
56706,924.217,374.9073997,193.7054087,1.935451376,0.856181401,57307,268.7011753,0.718944139,0.989512625,0.834239929,0.716713448,0.006611424,0.001076111,0.513678167,0.994199115,HOROZ
175965,1569.123,587.8046796,382.0314188,1.538629156,0.759994769,177068,473.3345503,0.807641997,0.993770755,0.898094799,0.80525822,0.003340464,0.000866417,0.648440802,0.997709923,BOMBAY
35911,721.98,269.0603279,170.5174852,1.577904621,0.773536406,36408,213.8300851,0.692140159,0.986349154,0.865739093,0.794729148,0.007492421,0.00184365,0.631594419,0.996595752,SIRA
75139,1047.276,358.6643425,267.3510418,1.341548326,0.666609228,76250,309.305587,0.786087921,0.985429508,0.860900525,0.86238176,0.004773345,0.001628549,0.7437023,0.997712576,BARBUNYA
24827,578.304,214.1926993,147.7881718,1.449322341,0.723830688,25121,177.794033,0.716507937,0.988296644,0.932871265,0.830065794,0.00862741,0.002526447,0.689009223,0.99859646,DERMASON
43632,788.431,295.9051731,190.4623285,1.553615224,0.76531156,44587,235.6989347,0.701355066,0.978581201,0.88203862,0.796535364,0.006781838,0.001684021,0.634468586,0.985720054,SIRA
35942,698.658,252.9340109,181.2665967,1.39537022,0.69742715,36276,213.9223591,0.775681975,0.990792811,0.925300573,0.845763519,0.007037283,0.002221164,0.71531593,0.998130546,DERMASON
27239,613.129,224.3137021,154.7945165,1.449106255,0.723732599,27562,186.230427,0.714746786,0.988280967,0.910536391,0.830223144,0.00823502,0.002413369,0.689270469,0.998826148,DERMASON
72263,1042.893,399.9327552,230.9794486,1.731464672,0.816358345,73011,303.3283851,0.703988387,0.989754968,0.834922849,0.758448467,0.005534406,0.001129679,0.575244077,0.996014797,BARBUNYA
58634,930.427,351.8374671,214.941906,1.636895632,0.791698124,59677,273.230905,0.748837803,0.98252258,0.851127803,0.776582742,0.006000571,0.001346242,0.603080755,0.987180254,CALI
60045,956.542,356.4396421,216.6974691,1.644872197,0.793975337,61058,276.4989484,0.807164942,0.983409217,0.824667018,0.775724459,0.005936209,0.001325925,0.601748436,0.989799271,BARBUNYA
50278,882.9,361.958692,178.6243331,2.026368332,0.869749372,50965,253.0137108,0.757609547,0.986520161,0.810522031,0.699012667,0.007199147,0.001060232,0.488618709,0.990121479,HOROZ
88647,1194.981,398.9848559,283.3704901,1.407997197,0.703971031,90537,335.9596195,0.7386696,0.979124557,0.780102925,0.842036019,0.004500828,0.001395709,0.709024657,0.998304729,BARBUNYA
46867,846.659,340.1692584,177.0078505,1.92177498,0.853951697,47529,244.280408,0.779039229,0.986071662,0.82159911,0.718114298,0.007258183,0.001190644,0.515688144,0.991036573,HOROZ
72181,1099.699,400.9105867,231.0645069,1.735059149,0.817203505,73688,303.1562363,0.714076551,0.979548909,0.750041162,0.756169197,0.00555424,0.001120161,0.571791854,0.992092688,BARBUNYA
39621,733.765,256.3900083,197.0049405,1.301439485,0.639993953,40021,224.6041496,0.783891263,0.990005247,0.924743552,0.876025361,0.006471064,0.002350835,0.767420433,0.998751253,SEKER
67036,1036.913,428.3003348,201.1097099,2.129685011,0.882904284,67879,292.1521626,0.623011152,0.987580842,0.783489747,0.682119856,0.006389109,0.000853224,0.465287498,0.99091581,HOROZ
57516,957.43,340.9225204,215.4891803,1.582086488,0.774905833,58509,270.6134617,0.690261026,0.983028252,0.788468733,0.793768219,0.005927438,0.001451515,0.630067985,0.996822045,BARBUNYA
59550,977.952,384.7309616,198.5740434,1.937468538,0.856505791,60413,275.3568864,0.631187332,0.985714995,0.782449922,0.715712833,0.006460637,0.001045708,0.512244859,0.992458298,HOROZ
37410,697.345,241.4948759,197.4339125,1.223168162,0.575858932,37739,218.247317,0.753019324,0.991282228,0.966723308,0.903734773,0.006455356,0.002656219,0.816736541,0.999006134,SEKER
42212,766.746,289.6763496,186.7506882,1.551139395,0.76444632,42783,231.831809,0.770053086,0.986653577,0.90228296,0.800313209,0.006862417,0.001736588,0.640501233,0.993506695,SIRA
50167,873.825,309.8928256,206.7723679,1.498714885,0.744844297,50937,252.7342641,0.794598875,0.984883287,0.82561783,0.815553776,0.006177225,0.001685713,0.665127961,0.996837177,BARBUNYA
150168,1474.752,548.3763466,351.4324088,1.56040346,0.767657862,151809,437.2640346,0.822946579,0.989190364,0.867659394,0.797379459,0.003651752,0.000910629,0.635814002,0.992126368,BOMBAY
83577,1120.306,419.0831638,257.6042703,1.626848667,0.788772434,85744,326.2108849,0.755723741,0.974727095,0.836803173,0.778391768,0.005014336,0.001135497,0.605893745,0.985697431,CALI
54403,939.604,372.7981194,189.8059989,1.964100826,0.860684408,56090,263.1882424,0.727672779,0.969923337,0.774360157,0.705980607,0.006852529,0.00105003,0.498408617,0.978924776,HOROZ
190728,1696.174,665.988505,368.9420171,1.805130547,0.832532268,192377,492.7904543,0.83665475,0.991428289,0.833073875,0.739938378,0.003491823,0.000645675,0.547508804,0.988324866,BOMBAY
32384,657.952,238.5483358,173.0861476,1.378205818,0.688136735,32711,203.0580937,0.755840822,0.990003363,0.940052118,0.851224105,0.007366241,0.00238562,0.724582478,0.998623787,DERMASON
57904,966.171,400.3776874,185.5948051,2.157267749,0.886071118,58937,271.5246998,0.757747069,0.98247281,0.779489796,0.678171408,0.006914508,0.000902192,0.459916458,0.992162942,HOROZ
174927,1615.125,639.234094,351.3940655,1.819137421,0.835354851,177314,471.9364087,0.720575877,0.986538006,0.842663986,0.738284164,0.003654291,0.000669695,0.545063507,0.991545422,BOMBAY
31725,658.802,235.0157365,172.7741731,1.360248076,0.677893611,32092,200.9814035,0.773893741,0.988564128,0.918547621,0.855182749,0.007407903,0.002444054,0.731337534,0.994800473,DERMASON
68774,1136.305,373.3326894,235.5836317,1.584714043,0.775759508,70416,295.9151508,0.686847099,0.976681436,0.669336199,0.792631235,0.005428399,0.00132171,0.628264275,0.995619219,BARBUNYA
50031,854.392,333.5188388,192.7151579,1.730631064,0.816161464,50710,252.3914572,0.731832543,0.986610136,0.86126084,0.756753226,0.006666244,0.001348584,0.572675445,0.991089915,SIRA
61055,977.927,346.6179887,226.6670806,1.529194216,0.756547129,62594,278.8147062,0.805262464,0.975412979,0.802265702,0.804386141,0.005677143,0.001466115,0.647037063,0.989445335,BARBUNYA
35134,668.885,226.2664317,197.955771,1.143015081,0.484341376,35360,211.5041327,0.797575537,0.993608597,0.986812285,0.934757008,0.006440099,0.003032964,0.873770664,0.998733047,SEKER
41019,772.852,301.2666435,174.6029943,1.725438012,0.814927451,41505,228.5323016,0.677831942,0.988290567,0.862983043,0.75857154,0.007344563,0.00150014,0.575430781,0.992870143,SIRA
47344,827.636,325.0607593,185.9119405,1.748466281,0.820302557,47790,245.5203719,0.768846016,0.990667504,0.868552482,0.755306092,0.006865934,0.001378387,0.570487293,0.997477796,SIRA
45944,799.353,304.5516537,192.5345831,1.581802338,0.774813203,46346,241.8630142,0.786793164,0.991326112,0.903569263,0.794160896,0.006628758,0.001626469,0.630691529,0.997629335,SIRA
81584,1103.915,381.6111683,274.4421379,1.390497725,0.694837323,82696,322.29796,0.763837915,0.986553159,0.84128586,0.844571613,0.004677525,0.001468053,0.71330121,0.991843709,BARBUNYA
55539,925.316,380.736421,189.7021082,2.007022614,0.867033131,56838,265.921889,0.745890411,0.977145572,0.815131688,0.698440901,0.006855298,0.001006294,0.487819693,0.979065155,HOROZ
61671,977.631,397.7022226,200.6870021,1.981703939,0.863343759,62653,280.2176939,0.803007813,0.984326369,0.810850756,0.704591722,0.006448772,0.000980408,0.496449495,0.983815919,HOROZ
38554,709.931,252.7970964,194.4687204,1.299937059,0.638926226,38842,221.5591962,0.773865917,0.992585346,0.961273624,0.876430937,0.006556962,0.002386455,0.768131188,0.998522197,SEKER
32539,665.734,246.7348621,168.2334833,1.46662161,0.731502155,32911,203.5434635,0.779507941,0.988696788,0.922598174,0.824948132,0.007582743,0.00216627,0.68053942,0.99809382,DERMASON
24545,598.067,212.2481129,148.1343876,1.432807847,0.716165698,24982,176.7814035,0.761699355,0.982507405,0.862329456,0.832899766,0.008647305,0.002567033,0.69372202,0.993970353,DERMASON
57200,956.741,352.786447,206.9037954,1.705074798,0.809960425,58277,269.8690459,0.737893134,0.981519296,0.785266593,0.764964324,0.006167595,0.001302748,0.585170417,0.99775933,BARBUNYA
35298,692.422,253.6627444,177.7072418,1.427419287,0.713588589,35733,211.9971921,0.733480176,0.987826379,0.925162981,0.835744297,0.007186321,0.002162619,0.698468531,0.997007452,DERMASON
83266,1117.778,448.4737097,237.7470978,1.886347778,0.847919542,84030,325.6033844,0.797238685,0.990908009,0.837464586,0.726025578,0.005386036,0.000923117,0.52711314,0.994318701,CALI
32363,666.115,244.7720092,168.6752973,1.451143191,0.724654972,32720,202.9922446,0.736258986,0.989089242,0.916558544,0.82931151,0.007563329,0.002206803,0.687757581,0.998034731,DERMASON
55703,932.685,387.5800728,183.6937983,2.109924649,0.880551448,56321,266.3142173,0.732048047,0.989027183,0.804671214,0.68712051,0.006957975,0.000956741,0.472134595,0.99616842,HOROZ
30124,640.849,237.2261059,161.9863115,1.464482423,0.730572534,30443,195.8444997,0.72794935,0.989521401,0.921745617,0.825560487,0.007874987,0.002256447,0.681550119,0.998118169,DERMASON
45850,807.498,302.5812704,194.606187,1.554838904,0.76573732,46293,241.6154654,0.761526707,0.990430519,0.883621538,0.79851428,0.006599373,0.001655058,0.637625056,0.991404243,SIRA
85226,1104.753,427.749008,256.5457649,1.667339971,0.800181661,86404,329.4132867,0.821455422,0.986366372,0.877509023,0.770108827,0.005018997,0.001088943,0.593067605,0.988845323,CALI
35926,715.377,266.4012632,172.4696751,1.544626689,0.762145631,36384,213.8747388,0.791182171,0.987412049,0.882162888,0.802829297,0.007415278,0.001900203,0.64453488,0.995565777,SIRA
46973,817.358,316.9078969,189.3736326,1.673453122,0.801819144,47364,244.5564989,0.77811092,0.991744785,0.883554873,0.771695819,0.006746597,0.001475873,0.595514436,0.996565493,SIRA
42370,767.68,291.2183681,185.8198785,1.567207827,0.769972173,42854,232.2652783,0.78550241,0.988705838,0.903457808,0.797563972,0.006873221,0.001715545,0.636108289,0.99691389,SIRA
44212,768.598,268.3170822,210.2958866,1.275902665,0.621065272,44579,237.2603354,0.752365394,0.991767424,0.940484246,0.884253561,0.006068875,0.002288733,0.78190436,0.997633857,SEKER
44938,786.535,294.1587542,195.5086363,1.504581893,0.74716689,45359,239.2004153,0.772528795,0.99071849,0.912824941,0.81316776,0.00654588,0.001765503,0.661241806,0.994892448,SIRA
36266,705.396,259.0404905,179.2360903,1.445247383,0.72197124,36723,214.8843999,0.782674378,0.987555483,0.915890461,0.829539813,0.007142792,0.002086396,0.688136301,0.994527188,SIRA
49051,823.272,317.1821536,197.6881414,1.604457158,0.782011692,49550,249.9073286,0.799136527,0.989929364,0.909433692,0.787898455,0.006466375,0.001537169,0.620783975,0.996021292,SIRA
29393,628.055,230.9500045,162.3672089,1.422393143,0.711149803,29663,193.4536894,0.769289154,0.990897751,0.936393572,0.837643151,0.007857313,0.002386107,0.701646048,0.998016527,DERMASON
77107,1073.559,415.6769817,237.3120596,1.751604964,0.82101614,77867,313.3299883,0.796017178,0.990239768,0.840720885,0.753782389,0.005390911,0.001073559,0.56818789,0.995240729,CALI
49293,844.304,321.9051701,195.9944572,1.642419764,0.793279422,49842,250.5230466,0.694933175,0.988985193,0.868955269,0.778251081,0.006530444,0.001477751,0.605674745,0.994772172,SIRA
43758,787.988,294.9837259,189.6048779,1.555781313,0.766064372,44247,236.0390137,0.687921521,0.988948403,0.885580654,0.800176393,0.006741252,0.00170476,0.640282259,0.996139174,SIRA
50221,877.944,354.9210188,180.884759,1.962138883,0.860383053,50810,252.8702497,0.630790293,0.988407794,0.818769375,0.712469074,0.007067183,0.001123286,0.507612182,0.996005599,HOROZ
37533,703.354,237.3881463,201.4126248,1.17861602,0.529271137,37918,218.6058092,0.774067811,0.989846511,0.953400158,0.920879213,0.006324785,0.002805667,0.848018524,0.999488218,SEKER
30035,634.05,229.5178643,167.224514,1.372513269,0.684949648,30347,195.5549788,0.790186793,0.989718918,0.938837626,0.852025089,0.00764168,0.002484152,0.725946752,0.99637155,DERMASON
42693,787.181,309.5752471,177.2852422,1.74619863,0.819784219,43246,233.1489135,0.810498339,0.98721269,0.865799501,0.753125179,0.007251195,0.001438991,0.567197536,0.99043956,HOROZ
27422,621.058,227.3340025,153.9904128,1.476286727,0.735637719,27834,186.8549566,0.729793746,0.985197959,0.89339737,0.821940205,0.008290205,0.002334027,0.6755857,0.997358202,DERMASON
33885,680.022,245.4253999,176.3160798,1.391962662,0.695619842,34281,207.7106689,0.811422414,0.988448412,0.92081297,0.846329145,0.007242892,0.002292181,0.716273022,0.997025303,SIRA
37264,693.036,239.7435958,198.1640344,1.209823955,0.562839014,37541,217.8210238,0.783499085,0.992621401,0.974962127,0.908558258,0.006433652,0.00270426,0.825478108,0.998683189,SEKER
48123,798.934,276.4188256,221.9289894,1.245528249,0.596151187,48499,247.5320315,0.756960393,0.992247263,0.947416077,0.895496285,0.005744007,0.002278504,0.801913597,0.998806038,SEKER
80978,1105.56,426.984513,243.1043759,1.756383493,0.82209403,81742,321.098726,0.797679206,0.99065352,0.83255374,0.752014924,0.005272846,0.001040233,0.565526446,0.993281314,CALI
48492,875.858,351.4417653,176.1853443,1.99472758,0.865261038,49121,248.4792386,0.617543681,0.987194886,0.794351204,0.7070282,0.007247417,0.001117146,0.499888875,0.997142126,HOROZ
81718,1091.632,413.18233,254.2352558,1.625196823,0.788285161,82978,322.5625352,0.724778047,0.984815252,0.861737668,0.780678436,0.005056197,0.001158491,0.609458821,0.990490539,CALI
47771,823.47,308.2403568,198.9142967,1.549613889,0.763910637,48339,246.6250723,0.799113416,0.988249653,0.885275882,0.800106368,0.006452458,0.001631157,0.6401702,0.992016633,SIRA
25690,601.919,221.9827962,148.0800401,1.499073042,0.744987072,26058,180.8577449,0.792607676,0.985877658,0.89104136,0.814737664,0.008640825,0.002348584,0.663797462,0.99508088,DERMASON
63096,1010.607,402.1450405,202.8656443,1.982322053,0.863435707,64321,283.4366284,0.708052788,0.980954898,0.776331285,0.704811946,0.006373543,0.000970183,0.496759879,0.984738063,HOROZ
71525,1042.205,365.203603,249.7958259,1.462008429,0.729490836,72758,301.77551,0.751937007,0.98305341,0.827487469,0.826321284,0.005105957,0.001468428,0.682806864,0.99826939,BARBUNYA
68988,1043.643,352.040944,249.9893272,1.408223895,0.704086362,70402,296.375184,0.739516337,0.979915343,0.795938459,0.841877029,0.00510293,0.001581226,0.708756932,0.998088447,BARBUNYA
33788,678.133,251.6200429,171.3656468,1.468322546,0.732237591,34182,207.4131571,0.7225525,0.988473466,0.923299481,0.824310952,0.007447024,0.002120932,0.679488546,0.997708352,DERMASON
75674,1065.907,415.5588949,234.5933731,1.771400826,0.82541599,77018,310.404783,0.79946332,0.982549534,0.836985484,0.746957379,0.005491436,0.001054506,0.557945326,0.988344812,CALI
36804,717.304,268.126433,176.0088339,1.52336918,0.754378504,37279,216.472419,0.793600138,0.987258242,0.898873094,0.807352027,0.007285252,0.001909309,0.651817295,0.992958378,SIRA
72249,1022.963,390.621169,236.5468327,1.651348126,0.795795215,73146,303.2990008,0.757787754,0.987736855,0.867604614,0.776453057,0.005406596,0.001212173,0.60287935,0.995563685,CALI
53230,885.093,336.3659332,202.5943609,1.660292674,0.798267222,54029,260.3354393,0.685829876,0.985211646,0.853863636,0.77396494,0.006319105,0.001398687,0.599021728,0.994551387,SIRA
35714,734.051,265.1196586,172.0150324,1.541258661,0.760941614,36462,213.2427656,0.77467355,0.979485492,0.832905805,0.804326495,0.00742341,0.001916517,0.64694111,0.997103589,DERMASON
39712,744.546,276.4276649,184.1283399,1.501277126,0.74586286,40142,224.8619328,0.808140008,0.989288028,0.900219786,0.813456688,0.006960809,0.001880084,0.661711783,0.993412764,SIRA
32018,669.355,247.7801408,165.0090037,1.501615883,0.745997031,32517,201.9073643,0.795280676,0.984654181,0.898030404,0.814864999,0.007738776,0.002104722,0.664004967,0.997080405,DERMASON
42135,883.82,302.1162231,178.1516905,1.695836971,0.807637477,42931,231.6202673,0.679761233,0.98145862,0.677836908,0.766659483,0.007170196,0.001527991,0.587766762,0.996756606,SIRA
48877,869.699,351.7130231,177.713433,1.979102069,0.862955663,49474,249.4636832,0.734650013,0.987933056,0.812038208,0.709281905,0.00719588,0.001123412,0.503080821,0.995648295,HOROZ
31424,663.866,241.9835215,166.1191653,1.456686355,0.727139643,31874,200.025697,0.709858137,0.98588191,0.89600509,0.826608753,0.007700596,0.002217707,0.683282031,0.995327611,DERMASON
161603,1533.725,575.4908218,361.954692,1.58995265,0.777446118,163875,453.6070217,0.826351745,0.986135774,0.863305066,0.788208959,0.003561139,0.00084788,0.621273363,0.987795231,BOMBAY
54267,905.389,350.8163078,197.8891724,1.772791828,0.825718761,54913,262.8590694,0.66122822,0.988235937,0.831907903,0.749278365,0.006464634,0.001256888,0.561418068,0.995277363,HOROZ
39415,739.942,271.5517826,185.1140476,1.466943142,0.731641429,39827,224.0195006,0.728652506,0.989655259,0.904640521,0.824960523,0.006889554,0.001968356,0.680559865,0.998342626,SIRA
38496,725.915,272.3135632,180.6284812,1.507589287,0.748344177,38911,221.3924784,0.792539065,0.989334635,0.918023775,0.813005698,0.007073815,0.001906373,0.660978265,0.996483751,DERMASON
42156,746.626,253.2988918,213.2475744,1.187816051,0.539662903,42571,231.6779796,0.754456296,0.99025158,0.950305058,0.91464269,0.006008608,0.002593938,0.83657125,0.993692758,SEKER
66517,1008.279,386.8631146,221.2353424,1.748649698,0.82034438,67790,291.0190282,0.792057633,0.981221419,0.822206818,0.752253232,0.005816004,0.001148843,0.565884925,0.989534503,CALI
41307,771.903,296.3020925,178.9515827,1.655766817,0.797022375,41822,229.3331766,0.779230334,0.987685907,0.87118033,0.77398433,0.007173169,0.001587887,0.599051743,0.991889998,SIRA
36190,699.611,249.2849209,185.1673625,1.346268141,0.669519948,36545,214.6591231,0.755847953,0.990285949,0.929148625,0.861099509,0.006888227,0.002336149,0.741492365,0.998247548,DERMASON
82961,1110.823,439.3240902,241.8592954,1.816444927,0.834818076,83863,325.0065013,0.77884489,0.989244363,0.844878222,0.73978757,0.00529555,0.000978406,0.547285649,0.994114241,CALI
43318,779.47,283.1675612,195.7591113,1.446510251,0.722549693,43784,234.8492934,0.826048818,0.989356843,0.895941083,0.829365102,0.006536949,0.001907822,0.687846473,0.994976974,SIRA
71678,1054.534,422.650982,218.7140631,1.932436241,0.855694396,73261,302.0981034,0.633086027,0.978392323,0.809980511,0.714769671,0.005896523,0.00094938,0.510895683,0.987273333,CALI
50665,882.366,351.3239063,184.9755796,1.899298854,0.850168884,51397,253.9855932,0.635903808,0.985757924,0.817749676,0.722938544,0.006934253,0.001168382,0.522640138,0.992649815,HOROZ
42057,752.331,257.0122847,208.6563418,1.231749212,0.583861092,42501,231.4057811,0.760579427,0.989553187,0.933749193,0.900368562,0.006111047,0.002477289,0.810663547,0.998534186,SEKER
33946,667.313,231.5425397,187.0289921,1.238003462,0.589522187,34246,207.8975459,0.791226721,0.991239853,0.957942188,0.897880563,0.006820908,0.002734615,0.806189505,0.998065399,SEKER
27549,633.705,226.5226259,156.1855462,1.450343079,0.724293266,28159,187.2871491,0.69218593,0.978337299,0.862067824,0.826792239,0.008222535,0.002370124,0.683585407,0.991433363,DERMASON
36975,694.805,241.367873,195.1891714,1.236584342,0.588249946,37252,216.974727,0.777422678,0.992564158,0.962481026,0.898937892,0.006527867,0.00262948,0.808089334,0.999270617,SEKER
32062,665.567,235.1189657,174.9852954,1.343649849,0.667910598,32539,202.0460499,0.809299038,0.985340668,0.909529757,0.859335398,0.007333259,0.002466764,0.738457326,0.992228074,DERMASON
27306,608.784,225.4924114,154.595717,1.458594169,0.727986314,27648,186.4593227,0.801491092,0.987630208,0.925851832,0.826898437,0.00825798,0.002381564,0.683761026,0.997329846,DERMASON
162230,1486.167,543.4072553,381.8371778,1.423138675,0.711513713,163470,454.4861399,0.782834863,0.99241451,0.923008722,0.836363769,0.00334961,0.001011009,0.699504353,0.995491698,BOMBAY
36082,683.764,234.1534913,196.3316509,1.192642604,0.544941364,36409,214.3385855,0.786083092,0.991018704,0.969813004,0.915376424,0.006489482,0.002810533,0.837913997,0.999331932,SEKER
44957,777.754,277.8000417,206.3069985,1.346537169,0.669684558,45371,239.2509775,0.769192602,0.990875229,0.933947965,0.861234491,0.006179239,0.00209701,0.741724848,0.998760077,SEKER
70878,1026.542,360.2270008,251.1336472,1.434403573,0.716921532,71854,300.4075106,0.732998263,0.986416901,0.845216317,0.83393946,0.005082353,0.001516291,0.695455023,0.99756317,BARBUNYA
51693,834.877,304.3503037,216.7960052,1.403855681,0.701850849,52208,256.5493555,0.776450973,0.990135611,0.931958572,0.84294102,0.00588765,0.001833625,0.710549564,0.997509042,BARBUNYA
33567,683.629,251.2995888,171.1022411,1.468710096,0.732404696,33956,206.733722,0.75683171,0.988543998,0.902571129,0.822658417,0.007486507,0.002115131,0.676766871,0.993974336,DERMASON
74469,1028.495,373.8992357,256.9930602,1.454900126,0.72634301,76127,307.9234899,0.770469924,0.978220605,0.884669422,0.823546722,0.005020871,0.001424662,0.678229204,0.986755754,CALI
53937,922.703,377.5391788,186.636221,2.022861247,0.869263361,55245,262.0586219,0.621644672,0.976323649,0.796109462,0.694122985,0.006999633,0.001002307,0.481806719,0.97462814,HOROZ
78477,1141.441,382.8720741,262.094354,1.46081771,0.728967686,80301,316.1012808,0.754296424,0.977285463,0.756911878,0.825605476,0.004878781,0.001398239,0.681624402,0.995728997,BARBUNYA
78993,1097.334,444.3010521,228.8839651,1.94116286,0.857096958,79954,317.1387888,0.803509307,0.987980589,0.824367384,0.713792568,0.005624562,0.000900651,0.50949983,0.989022146,CALI
35798,743.142,295.1079192,156.380855,1.887110281,0.848053424,36549,213.4933939,0.728608646,0.979452242,0.814563628,0.723441765,0.008243699,0.001392888,0.523367987,0.987653109,HOROZ
74460,1044.175,407.4378133,234.8513568,1.73487528,0.817160421,75603,307.9048822,0.79212766,0.984881552,0.85819566,0.755710128,0.005471902,0.001100878,0.571097798,0.990783452,CALI
47389,809.933,299.2201545,202.106707,1.480505813,0.737410523,47888,245.6370265,0.732849808,0.989579853,0.907797996,0.820924068,0.006314127,0.001768907,0.673916326,0.997737038,SIRA
36883,696.855,237.6866158,197.7173758,1.202153401,0.555014617,37217,216.7046242,0.779668541,0.991025607,0.954445779,0.911724135,0.006444341,0.002746705,0.831240898,0.999279073,SEKER
40892,723.304,244.5276055,213.0296844,1.147856958,0.490948333,41189,228.1782449,0.799921753,0.992789337,0.98221482,0.933138999,0.00597984,0.002796757,0.870748391,0.999494599,SEKER
55405,935.033,383.5952361,184.6208978,2.077745482,0.876560931,56201,265.6008979,0.643107531,0.985836551,0.796351763,0.692398844,0.006923477,0.000981588,0.479416159,0.996104757,HOROZ
24697,584.479,219.7676145,143.3554747,1.533025613,0.757956739,24966,177.3279364,0.717769123,0.989225346,0.908481823,0.806888389,0.008898555,0.002326768,0.651068872,0.998105257,DERMASON
43983,792.432,308.2128211,182.4807988,1.689015081,0.805893134,44427,236.6450821,0.662873764,0.990006077,0.880178392,0.767797658,0.007007544,0.001502217,0.589513243,0.995696758,SIRA
46680,844.028,341.0410634,175.2140716,1.946425081,0.857932519,47312,243.7925798,0.757398754,0.986641867,0.823430602,0.714848169,0.007305935,0.001176822,0.511007905,0.994638603,HOROZ
54044,944.926,390.0453475,177.7349423,2.194533852,0.890144871,54889,262.3184285,0.644232259,0.984605294,0.760609511,0.672533156,0.007217181,0.000910756,0.452300846,0.992589518,HOROZ
49803,841.146,310.73701,205.9089669,1.509098971,0.74893182,50292,251.8157045,0.713050326,0.990276784,0.884550435,0.81038208,0.006239323,0.001659879,0.656719116,0.991054141,SIRA
117034,1265.926,425.9237875,351.2151089,1.212714877,0.565721853,118019,386.0211353,0.746318911,0.991653886,0.917709597,0.906315042,0.003639317,0.001514664,0.821406955,0.996132434,BOMBAY
54113,872.821,327.6299219,210.7828409,1.554348165,0.765566725,54651,262.485831,0.717755199,0.990155715,0.892608673,0.801165625,0.006054551,0.001538689,0.641866358,0.997683796,BARBUNYA
46281,792.617,291.0355096,202.736418,1.43553641,0.717456104,46737,242.7484282,0.720259587,0.990243276,0.925733186,0.834085258,0.006288445,0.001877434,0.695698218,0.998700122,SIRA
41768,775.542,293.6663322,181.9615362,1.613892355,0.784901931,42331,230.6093435,0.789759298,0.986700054,0.872655639,0.785276752,0.007030893,0.00164923,0.616659577,0.995222177,SIRA
62905,1004.35,402.5876561,199.8548498,2.014400233,0.868079229,63753,283.007303,0.623099401,0.986698665,0.783654917,0.702970642,0.006399931,0.000964059,0.494167723,0.995451577,HOROZ
62152,955.511,356.7448054,223.3037841,1.597576176,0.779864602,62931,281.3083436,0.76004598,0.987621363,0.855447951,0.788542228,0.005739877,0.001368933,0.621798845,0.993371021,CALI
50215,833.741,322.7242819,198.9522403,1.622119366,0.787372568,50652,252.8551438,0.691495222,0.991372503,0.907780843,0.783502073,0.00642685,0.001493959,0.613875498,0.995779334,SIRA
29957,645.43,240.6079596,158.7911788,1.515247644,0.751302381,30376,195.3008885,0.741656764,0.986206215,0.903670048,0.811697538,0.008031778,0.002150643,0.658852894,0.998325295,DERMASON
25159,605.833,223.3010635,144.1408577,1.549186449,0.76376019,25592,178.9788639,0.710625918,0.98308065,0.861385164,0.80151371,0.008875594,0.002259545,0.642424227,0.995234907,DERMASON
30128,634.927,237.9192803,161.3935368,1.474156184,0.734735065,30382,195.8575018,0.787804304,0.991639787,0.939144837,0.823209878,0.007896949,0.002237079,0.677674504,0.998998061,DERMASON
42370,753.514,260.3817502,207.5408241,1.254604974,0.603895324,42766,232.2652783,0.75190772,0.990740308,0.937746985,0.89201827,0.006145427,0.002400086,0.795696593,0.998284904,SEKER
33518,683.803,255.8353648,167.3207295,1.52901177,0.756479675,33916,206.5827753,0.785774569,0.988265126,0.90079498,0.807483264,0.007632775,0.002001688,0.652029221,0.996960354,DERMASON
41616,748.956,256.6675385,206.9151929,1.240448006,0.591697126,42085,230.1893501,0.774784503,0.988855887,0.932304092,0.896838577,0.006167521,0.002461203,0.804319434,0.997716438,SEKER
36584,731.806,293.1392521,159.4393493,1.838562773,0.839148028,37023,215.8244553,0.704975527,0.988142506,0.858438369,0.736252323,0.008012772,0.001452343,0.542067483,0.996625094,HOROZ
42722,765.843,284.2304289,192.0571927,1.479925979,0.737168034,43176,233.2280854,0.776580081,0.989484899,0.915338955,0.820559876,0.006653023,0.001860544,0.67331851,0.996461554,SIRA
49335,837.331,300.584812,209.2387931,1.436563496,0.717939337,49944,250.6297527,0.755952928,0.987806343,0.884241017,0.833807108,0.00609273,0.001816578,0.695234293,0.998748206,SEKER
37228,716.026,257.9078533,184.4985353,1.397885641,0.698749842,37686,217.7157821,0.719381643,0.987846946,0.912477122,0.844161119,0.006927792,0.002170081,0.712607995,0.996144484,DERMASON
38396,709.443,250.3804559,195.7388897,1.279155391,0.623572095,38723,221.1047389,0.74843086,0.991555406,0.958651666,0.883075071,0.006521004,0.002446159,0.779821581,0.997512979,SEKER
26578,591.719,207.1700535,163.6688163,1.265788182,0.613079014,26872,183.9569532,0.742174192,0.989059244,0.953896229,0.887951468,0.007794795,0.002989106,0.78845781,0.998020578,DERMASON
49766,838.927,316.5699668,200.6815444,1.57747424,0.773394713,50320,251.7221468,0.766456184,0.988990461,0.888575338,0.795154857,0.00636117,0.001568641,0.632271247,0.997391605,SIRA
44697,791.572,302.6031455,188.521111,1.605141959,0.782223543,45147,238.5581437,0.800505051,0.99003256,0.896411443,0.788353153,0.0067701,0.001613088,0.621500693,0.997596841,SIRA
43753,782.625,269.7175291,206.8390513,1.303997129,0.641799054,44377,236.0255279,0.782491281,0.985938662,0.89765668,0.875084125,0.006164549,0.002229874,0.765772225,0.998564783,SEKER
43712,759.328,261.0795717,213.6792805,1.221829141,0.574584821,44059,235.9149147,0.786286043,0.992124197,0.952690232,0.903613075,0.005972721,0.002456303,0.81651659,0.997643764,SEKER
46668,810.287,303.4046748,197.0698379,1.539579461,0.760337655,47199,243.7612419,0.740761905,0.988749762,0.89320534,0.803419532,0.006501343,0.001670907,0.645482945,0.993772284,SIRA
41480,779.505,285.9467104,186.6731891,1.531803854,0.757508675,42221,229.8129159,0.716580866,0.982449492,0.857848905,0.803691414,0.006893604,0.001774122,0.645919888,0.989422574,SIRA
81696,1116.142,434.1408752,242.8222629,1.787895682,0.828954024,83499,322.5191124,0.737142238,0.978406927,0.824084519,0.742890455,0.005314102,0.00099841,0.551886228,0.986715004,CALI
59503,973.139,397.2301058,191.5888967,2.073346173,0.875999437,60107,275.2482019,0.802922761,0.989951254,0.789585148,0.692918784,0.0066758,0.000949319,0.480136441,0.995489053,HOROZ
49713,834.515,317.6042383,199.8781784,1.588989057,0.777137407,50261,251.588071,0.692497353,0.989096914,0.897039447,0.792143305,0.006388756,0.001551712,0.627491016,0.997076357,SIRA
28310,634.894,238.072282,151.8170946,1.568152009,0.770290386,28692,189.8562917,0.722894643,0.986686184,0.882566193,0.797473314,0.008409477,0.002098038,0.635963687,0.997287734,DERMASON
38641,718.184,247.7468033,198.8496914,1.245899863,0.596473563,39027,221.8090378,0.753206503,0.990109411,0.941427261,0.895305347,0.006411501,0.002541114,0.801571665,0.998678028,SEKER
31464,666.041,240.9890351,166.7300862,1.445384217,0.722034012,31930,200.1529641,0.744886364,0.985405575,0.891295818,0.830548012,0.007659199,0.002248133,0.689810001,0.997040488,DERMASON
33176,673.911,249.3896053,169.8742215,1.468083875,0.732134595,33512,205.5261422,0.814174929,0.989973741,0.91797065,0.824116715,0.007517169,0.002138893,0.67916836,0.997076117,DERMASON
37690,744.443,288.0076329,167.4450954,1.720012355,0.813624179,38265,219.0625446,0.672459321,0.984973213,0.854620095,0.760613677,0.007641487,0.001577663,0.578533165,0.995084192,DERMASON
50760,851.459,289.51083,223.9165127,1.292940956,0.633881082,51715,254.223601,0.754145124,0.981533404,0.879840596,0.878114304,0.005703523,0.002091834,0.771084731,0.996967029,SEKER
62900,1005.01,418.6912317,192.7222028,2.172511655,0.887765129,63824,282.9960554,0.651732427,0.985522687,0.78256378,0.675906334,0.006656458,0.000856977,0.456849372,0.992510585,HOROZ
42945,771.134,285.0266453,192.3731605,1.481634156,0.737881355,43412,233.8359943,0.805540966,0.989242606,0.907533713,0.820400472,0.006637016,0.001854625,0.673056935,0.997224143,SIRA
26622,600.457,222.1114152,152.9317327,1.452356625,0.725202046,26951,184.109161,0.746571693,0.987792661,0.927869115,0.828904542,0.008343153,0.002429562,0.68708274,0.99788917,DERMASON
45936,813.788,317.4172711,184.6966737,1.718586831,0.813279362,46307,241.8419561,0.691598916,0.991988252,0.871646672,0.761905473,0.006909989,0.001436354,0.58049995,0.997639569,SIRA
201447,1780.967,660.7194827,400.6828906,1.648983518,0.795133675,210441,506.4487008,0.693150968,0.95726118,0.798102963,0.766510923,0.003279868,0.000698408,0.587538996,0.96884212,BOMBAY
50436,850.438,331.0326391,194.3291145,1.70346394,0.809558554,50908,253.4109502,0.75668377,0.990728373,0.876324967,0.765516509,0.00656342,0.001390363,0.586015525,0.998256316,SIRA
61787,943.911,361.5859404,218.7760939,1.652767146,0.796190585,62403,280.4811077,0.708176692,0.99012868,0.871454825,0.77569694,0.005852136,0.001306961,0.601705743,0.994479485,BARBUNYA
148325,1454.931,549.7336941,344.9498497,1.593662657,0.778628353,149846,434.5724974,0.778886952,0.989849579,0.880520408,0.790514575,0.003706278,0.000892806,0.624913293,0.995900979,BOMBAY
35641,705.634,272.4600199,167.1009567,1.63051143,0.78984656,36030,213.0247183,0.680275615,0.989203442,0.89949913,0.781856797,0.007644567,0.001762145,0.61130005,0.996731719,DERMASON
38066,704.695,236.66274,205.1389633,1.153670352,0.498658155,38393,220.1525301,0.79569398,0.991482822,0.963262663,0.930237392,0.006217169,0.002871756,0.865341606,0.998318955,SEKER
196411,1687.198,654.8413345,384.0744664,1.704985339,0.809938142,197945,500.0782461,0.766673433,0.992250373,0.867048851,0.763663226,0.003334036,0.000699451,0.583181523,0.994315947,BOMBAY
35907,709.057,264.9808393,173.1489709,1.530363351,0.756978667,36296,213.8181759,0.696601094,0.989282566,0.897483944,0.806919385,0.007379643,0.001929904,0.651118894,0.996448492,DERMASON
29689,641.296,243.4937652,155.949379,1.561364122,0.767986864,30002,194.4253297,0.736334325,0.989567362,0.907169356,0.798481758,0.008201481,0.002056516,0.637573118,0.995483792,DERMASON
36253,681.763,237.3120276,194.7811246,1.218352282,0.571243464,36493,214.8458825,0.782157497,0.993423396,0.980137395,0.905330777,0.006545997,0.002712593,0.819623817,0.998590547,SEKER
71041,1004.677,385.0415084,236.6119668,1.627312066,0.78890881,71806,300.7527398,0.776404372,0.989346294,0.884435182,0.781091735,0.00541999,0.001244476,0.610104298,0.992830086,CALI
77520,1081.174,421.9850438,235.7064323,1.790299228,0.829460184,78423,314.1679957,0.811014396,0.988485521,0.833359598,0.744500309,0.005443564,0.001031627,0.554280711,0.992328329,CALI
46387,816.487,310.2402655,192.0700328,1.615245548,0.785311438,47144,243.0262594,0.806534061,0.983942814,0.874394871,0.783348541,0.006688086,0.001553466,0.613634937,0.991171101,SIRA
35494,689.381,253.0490617,179.026992,1.413468767,0.706733991,35815,212.5849581,0.72020778,0.991037275,0.938525743,0.840093841,0.007129348,0.002190487,0.705757661,0.997566411,DERMASON
24924,587.268,217.050052,146.6822591,1.479729405,0.737085744,25294,178.1410183,0.732498677,0.985372025,0.908144449,0.820737045,0.008708476,0.002437463,0.673609297,0.996759485,DERMASON
46428,872.732,365.9856889,161.9556522,2.259789542,0.896759087,46913,243.1336373,0.808286908,0.989661714,0.765998712,0.664325531,0.007882866,0.000947082,0.441328412,0.997309329,HOROZ
46308,816.808,309.2065871,191.542658,1.614296211,0.785024277,46792,242.8192267,0.818336043,0.989656352,0.872219764,0.785297716,0.006677174,0.001566426,0.616692503,0.995524371,SIRA
37534,715.824,259.3168198,185.2391386,1.399902967,0.699803678,37979,218.6087214,0.784950959,0.988282998,0.920496631,0.843017902,0.006908851,0.002152449,0.710679183,0.994881898,SIRA
62388,951.604,355.911248,224.8017623,1.583222677,0.77527561,62942,281.8419215,0.802934363,0.991198246,0.86576178,0.791888211,0.005704803,0.001383808,0.627086939,0.992818262,CALI
38807,722.477,251.3515622,197.0649577,1.275475687,0.620734026,39200,222.284968,0.754882509,0.98997449,0.93426888,0.884358808,0.006476965,0.002443798,0.782090502,0.99753742,SEKER
38973,746.316,280.1364234,177.6329681,1.577051976,0.773255554,39456,222.7598814,0.785841029,0.987758516,0.879282028,0.795183571,0.007187961,0.001772781,0.632316911,0.997196634,SIRA
84185,1175.084,408.7205273,263.6448984,1.550269054,0.764140939,85882,327.3952826,0.680673356,0.98024033,0.76613756,0.80102481,0.004855028,0.001232978,0.641640746,0.994715792,BARBUNYA
53042,896.923,359.6497681,189.1927189,1.900970451,0.850455434,53863,259.8753007,0.811536108,0.984757626,0.828551358,0.722578808,0.006780471,0.001140199,0.522120134,0.992534946,HOROZ
42070,767.21,283.8013457,189.15212,1.500386808,0.745509682,42564,231.4415426,0.721587596,0.988393948,0.898160324,0.815505445,0.006745932,0.001840472,0.66504913,0.997830942,SIRA
36629,686.542,231.346432,201.7064969,1.146945862,0.489718272,36913,215.9571515,0.78407826,0.992306234,0.976563987,0.933479499,0.006315936,0.002958262,0.871383975,0.999430245,SEKER
58380,960.731,395.4961971,188.9707621,2.092896238,0.87846496,58898,272.6384504,0.598327389,0.991205134,0.794822854,0.689357957,0.006774515,0.000943707,0.475214393,0.994574415,HOROZ
40289,734.253,247.6013205,207.3716569,1.193997888,0.546402962,40728,226.4896201,0.772530296,0.989221175,0.939084977,0.914735106,0.006145631,0.002654163,0.836740314,0.999066168,SEKER
80953,1101.021,425.879125,244.7647649,1.739952747,0.818344327,81973,321.0491565,0.80067454,0.987556878,0.839173202,0.753850418,0.00526082,0.00104803,0.568290453,0.988798535,CALI
35339,677.909,228.8711515,196.9580537,1.16202992,0.509343946,35667,212.1202778,0.764648607,0.990803824,0.966320784,0.9268109,0.006476447,0.002947685,0.858978444,0.998158653,SEKER
46436,824.571,316.1259079,187.9935693,1.681578307,0.803962932,47202,243.1545835,0.681919643,0.983771874,0.858239607,0.76917006,0.006807776,0.001469855,0.591622581,0.994859698,SIRA
41137,759.003,280.8884724,187.1608299,1.500786637,0.745668388,41644,228.8607768,0.793078851,0.987825377,0.897336835,0.814774543,0.006828122,0.001856226,0.663857556,0.996308549,SIRA
74919,1054.072,399.5951864,240.235669,1.663346613,0.799100394,75690,308.8524461,0.736304668,0.989813714,0.847346972,0.77291333,0.005333696,0.001174171,0.597395015,0.993674975,CALI
64036,1028.773,354.6321181,230.4796943,1.538669682,0.760009408,65223,285.5401329,0.77692849,0.981800898,0.760317426,0.805172793,0.005538012,0.001435787,0.648303226,0.997524519,BARBUNYA
47927,824.548,307.1882634,199.4703632,1.540019572,0.760496188,48466,247.027431,0.702711024,0.988878802,0.885845991,0.804156475,0.006409503,0.001653356,0.646667636,0.995880816,SIRA
45509,819.252,311.0072436,186.6720588,1.666062107,0.799836663,46000,240.7153058,0.698676615,0.989326087,0.852063842,0.773986171,0.006833972,0.001512815,0.599054594,0.998062158,SIRA
42989,786.826,287.2482737,191.2649078,1.501834691,0.746083634,43594,233.9557539,0.719697984,0.986121943,0.872589137,0.814472271,0.006681902,0.001813782,0.663365081,0.996264691,SIRA
33952,672.498,241.5281092,179.357252,1.34663141,0.669742188,34273,207.9159182,0.771636364,0.990634027,0.943394266,0.860835283,0.007113811,0.002409696,0.741037384,0.997904217,DERMASON
69303,1068.546,353.100625,250.5911174,1.409070795,0.704516559,70842,297.0510397,0.714059039,0.978275599,0.762738122,0.841264554,0.005095027,0.001574188,0.707726049,0.997236107,BARBUNYA
24541,578.864,206.4772833,151.8732124,1.359537209,0.677476505,24910,176.7669982,0.727464058,0.985186672,0.920341566,0.856108698,0.008413564,0.002787889,0.732922103,0.996434871,DERMASON
36623,712.553,263.225672,177.7805501,1.480621316,0.737458783,37100,215.9394634,0.714149214,0.987142857,0.906419907,0.820358674,0.007187442,0.002008025,0.672988355,0.996440903,DERMASON
35822,691.654,235.4053042,194.2379233,1.211943065,0.564955654,36203,213.5649479,0.749539672,0.98947601,0.940983282,0.907222327,0.006571529,0.002746004,0.823052351,0.997492589,SEKER
39542,740.965,271.6813175,185.789843,1.462304468,0.729620647,39952,224.3801196,0.785342602,0.989737685,0.905051114,0.82589455,0.006870702,0.001971875,0.682101808,0.997440522,SIRA
75846,1055.133,416.8471545,233.1112729,1.788189603,0.829016047,76592,310.7573435,0.759424469,0.990260079,0.856107168,0.745494698,0.005495968,0.001047134,0.555762344,0.993808446,CALI
38828,758.732,291.5890097,171.3388383,1.7018267,0.809148726,39668,222.3451035,0.68209047,0.978824241,0.847574892,0.762529094,0.007509761,0.001566144,0.58145062,0.989528189,SIRA
29505,629.931,230.3714326,163.4234887,1.409659251,0.704814864,29804,193.8219099,0.815956858,0.98996779,0.934371365,0.841345247,0.007807878,0.002413291,0.707861825,0.99784397,DERMASON
95892,1194.897,470.8680745,261.5597391,1.800231473,0.831527143,96906,349.4187837,0.744873229,0.989536252,0.843978337,0.742073635,0.0049104,0.000918512,0.55067328,0.99133937,CALI
37112,713.042,262.3894128,180.8135592,1.451160046,0.724662583,37509,217.3763234,0.740581098,0.989415874,0.917263263,0.828449293,0.007070204,0.002054355,0.68632823,0.995972106,DERMASON
77054,1073.039,407.4000036,242.4180322,1.680568066,0.803698386,78024,313.2222851,0.71038463,0.987567928,0.840957482,0.768832308,0.005287201,0.001139547,0.591103118,0.993389024,CALI
76727,1083.993,422.8767605,233.8947378,1.807978942,0.833112358,78452,312.5569557,0.804671113,0.978012033,0.820550145,0.739120673,0.005511447,0.001014628,0.546299369,0.987697755,CALI
34800,691.605,252.7980166,175.7859771,1.438101154,0.71866025,35212,210.4964041,0.727424749,0.988299443,0.91426661,0.832666359,0.007264311,0.002154062,0.693333266,0.99708337,DERMASON
66931,1037.359,341.6177344,250.189667,1.365435026,0.680909758,68309,291.9232707,0.779699914,0.979826963,0.781590045,0.854531956,0.005104029,0.001678828,0.730224863,0.997074605,BARBUNYA
92169,1153.456,398.911407,295.7132143,1.34898066,0.671173309,93378,342.5685561,0.78178888,0.987052625,0.870547905,0.858758486,0.004328043,0.001451963,0.737466138,0.994827557,BARBUNYA
50691,863.896,334.6120476,194.4775711,1.720568834,0.813758512,51356,254.0507543,0.718837744,0.987051172,0.853528047,0.759239711,0.006601015,0.001353026,0.576444939,0.991813196,SIRA
36253,698.598,230.5248972,200.5306111,1.149574601,0.49325106,36730,214.8458825,0.788142963,0.987013341,0.933467365,0.931985591,0.006358781,0.00295931,0.868597141,0.998517212,SEKER
37073,718.26,273.1319901,173.3447116,1.57565805,0.772795209,37490,217.2620759,0.734046134,0.988877034,0.903034272,0.795447197,0.00736741,0.00181945,0.632736243,0.996975955,DERMASON
45890,808.226,307.1473156,191.4296433,1.604491919,0.782022453,46523,241.7208363,0.77890556,0.986393827,0.882799924,0.786986648,0.006693121,0.001583718,0.619347984,0.993738835,SIRA
62821,998.256,348.3495134,230.7214201,1.509827363,0.749214551,64071,282.8182834,0.779368526,0.980490393,0.792192727,0.811880805,0.005545113,0.001486138,0.659150442,0.995203374,BARBUNYA
37580,703.04,243.4936116,196.7097492,1.237831946,0.589368801,37934,218.7426389,0.798894558,0.990668002,0.95544693,0.898350628,0.00647934,0.002603119,0.807033851,0.998972282,SEKER
31667,654.114,244.4430233,165.2762433,1.478996729,0.736778658,31918,200.7976012,0.79127936,0.992136099,0.93005771,0.821449508,0.007719172,0.002168073,0.674779294,0.997996369,DERMASON
41022,728.902,253.6010398,206.2107683,1.229814727,0.582081274,41344,228.5406585,0.779530252,0.992211687,0.970260632,0.901181867,0.006182074,0.002515149,0.812128758,0.998767907,SEKER
27849,621.95,225.7073854,157.5772591,1.432360143,0.71595304,28184,188.3041372,0.823618135,0.988113823,0.904708196,0.834284341,0.008104685,0.00242199,0.696030361,0.996966147,DERMASON
164326,1532.137,575.6881804,366.3518001,1.571408085,0.771382372,165918,457.4126818,0.842464138,0.990404899,0.879672361,0.794549371,0.00350333,0.00086128,0.631308703,0.9920436,BOMBAY
75080,1040.66,397.5332068,243.2745698,1.634092734,0.790888425,76187,309.184128,0.791857828,0.985469962,0.871197066,0.777756733,0.005294795,0.001195099,0.604905535,0.98847174,CALI
24972,584.063,218.507118,146.3295938,1.493253089,0.742650825,25307,178.3124727,0.694670079,0.986762556,0.919906739,0.816048806,0.008750085,0.002393627,0.665935653,0.994410471,DERMASON
49827,831.839,284.1727676,223.5363681,1.271259661,0.617435697,50442,251.876372,0.78125686,0.987807779,0.90489054,0.886349435,0.005703188,0.002171288,0.785615321,0.998721067,SEKER
60794,984.123,396.8343705,196.1712129,2.022898083,0.86926848,61447,278.2181246,0.775681021,0.989372956,0.788808932,0.70109382,0.006527525,0.000972821,0.491532544,0.994320241,HOROZ
32870,655.512,220.3581629,190.0206598,1.159653709,0.506352834,33198,204.5761077,0.781242573,0.990119887,0.961276389,0.928379984,0.00670393,0.003071937,0.861889394,0.999493233,SEKER
27765,610.322,221.2600991,160.2366923,1.380832916,0.689589384,28057,188.019935,0.809805752,0.989592615,0.936676214,0.849768828,0.007969029,0.002563235,0.72210706,0.997109198,DERMASON
36652,708.945,268.2389969,174.2424848,1.539458056,0.760293894,36990,216.0249425,0.757523148,0.990862395,0.916394458,0.805345028,0.007318536,0.00189903,0.648580615,0.998462652,DERMASON
33795,674.023,253.3314609,170.0744198,1.489533001,0.741139229,34066,207.4346413,0.753410915,0.992044854,0.934787469,0.818827005,0.007496123,0.002078668,0.670477664,0.998698607,DERMASON
50211,882.965,340.6604271,188.7608966,1.804719268,0.832448249,51232,252.8450727,0.700488281,0.980071049,0.809322766,0.742220266,0.006784578,0.001270088,0.550890923,0.994203463,SIRA
43780,771.185,273.2704509,204.1967966,1.338270019,0.664561742,44206,236.0983424,0.788999423,0.990363299,0.925056957,0.863973187,0.006241902,0.002145348,0.746449668,0.998951211,SEKER
73191,1073.038,385.0103595,242.2625761,1.589227547,0.777213877,74320,305.2698405,0.693096591,0.984808934,0.798798684,0.792887342,0.005260351,0.00128245,0.628670337,0.999100217,BARBUNYA
31332,652.039,232.4928747,172.1533641,1.350498585,0.672092421,31758,199.7326749,0.763004091,0.986586057,0.926084971,0.859091597,0.007420301,0.002493212,0.738038371,0.996719776,DERMASON
41488,759.552,283.1427772,186.9854891,1.514250001,0.750920218,42005,229.8350762,0.708433653,0.987691941,0.903685555,0.811728551,0.006824691,0.001827705,0.65890324,0.997744232,BARBUNYA
61089,986.967,379.3360923,210.1829062,1.804790404,0.832462786,63250,278.8923279,0.812461764,0.965833992,0.788075119,0.735211686,0.006209565,0.001119156,0.540536223,0.975554588,HOROZ
67986,1030.513,360.4515938,240.5559876,1.498410401,0.744722815,69183,294.2149957,0.722870813,0.982698062,0.80449325,0.816239963,0.00530185,0.001451706,0.666247678,0.99831245,BARBUNYA
43634,775.132,298.9581612,186.9380099,1.599236888,0.780385879,44262,235.7043366,0.797929925,0.985811757,0.912606502,0.788419141,0.006851496,0.001633029,0.621604742,0.994093233,SIRA
42412,762.522,279.0436429,194.1209661,1.437472976,0.718366103,42819,232.3803683,0.724310477,0.990494874,0.916629563,0.832774278,0.006579356,0.001951966,0.693512999,0.996906194,SIRA
41517,752.867,271.5677724,195.344554,1.39019884,0.694677257,41977,229.9153892,0.793262892,0.989041618,0.920448099,0.84662251,0.006541122,0.002072962,0.716769675,0.996452371,SIRA
47186,871.047,346.2241394,177.4563123,1.951038737,0.858658881,48835,245.1103449,0.746365923,0.966233234,0.781519554,0.707952788,0.007337434,0.001136949,0.50119715,0.977855055,HOROZ
41255,744.09,273.7351326,192.3503769,1.423106817,0.711498177,41579,229.1887812,0.735422572,0.992207605,0.936344189,0.837264764,0.006635199,0.002011338,0.701012285,0.997615361,DERMASON
33647,679.982,251.691287,170.9740416,1.472102341,0.733860135,34049,206.9799289,0.770677294,0.988193486,0.914452979,0.822356353,0.007480349,0.002110288,0.676269972,0.995538608,DERMASON
39470,732.502,273.5847002,183.8753179,1.487881589,0.740463573,39842,224.1757454,0.728215347,0.990663119,0.924398774,0.819401616,0.006931459,0.001927488,0.671419008,0.99899198,DERMASON
23797,570.158,204.5811072,148.7523829,1.375313142,0.686524007,24089,174.0668879,0.705891077,0.987878285,0.919902141,0.85084537,0.008596928,0.002779237,0.723937843,0.99564123,DERMASON
61626,991.168,409.1727315,192.9183117,2.120963676,0.881874726,62251,280.1154408,0.819059011,0.989960001,0.788277806,0.684589708,0.006639612,0.000899589,0.468663069,0.994017344,HOROZ
41864,739.821,253.7366005,210.5953614,1.204853701,0.557798677,42166,230.8742088,0.774542091,0.992837831,0.961163514,0.909897147,0.006060974,0.002562662,0.827912818,0.997513822,SEKER
41774,752.677,282.5255891,188.6111438,1.497926281,0.74452947,42141,230.6259065,0.775661022,0.991291142,0.926613527,0.816300949,0.006763192,0.001852391,0.666347239,0.998139042,DERMASON
62911,950.094,361.4241806,222.9701851,1.620952955,0.787025042,63883,283.0207996,0.777254757,0.984784685,0.875796694,0.783071014,0.005745008,0.001332524,0.613200213,0.993968698,CALI
68634,1007.249,385.3609988,229.4238197,1.679690449,0.803468112,70059,295.613807,0.724430559,0.979660001,0.850110704,0.767108784,0.005614724,0.001199323,0.588455886,0.988423732,CALI
48813,836.893,325.653675,191.5711291,1.699909984,0.80866717,49327,249.3003046,0.800344319,0.989579743,0.875801114,0.765538128,0.006671454,0.001413408,0.586048625,0.996229909,SIRA
57140,971.769,381.1375546,192.8021872,1.976832111,0.862615679,58062,269.7274691,0.589661827,0.984120423,0.760368328,0.707690612,0.006670241,0.001032036,0.500826002,0.990048922,HOROZ
41706,779.458,293.979372,181.3670123,1.620908722,0.787011846,42292,230.4381228,0.67820148,0.986143952,0.862626837,0.783858137,0.007048851,0.001641527,0.614433579,0.995940747,SIRA
58481,926.502,348.7394788,214.4989431,1.625833087,0.788473062,59402,272.8741868,0.697447823,0.984495472,0.856114656,0.78245855,0.005963295,0.001378832,0.612241382,0.995402296,BARBUNYA
28753,622.095,226.5597708,162.0600369,1.397999008,0.698809228,29065,191.3359784,0.736425571,0.98926544,0.933640337,0.844527595,0.007879518,0.002472491,0.713226859,0.997090441,DERMASON
72060,1013.657,399.9968058,230.5185863,1.735204142,0.817237468,72541,302.902033,0.694266473,0.993369267,0.881296558,0.75726113,0.005550885,0.001125964,0.573444418,0.99504313,CALI
27875,616.012,222.6462814,159.8193731,1.393111968,0.696231421,28270,188.3920176,0.791071885,0.986027591,0.923094993,0.846149401,0.007987311,0.002525623,0.715968809,0.997424716,DERMASON
63164,965.899,351.8699366,229.2060113,1.535168884,0.758739538,63999,283.5893203,0.71455722,0.986952921,0.850777618,0.805949275,0.005570735,0.00144985,0.649554234,0.997175449,BARBUNYA
56614,932.14,383.1357439,189.4201677,2.022676616,0.869237697,57255,268.483116,0.796662164,0.988804471,0.818787898,0.70075194,0.006767509,0.001006621,0.491053282,0.993241991,HOROZ
34397,678.85,229.7747022,190.931594,1.20343992,0.556345118,34776,209.2740324,0.772202766,0.989101679,0.937956691,0.910779256,0.00668008,0.002835397,0.829518854,0.998276103,SEKER
31346,662.548,252.3571552,158.7532055,1.589619274,0.77733939,31724,199.7772929,0.785358154,0.988084731,0.89734056,0.791645051,0.008050697,0.001950452,0.626701886,0.996217398,DERMASON
169095,1529.214,547.6732621,394.2119678,1.389286239,0.69418765,171300,464.0026302,0.78006643,0.987127846,0.908665626,0.847225275,0.00323885,0.001029357,0.717790667,0.997216696,BOMBAY
33092,665.894,242.4997355,174.19325,1.392130496,0.695709279,33403,205.2657863,0.725701754,0.990689459,0.93782688,0.846457774,0.007328047,0.002320541,0.716490763,0.997448641,DERMASON
78657,1149.889,399.2833715,251.5902539,1.587038311,0.776510337,80316,316.4635885,0.785094023,0.979344091,0.747541665,0.792578933,0.00507626,0.001235645,0.628181365,0.996947892,BARBUNYA
39122,711.642,241.6425026,206.4591779,1.170412985,0.519617058,39447,223.1852985,0.791686903,0.991761097,0.970750828,0.923617725,0.00617664,0.002772688,0.853069702,0.998443855,SEKER
38338,718.737,247.1090982,197.705007,1.249887912,0.599904331,38802,220.9376782,0.764131388,0.988041854,0.932608377,0.894089614,0.00644554,0.002540758,0.799396238,0.999155694,SEKER
39052,711.179,244.5155219,203.6022535,1.200947032,0.553760201,39399,222.9855392,0.79103873,0.99119267,0.970276016,0.911948401,0.00626128,0.002671308,0.831649886,0.998767462,SEKER
58910,993.443,358.499459,209.8883902,1.708048066,0.810698681,60140,273.8732217,0.761209459,0.979547722,0.750089315,0.763943194,0.006085545,0.001278567,0.583609204,0.996832571,BARBUNYA
58857,953.918,319.2300624,235.8839231,1.353335396,0.673798509,59856,273.7499952,0.771945701,0.983309944,0.812804124,0.857532004,0.005423825,0.001809201,0.735361138,0.995190257,BARBUNYA
38768,743.03,278.5906827,178.0659993,1.564536092,0.769067888,39158,222.1732447,0.687668511,0.990040349,0.882410288,0.797489861,0.007186099,0.001792973,0.635990078,0.995029431,SIRA
57410,988.594,393.4835088,188.5714667,2.086654549,0.877686075,58699,270.3639811,0.614043532,0.978040512,0.738178633,0.687103716,0.006853919,0.000942341,0.472111517,0.985133643,HOROZ
30884,643.069,229.2296568,172.132298,1.331706248,0.660397327,31221,198.2995968,0.72407568,0.989205983,0.938486996,0.865069553,0.007422279,0.002564018,0.748345332,0.996576155,DERMASON
37654,722.14,266.7900359,180.1860878,1.480636154,0.737464981,38076,218.9578996,0.702028488,0.988916903,0.907356969,0.820712434,0.007085304,0.001982907,0.673568899,0.997310463,DERMASON
90015,1167.663,418.7300668,274.5442236,1.525182578,0.755056954,91331,338.5419584,0.771178164,0.985590873,0.829640056,0.808496894,0.004651781,0.001226062,0.653667228,0.996961868,BARBUNYA
41955,765.642,292.8365735,183.204409,1.598414444,0.78012797,42360,231.1249989,0.694216927,0.990439093,0.899377651,0.789262748,0.006979778,0.001670736,0.622935686,0.995709398,SIRA
69892,1052.973,389.8557707,228.6714658,1.704872837,0.809910114,71139,298.3106741,0.684269784,0.982470937,0.792141674,0.765182143,0.005577974,0.001179548,0.585503712,0.998209375,BARBUNYA
26516,601.374,229.9247948,147.2153513,1.561826214,0.768144852,26796,183.7422645,0.810787671,0.989550679,0.921358356,0.799140713,0.008671172,0.002181477,0.638625879,0.99742264,DERMASON
26805,622.843,238.5741308,143.4424522,1.663204492,0.799061742,27174,184.7408617,0.765529059,0.986420843,0.868297399,0.774354123,0.008900359,0.001973994,0.599624307,0.997297841,DERMASON
42802,793.323,300.6881075,182.6955482,1.645842553,0.794249664,43471,233.4463514,0.765031815,0.98461043,0.854621542,0.776373743,0.007025095,0.001574401,0.602756188,0.992041784,SIRA
48263,838.687,304.7356873,202.7929268,1.502693867,0.746423225,48922,247.8918315,0.712011684,0.986529578,0.862232434,0.813465051,0.006314064,0.001705471,0.66172539,0.994370685,SIRA
29037,630.512,227.9406637,162.6709752,1.401237457,0.700497438,29391,192.2785913,0.75029069,0.987955497,0.917856728,0.843546685,0.007850007,0.002451807,0.71157101,0.997079953,DERMASON
28154,625.922,236.0887675,152.1573347,1.55160951,0.764611007,28525,189.3324751,0.779716406,0.986993865,0.903045302,0.801954608,0.008385621,0.002139509,0.643131194,0.997888477,DERMASON
58260,952.149,319.5159041,232.9670574,1.371506803,0.684380469,59309,272.3581023,0.735401782,0.982312971,0.80755203,0.852408593,0.00548431,0.001786048,0.72660041,0.996537405,BARBUNYA
20942,530.683,191.1765253,139.5864022,1.369592756,0.683293252,21191,163.29171,0.742360865,0.988249729,0.934453442,0.854141008,0.009128857,0.002997191,0.729556861,0.999195792,DERMASON
44231,801.688,301.9073807,187.1526599,1.613161046,0.784680102,44726,237.3113109,0.686102967,0.988932612,0.864820262,0.786040111,0.006825696,0.001607332,0.617859056,0.996706161,SIRA
35354,687.741,235.0153084,191.8282547,1.225133955,0.57771681,35726,212.1652914,0.754363504,0.989587415,0.939287602,0.902772219,0.006647488,0.002723642,0.814997679,0.99848133,SEKER
71176,1008.893,386.8971528,236.9260366,1.632987064,0.790567644,72118,301.0383661,0.823386509,0.986938074,0.878725489,0.778083695,0.005435781,0.001228986,0.605414236,0.988633615,CALI
40756,732.781,248.046899,209.8969438,1.181755649,0.532867614,41203,227.7984875,0.775728506,0.989151275,0.953790555,0.918368616,0.006086144,0.002670485,0.843400916,0.996693796,SEKER
72511,1130.101,412.4255676,225.2915918,1.830630093,0.837615669,74018,303.8484369,0.658532377,0.979640088,0.713475789,0.736735209,0.005687766,0.001033635,0.542778769,0.993627148,BARBUNYA
75149,1140.415,380.6775231,253.4433108,1.502022373,0.746157879,76757,309.3261685,0.712447857,0.979050771,0.726118042,0.812567461,0.005065637,0.001362233,0.660265879,0.991734123,BARBUNYA
31259,646.151,235.6466286,169.3450137,1.391517963,0.695382654,31533,199.499862,0.75519424,0.99131069,0.940842447,0.846606052,0.007538521,0.002388864,0.716741808,0.997359101,DERMASON
80390,1137.745,427.3643818,240.1465772,1.779598055,0.827188429,81621,319.930816,0.669710173,0.984918097,0.780408555,0.748613665,0.005316139,0.001029928,0.560422419,0.997326647,BARBUNYA
40906,747.915,278.3183814,188.1656213,1.479113875,0.736827797,41346,228.2173017,0.750968405,0.9893581,0.918951077,0.819986451,0.006803852,0.001897411,0.672377779,0.994523303,DERMASON
54515,937.25,367.2654562,191.910564,1.913732358,0.852615318,55802,263.4590173,0.706802889,0.976936311,0.779857014,0.71735311,0.006736962,0.001100464,0.514595485,0.984798031,HOROZ
39295,732.803,244.1990998,205.4712787,1.188482894,0.540399095,39881,223.678224,0.805390449,0.985306286,0.919544349,0.91596662,0.006214508,0.002698392,0.838994849,0.997131025,SEKER
29709,639.255,236.9278062,160.1194655,1.479693961,0.737070902,30013,194.490806,0.738625628,0.989871056,0.91358641,0.820886367,0.007974951,0.002233778,0.673854427,0.997098327,DERMASON
32272,661.624,240.6785257,171.1197673,1.406491661,0.703203201,32708,202.7066516,0.732206466,0.986669928,0.926431352,0.842229904,0.007457813,0.002314802,0.709351211,0.997696563,DERMASON
60353,950.902,344.2840281,224.5974163,1.532893983,0.75790853,61174,277.2071901,0.78564176,0.986579266,0.838759023,0.805170056,0.005704506,0.001478932,0.648298819,0.993773359,BARBUNYA
83641,1112.883,429.4870835,251.5901959,1.707089904,0.810461266,85293,326.3357608,0.812056428,0.98063147,0.84865283,0.759826717,0.005134887,0.001055769,0.57733664,0.98556555,CALI
35091,688.22,225.8521795,197.988503,1.140733811,0.481167454,35466,211.3746647,0.780250812,0.989426493,0.931002892,0.935898273,0.006436185,0.003045951,0.875905577,0.999175106,SEKER
52563,908.526,378.3836274,177.4124465,2.132790764,0.883267586,53213,258.6992273,0.811558177,0.98778494,0.800230846,0.683695616,0.007198669,0.000970249,0.467439696,0.996951065,HOROZ
192018,1667.608,637.5186106,385.1775668,1.655129129,0.796845999,193459,494.4541545,0.81848756,0.992551393,0.867688549,0.775591718,0.003320098,0.000741077,0.601542513,0.995630536,BOMBAY
44452,796.857,286.6901576,198.9027607,1.441358363,0.720177377,45243,237.9034347,0.705676911,0.982516632,0.879711736,0.829827702,0.006449432,0.001886483,0.688614015,0.99253957,SIRA
23485,582.072,228.9288122,130.7366895,1.751067838,0.82089434,23796,172.9220365,0.775492009,0.986930577,0.871057875,0.755352875,0.009747874,0.001957443,0.570557966,0.999085704,DERMASON
218738,1810.955,682.4655468,412.0814484,1.65614237,0.797126135,223507,527.7365551,0.703064081,0.978662861,0.838144276,0.77327941,0.003120014,0.000688148,0.597961045,0.990308623,BOMBAY
50181,846.314,307.4656482,208.9943326,1.471167397,0.733460291,50693,252.7695266,0.704710145,0.989899986,0.880412349,0.822106561,0.006127133,0.001726432,0.675859197,0.994302016,SIRA
44934,803.049,305.7228218,188.7362172,1.619841842,0.78669315,45433,239.1897692,0.793214235,0.989016794,0.875590123,0.782374596,0.006803819,0.001572503,0.612110009,0.991521404,SIRA
43290,750.678,252.755722,218.4624697,1.156975486,0.502937901,43615,234.7733799,0.784395441,0.992548435,0.96536172,0.928854856,0.005838663,0.002680925,0.862771344,0.998205295,SEKER
169128,1572.037,602.5377947,360.9070447,1.669509652,0.80076528,171304,464.0479046,0.770669291,0.987297436,0.86000277,0.770155679,0.003562614,0.000773148,0.59313977,0.990252572,BOMBAY
184246,1642.028,646.5775398,365.2053645,1.770449185,0.825208377,186178,484.3441887,0.754945667,0.989622834,0.858710583,0.749089102,0.003509317,0.00068161,0.561134483,0.993460088,BOMBAY
46486,807.684,301.5468155,196.6007279,1.533803149,0.758241196,46903,243.2854568,0.703906723,0.991109311,0.895465962,0.806791663,0.006486831,0.001695344,0.650912788,0.998372083,SIRA
34242,682.082,247.6193769,177.0846476,1.398310809,0.698972458,34685,208.8019839,0.824710983,0.987227908,0.924902194,0.84323766,0.007231452,0.002255305,0.711049751,0.994268553,SIRA
41643,768.896,303.1101621,175.3556847,1.72854483,0.815667277,42039,230.2640101,0.737958533,0.990580176,0.885149584,0.759671034,0.007278778,0.001495342,0.577100079,0.997543358,DERMASON
44401,828.921,307.4896076,184.5227895,1.666404505,0.799929196,45222,237.7669216,0.682997739,0.98184512,0.812037959,0.773251894,0.006925286,0.001527219,0.597918492,0.996374069,SIRA
39462,720.25,233.5236698,215.4661437,1.083806791,0.385581744,39808,224.1530257,0.776077722,0.99130828,0.955921924,0.959872829,0.005917685,0.003098749,0.921355849,0.998571726,SEKER
89384,1183.212,459.0266568,249.4321044,1.840286991,0.83947811,90348,337.3532918,0.688628659,0.989330146,0.802314274,0.73493181,0.005135445,0.000924158,0.540124766,0.993984579,CALI
76114,1048.047,407.9508413,239.5577798,1.70293297,0.809425796,76864,311.3058861,0.768331584,0.990242506,0.870788914,0.763096566,0.005359735,0.001121091,0.582316369,0.991645744,CALI
27578,628.954,229.7758474,153.2815866,1.499044031,0.744975512,28005,187.3856989,0.818994447,0.984752723,0.876062043,0.815515212,0.008331853,0.002273263,0.665065061,0.99696181,DERMASON
36992,717.713,255.0441809,185.2049227,1.377091803,0.687517299,37452,217.0246005,0.720979185,0.987717612,0.90243525,0.850929434,0.006894577,0.002229778,0.724080902,0.997125874,DERMASON
78695,1086.614,415.8675579,243.8905633,1.705140011,0.809976666,80290,316.5400227,0.761508017,0.980134512,0.837541646,0.761155846,0.005284549,0.001094163,0.579358221,0.987886884,CALI
41546,734.502,251.730801,210.2820435,1.197110304,0.549726187,41893,229.9956741,0.77871495,0.991716993,0.967727573,0.913657261,0.006059086,0.002604475,0.83476959,0.999311278,SEKER
36745,719.173,267.6722509,175.8535111,1.522131968,0.753913879,37163,216.2988374,0.812295517,0.988752254,0.892773657,0.808073443,0.00728459,0.001915968,0.65298269,0.993925826,DERMASON
30996,652.345,245.1105175,161.6665388,1.51614873,0.751646742,31424,198.6588355,0.751673295,0.986379837,0.915294474,0.810486786,0.007907811,0.002104844,0.65688883,0.995941166,DERMASON
28540,632.379,235.4003746,154.6179544,1.522464682,0.754038966,28885,190.6259599,0.787071509,0.988056084,0.896827576,0.809794633,0.008248086,0.002187925,0.655767347,0.998382626,DERMASON
72092,1062.088,346.6950133,265.1115142,1.307732764,0.644407553,73330,302.969281,0.752840434,0.983117414,0.803111665,0.873878393,0.004809064,0.001729993,0.763663446,0.998667708,BARBUNYA
32996,662.061,235.1356687,179.2508609,1.311768699,0.647189081,33385,204.9678317,0.808091693,0.988348061,0.945965173,0.871700295,0.007126187,0.002538083,0.759861404,0.996762405,DERMASON
70339,1030.51,395.2689627,230.1508068,1.717434617,0.812999921,72125,299.2630888,0.780226728,0.975237435,0.832341661,0.757112541,0.005619485,0.001138985,0.5732194,0.984466841,CALI
54203,883.783,342.8480526,202.1813972,1.695744799,0.807614074,54803,262.7040217,0.786097575,0.989051694,0.872051034,0.766240379,0.00632526,0.001344988,0.587124318,0.995613009,SIRA
62353,974.133,336.414515,236.4006216,1.423069503,0.71147998,63337,281.762853,0.767421538,0.984464057,0.825716011,0.837546659,0.005395322,0.001637696,0.701484406,0.998261064,BARBUNYA
45110,796.592,299.3946992,193.0543859,1.55083086,0.764338135,45658,239.6577473,0.778900112,0.987997722,0.893327719,0.80047425,0.006636992,0.001680895,0.640759025,0.99370887,SIRA
53507,843.007,299.6543401,227.6097554,1.316526788,0.650420466,53987,261.0119314,0.753407491,0.991108971,0.946145884,0.871043387,0.005600283,0.001988607,0.758716582,0.998870705,SEKER
45391,800.164,303.9192783,191.1524829,1.589931105,0.777439223,45944,240.4030286,0.795998176,0.987963608,0.890884901,0.791009475,0.006695585,0.001616944,0.625695989,0.994813515,SIRA
50683,840.605,314.9159657,205.3137847,1.533827678,0.758250161,51240,254.0307065,0.767006159,0.989129586,0.901339159,0.806661885,0.006213444,0.00162285,0.650703397,0.99806688,SIRA
81995,1186.252,409.0478139,255.5614799,1.600584776,0.780807517,83446,323.1087688,0.76777939,0.982611509,0.73222292,0.789904646,0.004988692,0.001198023,0.62394935,0.998683831,BARBUNYA
43196,750.694,256.7552351,214.505591,1.196962904,0.549569839,43547,234.5183476,0.789097751,0.991939743,0.96322447,0.913392662,0.005943959,0.002552029,0.834286155,0.998609578,SEKER
76489,1079.856,423.7662385,234.1039673,1.810162567,0.833554939,78182,312.0718179,0.680053345,0.978345399,0.824284542,0.736424447,0.005540225,0.001005125,0.542320966,0.981689113,CALI
31652,681.395,237.6383411,170.2652748,1.395694697,0.697598314,32135,200.7500388,0.790430526,0.984969659,0.856669167,0.844771251,0.007507846,0.002358585,0.713638467,0.996021424,DERMASON
50182,845.771,325.1109276,196.8934945,1.651201978,0.795754426,50642,252.7720452,0.679834722,0.99091663,0.881560759,0.777494768,0.006478636,0.001460338,0.604498114,0.998148482,SIRA
62741,992.41,392.3921451,204.6350274,1.917521893,0.853247351,63537,282.6381472,0.639613832,0.987471867,0.800532627,0.72029512,0.006254158,0.001038462,0.51882506,0.994858411,HOROZ
143603,1405.207,516.0199144,356.2938031,1.448298876,0.723365593,145400,427.5991328,0.77369388,0.98764099,0.913887564,0.828648509,0.003593378,0.001045115,0.686658352,0.994486519,BOMBAY
93548,1241.752,460.1698344,260.4665467,1.766713769,0.824389693,95271,345.1217364,0.836086086,0.981914748,0.762385512,0.749987745,0.004919077,0.00096002,0.562481618,0.993744019,BARBUNYA
69843,1006.281,386.3156069,232.0327908,1.664918159,0.799527019,70899,298.2060857,0.782116461,0.985105573,0.866750706,0.771923475,0.0055312,0.001211424,0.595865851,0.992067876,CALI
35251,697.445,257.8048744,174.3460084,1.478696741,0.736652755,35645,211.8560058,0.718762744,0.988946556,0.910670724,0.821768814,0.007313406,0.002057302,0.675303983,0.998569799,DERMASON
47959,949.132,328.4505389,190.1176608,1.72761719,0.815446866,50202,247.1098851,0.641574807,0.955320505,0.669000976,0.752350372,0.006848569,0.001353506,0.566031082,0.977885028,HOROZ
38957,737.829,277.5968858,179.1143259,1.549830727,0.763986899,39326,222.7141507,0.699658764,0.990616895,0.899257208,0.802293405,0.007125725,0.001821133,0.643674708,0.99758684,DERMASON
49031,838.858,275.6479027,226.8446395,1.215139592,0.568112766,49761,249.856375,0.779494762,0.985329877,0.875595888,0.906433071,0.005621911,0.002341028,0.821620912,0.9983841,SEKER
65538,1002.774,363.288259,236.8813309,1.533629761,0.75817781,68186,288.8694745,0.782449857,0.961165049,0.819024547,0.795152244,0.00554317,0.001366907,0.632267092,0.969663629,HOROZ
91641,1147.618,448.7645628,261.3306423,1.71722902,0.812949989,92407,341.5859264,0.80910632,0.991710585,0.874389595,0.761169564,0.004896985,0.001013991,0.579379105,0.994926612,CALI
52995,917.029,386.7899328,175.0464077,2.20964222,0.891732963,53658,259.7601387,0.745988176,0.987643967,0.791915094,0.671579368,0.007298612,0.000915818,0.451018848,0.996590288,HOROZ
57929,917.333,330.4535312,223.8870374,1.475983313,0.735509477,58707,271.5833087,0.799152963,0.986747747,0.865071216,0.821850224,0.005704458,0.001605332,0.675437791,0.996934909,BARBUNYA
25799,596.614,227.0118822,144.942118,1.566224403,0.769639981,26040,181.2410191,0.71620121,0.990745008,0.910805944,0.798376796,0.008799251,0.002205246,0.637405508,0.998320062,DERMASON
40473,759.236,279.3529456,185.1179985,1.509053403,0.748914115,40911,227.0062204,0.772975554,0.989293833,0.882310964,0.812614379,0.006902205,0.001856546,0.660342129,0.996491537,SIRA
52736,907.64,380.9695114,176.6470944,2.156670126,0.886003907,53205,259.1246044,0.809629084,0.991185039,0.804432847,0.680171501,0.007224088,0.000953754,0.462633271,0.997747355,HOROZ
75871,1061.687,361.0556651,268.9466595,1.342480571,0.667187589,76977,310.8085544,0.808514493,0.985632072,0.845848674,0.860832787,0.00475881,0.001611956,0.741033087,0.994822522,BARBUNYA
76848,1094.611,368.2968728,266.4882629,1.382037876,0.690251878,78146,312.8033129,0.790048319,0.983390065,0.805977313,0.849323836,0.004792537,0.001538291,0.721350979,0.996934374,BARBUNYA
31882,665.703,250.2462061,162.5029564,1.539948637,0.760470648,32220,201.478096,0.708362958,0.989509621,0.904054044,0.805119483,0.007849138,0.002034431,0.648217381,0.998221472,DERMASON
43028,782.027,301.8236234,182.6130415,1.652804317,0.796200926,43603,234.0618532,0.794695626,0.986812834,0.884132853,0.775492159,0.007014586,0.001564918,0.601388088,0.993976828,SIRA
47767,817.143,297.5671709,205.6393808,1.447033976,0.722789005,48461,246.6147468,0.761275619,0.985679206,0.898962759,0.828770009,0.006229555,0.001812896,0.686859727,0.993909362,SIRA
50879,848.549,326.9410362,198.5862115,1.646343086,0.794390942,51307,254.5214231,0.696171529,0.991658058,0.887962405,0.778493352,0.006425854,0.001455896,0.606051898,0.997769353,SIRA
52968,924.79,387.708889,174.7193865,2.219037605,0.892702836,53585,259.6939587,0.677097714,0.988485584,0.778282363,0.669816881,0.007319681,0.000908859,0.448654654,0.995581549,HOROZ
64116,1008.614,406.6034935,201.66292,2.016253129,0.868339958,64861,285.7184395,0.619298754,0.988513899,0.79200204,0.702695486,0.006341685,0.000953791,0.493780946,0.995587378,HOROZ
36118,707.575,268.5289965,171.830508,1.562755063,0.768461901,36513,214.4454846,0.70460398,0.989181935,0.906543394,0.798593401,0.007434769,0.001865306,0.637751421,0.996649262,DERMASON
44522,784.973,296.3863498,191.9265767,1.544269454,0.762018388,44897,238.0906781,0.790167717,0.991647549,0.90797751,0.803311888,0.006657076,0.001710016,0.645309989,0.996532504,SIRA
54128,937.48,386.0062134,179.2076792,2.153960227,0.885698373,54850,262.5222087,0.813318909,0.986836828,0.773940942,0.680098402,0.007131359,0.000941107,0.462533836,0.996279486,HOROZ
22745,562.893,196.689945,147.6420864,1.332207839,0.66071867,23132,170.1758897,0.740638229,0.983269929,0.902078037,0.865198726,0.008647612,0.002989093,0.748568835,0.99724927,DERMASON
37386,710.826,260.5512655,183.116227,1.422873711,0.711384465,37751,218.1772986,0.715220386,0.990331382,0.929805811,0.837368025,0.00696922,0.002113632,0.701185209,0.997698001,DERMASON
33686,678.056,246.4267581,174.4051059,1.412956099,0.70647693,34106,207.0998486,0.790194699,0.987685451,0.920721282,0.840411367,0.007315406,0.002251054,0.706291266,0.997958552,DERMASON
25642,592.4,216.8463443,151.0528411,1.435566142,0.717470111,26019,180.6887058,0.801888858,0.985510588,0.918188101,0.833256868,0.008456686,0.002514754,0.694317009,0.996737989,DERMASON
78522,1076.493,430.9666283,233.047703,1.849263575,0.841179628,79158,316.1918967,0.816101272,0.991965436,0.851488519,0.733680698,0.005488483,0.000980981,0.538287367,0.99543522,CALI
25306,589.45,220.5987438,146.1876275,1.50901104,0.748897654,25639,179.5009747,0.773694509,0.987011974,0.915249338,0.813698988,0.008717251,0.002357298,0.662106044,0.99912533,DERMASON
128118,1360.135,504.0249642,325.6784474,1.54761535,0.763205878,129274,403.8872417,0.782247133,0.991057753,0.870273946,0.801323883,0.003934068,0.001000585,0.642119966,0.993754716,BOMBAY
75507,1063.461,414.6505451,233.9163334,1.772644685,0.825686772,76890,310.0620878,0.70212944,0.982013266,0.838984513,0.747767226,0.005491551,0.001059109,0.559155824,0.9911846,CALI
68008,996.629,371.7058809,234.4417579,1.58549349,0.776011749,69070,294.2625952,0.725465096,0.984624294,0.860404805,0.791654398,0.00546562,0.001324225,0.626716685,0.993655224,CALI
76246,1103.271,384.0908865,254.2119629,1.510907992,0.749633056,77508,311.5757088,0.770792264,0.98371781,0.787159105,0.811203077,0.005037522,0.001345597,0.658050431,0.994253656,BARBUNYA
71703,1088.317,372.3093685,246.4826821,1.510488953,0.749470906,73141,302.150782,0.774665082,0.980339345,0.760740197,0.811558364,0.005192382,0.001389394,0.658626978,0.994848775,BARBUNYA
45137,774.785,272.9422702,210.7777727,1.294929094,0.63532721,45520,239.7294586,0.769101009,0.991586116,0.944887593,0.878315618,0.006046974,0.002219833,0.771438324,0.99895793,SEKER
58078,935.784,352.7123243,211.0881507,1.670924318,0.801144357,58934,271.9323561,0.722120681,0.985475277,0.833432219,0.77097492,0.00607308,0.001323579,0.594402327,0.993201304,BARBUNYA
44466,794.113,295.0061877,192.5444192,1.532146135,0.757634337,44975,237.9408952,0.703219889,0.988682601,0.88608078,0.806562388,0.006634422,0.001731947,0.650542886,0.996726768,SIRA
74071,1049.938,415.0111378,229.294414,1.809948749,0.833511683,74997,307.0995381,0.776116432,0.987652839,0.844366051,0.739979027,0.005602883,0.001036261,0.547568961,0.991071756,CALI
26713,601.382,217.7903421,156.6326583,1.390452952,0.694813354,27007,184.4235559,0.791871702,0.989113933,0.928178871,0.846794004,0.008152972,0.002585871,0.717060085,0.997038312,DERMASON
50523,885.288,360.7624173,179.3451436,2.011553868,0.867677145,51122,253.6294177,0.806329599,0.988282931,0.810083599,0.70303725,0.007140558,0.001076032,0.494261374,0.99423338,HOROZ
76416,1037.519,392.5020791,249.4381429,1.573544746,0.772094427,77162,311.9228639,0.758463936,0.990332029,0.892076394,0.794703724,0.005136386,0.001263742,0.631554009,0.993778492,CALI
52961,909.106,364.0186631,189.9490931,1.916401164,0.853060871,54429,259.6767982,0.615925848,0.973029084,0.805261606,0.713361222,0.006873334,0.001097957,0.508884232,0.975226335,HOROZ
34741,688.336,254.1394924,174.7584545,1.45423289,0.726044453,35090,210.3178904,0.767316017,0.990054146,0.921406373,0.827568704,0.007315261,0.002116537,0.68486996,0.995960421,DERMASON
47201,816.99,305.0704829,198.0033386,1.540734035,0.760753185,47733,245.1493009,0.689317269,0.988854671,0.888643528,0.803582499,0.006463221,0.001662458,0.645744832,0.994921041,SIRA
47248,862.652,355.814153,170.2606043,2.089820805,0.878082143,47697,245.2713233,0.603954954,0.99058641,0.797851428,0.689324247,0.007530777,0.001048851,0.475167918,0.993015801,HOROZ
26821,616.335,238.4687667,143.7002578,1.659487397,0.798046615,27114,184.7959898,0.760879433,0.989193774,0.887260543,0.774927435,0.008891121,0.001977791,0.60051253,0.996542975,DERMASON
168165,1588.556,614.8503149,350.5733646,1.753842069,0.821522035,170374,462.7248946,0.813523163,0.987034407,0.837414386,0.752581374,0.003656232,0.000723481,0.566378724,0.993338833,BOMBAY
48343,895.913,383.7175553,160.7264712,2.387394886,0.908047776,48920,248.0971973,0.613412004,0.988205233,0.756853433,0.646562019,0.007937396,0.000855655,0.418042444,0.998032394,HOROZ
38376,725.063,267.0181216,183.5968536,1.454371992,0.726106739,38757,221.047146,0.777597666,0.990169518,0.917314128,0.827835746,0.006957946,0.002015754,0.685312023,0.996698612,DERMASON
46549,802.162,298.5930059,199.1409119,1.499405638,0.745119542,47008,243.4502569,0.713197892,0.990235705,0.909067329,0.815324713,0.006414595,0.001748523,0.664754388,0.996736477,SIRA
48767,864.474,349.0372067,179.0170665,1.949742633,0.858455409,49323,249.1828102,0.616632527,0.988727369,0.820034326,0.71391475,0.007157242,0.001146861,0.50967427,0.993733654,HOROZ
40251,755.91,285.2356657,180.2157124,1.582745822,0.775120534,40738,226.3827841,0.774772867,0.988045559,0.885210093,0.793669275,0.007086424,0.001734464,0.629910918,0.996988874,SIRA
35152,711.89,265.1925197,169.6885131,1.562819515,0.768483875,35769,211.5583051,0.693415394,0.982750426,0.871633912,0.797753667,0.007544166,0.001884804,0.636410914,0.994595396,SIRA
33913,681.169,253.8906312,170.4536396,1.489499619,0.741125599,34267,207.7964694,0.737656066,0.989669361,0.918472852,0.818448749,0.007486528,0.002072174,0.669858354,0.997753763,DERMASON
54314,925.054,368.7790787,191.6399818,1.924332675,0.854372748,56010,262.9728743,0.678585707,0.969719693,0.79760429,0.713090545,0.006789761,0.001082961,0.508498126,0.978519559,HOROZ
46132,785.214,263.0752199,223.872677,1.175110887,0.52519239,46785,242.3573533,0.768098568,0.986042535,0.940234275,0.921247366,0.005702662,0.002533742,0.848696709,0.997312742,SEKER
53495,917.24,375.5473574,182.133928,2.06192971,0.874523809,54205,260.9826612,0.632134332,0.986901577,0.799018959,0.694939416,0.007020233,0.001009995,0.482940792,0.995789967,HOROZ
33679,689.062,264.2901176,162.8385293,1.623019557,0.787640159,34067,207.0783297,0.796532804,0.988610679,0.891358584,0.783526571,0.007847327,0.001824385,0.613913888,0.996394246,DERMASON
27362,603.342,215.3632076,162.6438858,1.324139586,0.655485926,27645,186.650423,0.808139878,0.989763067,0.944562251,0.866677392,0.007870887,0.00273926,0.751129701,0.994600572,DERMASON
31846,657.514,238.9091393,170.0041557,1.405313525,0.702600037,32189,201.364313,0.743370682,0.989344186,0.925666924,0.842848932,0.007502014,0.002335375,0.710394323,0.99832675,DERMASON
31033,649.385,236.3047107,167.76499,1.40854603,0.704250118,31416,198.7773699,0.751477141,0.98780876,0.924760178,0.84119089,0.007614627,0.002351834,0.707602114,0.996690148,DERMASON
43874,790.864,301.4945475,186.549139,1.616166921,0.785589556,44410,236.3516697,0.68294885,0.987930646,0.881482066,0.78393348,0.006871827,0.001600917,0.6145517,0.993218129,SIRA
33978,667.754,241.5791627,179.3886182,1.346680548,0.66977223,34287,207.9955126,0.757085561,0.990987838,0.957579146,0.860982836,0.00710987,0.002410013,0.741291443,0.998282767,DERMASON
31746,661.676,241.9665261,167.461571,1.444907776,0.721815346,32126,201.0479112,0.723209404,0.988171574,0.911188251,0.830891423,0.007621953,0.002240903,0.690380556,0.997536235,DERMASON
38216,720.979,269.4453393,181.1652866,1.487290111,0.740220878,38640,220.5858618,0.786434539,0.989026915,0.923867866,0.818666459,0.00705059,0.001953589,0.670214771,0.996803801,SIRA
82950,1111.235,426.1205902,249.6289112,1.707016179,0.810442979,84409,324.9849539,0.77789448,0.982715113,0.844139905,0.762659588,0.005137078,0.001072059,0.581649647,0.992885359,CALI
34014,679.824,250.3738108,173.3372172,1.444431928,0.721596669,34338,208.10567,0.813809934,0.990564389,0.924856997,0.831179864,0.007360905,0.00216716,0.690859966,0.997900192,DERMASON
37771,712.802,242.6482986,198.5437169,1.222140405,0.574881622,38155,219.2978131,0.748592833,0.989935788,0.93417992,0.903768188,0.006424196,0.002643789,0.816796937,0.99824054,SEKER
183410,1635.855,614.4548917,384.2737319,1.599003108,0.780312618,185080,483.2441049,0.754252204,0.990976875,0.86127782,0.786459855,0.003350171,0.000790593,0.618519103,0.989013968,BOMBAY
46316,879.449,345.658035,172.3715198,2.005308274,0.866788212,47252,242.8402,0.716965944,0.980191315,0.752522675,0.702544641,0.007463037,0.001121479,0.493568972,0.989757944,HOROZ
65908,990.132,361.1048099,233.0238408,1.54964749,0.763922457,66692,289.6837446,0.71800682,0.988244467,0.844815365,0.802215137,0.005478922,0.001399711,0.643549126,0.997274288,BARBUNYA
45167,808.98,301.9347082,191.7693079,1.574468362,0.772401128,45807,239.8091127,0.711425781,0.986028336,0.867272428,0.794241623,0.006684852,0.0016409,0.630819756,0.993205748,SIRA
32314,663.884,247.4085741,166.732697,1.483863564,0.738807605,32657,202.8385137,0.709013516,0.989496892,0.921332053,0.819852402,0.00765639,0.002133764,0.672157961,0.997390708,DERMASON
55617,920.148,376.490989,189.2083281,1.989822503,0.864543852,56363,266.1085563,0.785717313,0.986764367,0.825471437,0.706812551,0.006769351,0.001042183,0.499583982,0.99408345,HOROZ
30619,672.851,227.1528828,172.0958276,1.319920918,0.652694567,31210,197.4470097,0.807676075,0.981063762,0.849890671,0.869225199,0.00741869,0.002612379,0.755552446,0.997269478,DERMASON
40462,733.598,248.2216581,207.7497855,1.194810659,0.547275239,40843,226.9753697,0.792005951,0.990671596,0.94480228,0.914405985,0.006134686,0.002645625,0.836138305,0.999026959,SEKER
54088,948.654,381.6030998,181.2717506,2.105143789,0.879971256,54923,262.4251903,0.690038783,0.984796897,0.755257597,0.687691453,0.007055227,0.000973342,0.472919535,0.995563622,HOROZ
34703,676.387,230.7693155,191.7626609,1.203411104,0.556315398,35025,210.2028352,0.77323975,0.990806567,0.953205151,0.910878618,0.006649838,0.002823793,0.829699856,0.99847002,SEKER
65144,974.566,368.2026409,226.9820111,1.622166616,0.787386627,66001,287.9998557,0.77937429,0.987015348,0.861909711,0.782177594,0.005652134,0.00130501,0.611801788,0.992444437,CALI
40548,737.736,266.8840826,193.7009572,1.377814991,0.687919654,40969,227.2164542,0.730239343,0.989723938,0.93621878,0.851367575,0.00658193,0.002133052,0.724826748,0.998677159,DERMASON
45670,788.865,294.6471356,197.8137453,1.489518007,0.741133107,46048,241.1407266,0.704468679,0.991791174,0.922222046,0.818405128,0.006451656,0.001785354,0.669786953,0.997659727,SEKER
31561,651.027,234.7007196,171.7635206,1.366417729,0.681475828,31856,200.4612513,0.808737988,0.990739578,0.935755996,0.854114344,0.007436416,0.002441223,0.729511313,0.996817192,DERMASON
30523,651.045,246.5474853,157.9002434,1.561412953,0.768003567,30863,197.137238,0.785298961,0.988983573,0.904930164,0.799591356,0.008077433,0.002036693,0.639346336,0.998283651,DERMASON
32061,670.265,259.0224855,157.9466356,1.639936708,0.792571008,32383,202.042899,0.768406672,0.990056511,0.896796375,0.780020694,0.008079052,0.001844865,0.608432284,0.997790436,DERMASON
46323,782.327,262.0060272,225.6030472,1.161358547,0.508502481,46742,242.8585503,0.774917194,0.991035899,0.951108151,0.926919708,0.005656068,0.002575508,0.859180145,0.997816205,SEKER
60045,974.654,343.550841,223.5238431,1.536976262,0.75939649,61177,276.4989484,0.728171235,0.981496314,0.794302216,0.804826871,0.005721556,0.001480825,0.647746292,0.995570676,BARBUNYA
31412,655.388,247.1958039,162.1519876,1.524469774,0.754790633,31771,199.9875011,0.798069106,0.988700387,0.918985126,0.809024659,0.00786947,0.002079564,0.6545209,0.997797328,DERMASON
37590,721.953,277.8086923,172.8381026,1.607334772,0.782899709,37944,218.7717406,0.796904812,0.990670462,0.906284055,0.787490625,0.007390495,0.001753214,0.620141484,0.996774971,SIRA
40369,760.189,276.6144812,186.1248499,1.486177054,0.739763168,40986,226.7143736,0.727749635,0.984946079,0.87783864,0.819604138,0.006852151,0.001907319,0.671750944,0.998340839,DERMASON
42600,776.305,283.7426418,191.9858035,1.477935538,0.736332844,43165,232.8948359,0.778508772,0.986910692,0.888289843,0.820796037,0.006660625,0.001864815,0.673706135,0.995694239,SIRA
90481,1198.799,409.7641323,281.977795,1.453178724,0.725571675,92264,339.4171287,0.791146047,0.98067502,0.791178564,0.828323179,0.004528731,0.00131509,0.686119289,0.997053952,BARBUNYA
191366,1681.844,642.8971264,383.3926337,1.676863533,0.802723457,193330,493.6139774,0.784119778,0.989841204,0.850165002,0.767796211,0.003359516,0.000720179,0.589511021,0.988529534,BOMBAY
41239,763.911,292.3460259,179.9561481,1.624540362,0.788091017,41657,229.1443335,0.723186728,0.989965672,0.888039865,0.783812035,0.007089067,0.001650504,0.614361306,0.998054739,DERMASON
36374,702.404,261.1393907,177.8936841,1.467952008,0.732077662,36757,215.2041245,0.75913597,0.989580216,0.926460642,0.824096755,0.007179287,0.002042556,0.679135461,0.996938264,DERMASON
60427,975.052,389.5320302,200.6184292,1.941656267,0.857175627,61767,277.3770826,0.767892543,0.978305568,0.79870305,0.712077727,0.006446324,0.001022354,0.507054689,0.984525915,CALI
34523,673.987,231.9170486,189.734176,1.22232617,0.575058574,34878,209.6569789,0.785863874,0.989821664,0.955026346,0.904017105,0.006717755,0.002767646,0.817246926,0.998942305,SEKER
45620,800.984,307.3458406,189.9271884,1.618229824,0.786210171,46121,241.0086887,0.780109099,0.989137269,0.893547128,0.784161218,0.006737086,0.001571351,0.614908816,0.995063784,SIRA
53233,893.511,329.9691255,206.3756837,1.59887599,0.780272765,54022,260.3427754,0.68915385,0.985394839,0.837897701,0.788991318,0.006198582,0.001481703,0.6225073,0.995311976,SIRA
56693,933.372,304.4774001,237.5330527,1.281831714,0.625612942,57737,268.6703733,0.777425813,0.981918008,0.817767348,0.882398409,0.005370635,0.002008465,0.778626952,0.99806872,SEKER
44280,786.695,288.0018239,196.3956522,1.466436862,0.731422077,44769,237.4427237,0.698268521,0.989077263,0.899093165,0.824448681,0.006504106,0.001853625,0.679715627,0.996760051,SIRA
58554,977.608,406.44027,185.8345092,2.18710869,0.889351236,59387,273.0444438,0.799262899,0.985973361,0.769904643,0.67179476,0.00694129,0.0008721,0.4513082,0.987060087,HOROZ
26582,618.13,224.9146519,152.0666976,1.479052649,0.736802116,27097,183.9707954,0.751413388,0.980994206,0.874254495,0.817958252,0.008461164,0.002336331,0.669055702,0.989568608,DERMASON
49678,840.472,322.4553663,197.4530829,1.633073344,0.790592704,50291,251.4994913,0.788539683,0.98781094,0.883746014,0.779951328,0.006490909,0.001481683,0.608324074,0.99343783,SIRA
40906,732.558,257.9461696,202.1525866,1.275997374,0.621138677,41246,228.2173017,0.774910965,0.991756776,0.957883841,0.884747783,0.006305827,0.002383416,0.78277864,0.998823488,SEKER
38750,737.923,276.3073371,178.9101076,1.54439199,0.762062046,39238,222.1216612,0.78568532,0.987563077,0.894251088,0.80389346,0.007130512,0.001836938,0.646244695,0.99805513,DERMASON
36069,700.611,258.6132909,178.148297,1.451674224,0.724894607,36468,214.29997,0.712488148,0.989058901,0.923400409,0.828650257,0.00716996,0.002085363,0.686661249,0.996808436,DERMASON
40861,738.479,258.2850953,202.0524869,1.278306935,0.622921019,41373,228.0917382,0.784009363,0.987624779,0.941548195,0.88310066,0.006321066,0.002371434,0.779866776,0.996909109,SEKER
28788,638.503,243.2529008,151.1621769,1.609218032,0.783477754,29118,191.4523962,0.682180095,0.988666804,0.887351063,0.787050825,0.008449802,0.002000034,0.619449001,0.996828502,DERMASON
39900,756.421,292.0864695,175.1400879,1.667730518,0.800286914,40361,225.3935621,0.663010967,0.988578083,0.876305636,0.771667248,0.007320463,0.001601174,0.595470341,0.993084061,SIRA
82998,1186.993,392.1350204,272.2095469,1.44056307,0.719808193,84544,325.0789685,0.787726358,0.981713664,0.740254704,0.828997543,0.004724632,0.001376451,0.687236926,0.990008136,BARBUNYA
33557,685.502,254.5801408,168.0796138,1.514640205,0.751069805,34018,206.7029255,0.72265053,0.986448351,0.897378251,0.811936567,0.007586499,0.002033806,0.659240989,0.998512906,DERMASON
160141,1531.84,560.1979114,367.032833,1.52628828,0.755469149,162846,451.5504999,0.793393875,0.983389214,0.857601612,0.806055308,0.003498154,0.000910915,0.649725159,0.991667895,BOMBAY
30654,665.333,222.27489,176.9758888,1.255961428,0.605029841,31200,197.5598264,0.825630252,0.9825,0.870199617,0.888808567,0.007251089,0.002791361,0.789980668,0.992185248,DERMASON
43266,772.889,287.0127137,193.0071437,1.487057464,0.740125318,43691,234.7082916,0.776489591,0.990272596,0.910169666,0.8177627,0.006633678,0.001829967,0.668735833,0.994448612,SIRA
58566,967.382,397.3698488,188.4372785,2.108764528,0.880411057,59305,273.0724211,0.68195156,0.987538993,0.786428824,0.68719965,0.006784992,0.000933385,0.472243359,0.995850045,HOROZ
75810,1043.229,393.0424863,247.1105818,1.590553037,0.777638121,76802,310.6835848,0.80557238,0.98708367,0.875340572,0.790458018,0.005184573,0.001248556,0.624823879,0.993815518,CALI
63965,1027.602,409.3812775,201.0118237,2.036602972,0.87115184,65081,285.3817925,0.67867374,0.982852138,0.761206322,0.697105139,0.006400083,0.000932306,0.485955575,0.989698569,HOROZ
114858,1300.819,512.7366417,287.561719,1.783049022,0.827926189,115826,382.4156739,0.688712734,0.991642636,0.852977097,0.745832544,0.004464092,0.000852076,0.556266184,0.991849875,CALI
33903,684.459,256.8778802,168.5016179,1.524483168,0.754795641,34340,207.7658304,0.716856261,0.987274316,0.909396162,0.808811682,0.007576848,0.002000129,0.654176337,0.997280815,DERMASON
55773,968.988,347.9202426,204.4911912,1.701394767,0.809040374,57047,266.4814987,0.765376698,0.977667537,0.746443726,0.765926974,0.006238148,0.001324296,0.58664413,0.998113252,BARBUNYA
54960,932.504,370.4222594,190.0218576,1.949366584,0.858396289,55675,264.5321254,0.64213109,0.987157611,0.794246265,0.714136688,0.006739852,0.001081323,0.509991209,0.994159821,HOROZ
95806,1199.725,476.8790322,256.9430816,1.855971483,0.842432829,96482,349.2620618,0.819092728,0.992993512,0.8364484,0.732391316,0.004977549,0.000883422,0.536397039,0.995537609,CALI
27836,629.843,241.0943992,147.336671,1.636350255,0.791540967,28143,188.2601816,0.695865207,0.989091426,0.881763419,0.780856719,0.008661244,0.001986303,0.609737216,0.997743649,DERMASON
31367,652.205,237.5303128,168.7997819,1.407171918,0.703550544,31752,199.8442013,0.754377104,0.98787478,0.926647589,0.841341886,0.007572618,0.002340539,0.707856169,0.996075322,DERMASON
57469,944.771,366.9991984,201.680586,1.819705137,0.835467682,58482,270.5028713,0.651842022,0.982678431,0.809078007,0.737066654,0.006386038,0.001162621,0.543267253,0.988586211,HOROZ
29569,634.686,227.9803771,165.8994671,1.374208013,0.685904178,29964,194.0320079,0.808514711,0.986817514,0.9224199,0.851090828,0.007710115,0.002495423,0.724355598,0.995415267,DERMASON
56069,932.592,374.0643532,191.5440162,1.952889788,0.858948688,56798,267.1877019,0.776578947,0.987165041,0.810119905,0.714282715,0.0066715,0.001071233,0.510199797,0.996363974,HOROZ
37063,720.32,266.2418972,177.9844971,1.495871279,0.743706103,37522,217.232772,0.695626877,0.987767177,0.897634399,0.815922566,0.007183496,0.001963864,0.665729634,0.995845839,DERMASON
55552,954.895,389.520962,182.1397016,2.138583508,0.883940587,56468,265.9530094,0.627706215,0.983778423,0.765593653,0.682769441,0.007011826,0.000939955,0.466174109,0.996952262,HOROZ
82038,1107.55,421.6557253,250.3074429,1.684551288,0.804738188,83311,323.1934804,0.707712215,0.984719905,0.840423612,0.766486641,0.005139761,0.001094312,0.58750177,0.989676864,CALI
36534,707.902,266.0706778,175.3168893,1.517655708,0.752220931,36946,215.6769193,0.795947712,0.98884859,0.916137815,0.810600105,0.007282824,0.001939573,0.65707253,0.997209876,DERMASON
28912,630.948,233.888155,157.7573468,1.482581697,0.738275682,29305,191.8642794,0.795597138,0.986589319,0.912642866,0.820324909,0.008089657,0.002259714,0.672932956,0.997678084,DERMASON
60153,946.769,373.5285522,206.3888199,1.809829391,0.833487529,60790,276.7474992,0.815081301,0.989521303,0.843294168,0.740900522,0.006209641,0.001154213,0.548933583,0.993476133,HOROZ
77559,1070.102,418.6934168,237.6170993,1.762050871,0.823359263,78389,314.2470141,0.754464981,0.98941178,0.851121798,0.750542047,0.005398386,0.001056681,0.563313364,0.992586804,CALI
66354,1007.809,342.8486934,247.0840998,1.38757894,0.693268161,67573,290.6622383,0.769553721,0.98196025,0.820957184,0.847785755,0.005166963,0.001646492,0.718740686,0.997309439,BARBUNYA
40248,725.14,256.4383641,200.0144013,1.282099501,0.625816077,40570,226.3743475,0.757894737,0.992063101,0.961856854,0.882763187,0.006371456,0.002386686,0.779270844,0.99910276,SEKER
31386,662.699,253.5335998,158.0406592,1.604230209,0.78194141,31698,199.9047182,0.709769335,0.990157108,0.898076234,0.788474263,0.00807792,0.001925881,0.621691663,0.997336547,DERMASON
31289,647.136,240.1355453,166.1431134,1.44535359,0.722019964,31637,199.5955714,0.760549344,0.989000221,0.938880733,0.831178788,0.007674759,0.002259552,0.690858177,0.998534346,DERMASON
48078,824.228,305.2695513,201.4339013,1.515482495,0.751392207,48604,247.4162703,0.684696232,0.989177845,0.889327106,0.810484601,0.006349464,0.001690036,0.656885288,0.995498155,SIRA
31301,660.804,255.2912598,156.5817923,1.630401952,0.789814581,31659,199.6338423,0.782407639,0.988691999,0.900788328,0.781984634,0.00815601,0.001881267,0.611499967,0.996990741,DERMASON
45726,811.461,269.9139515,216.7664062,1.245183496,0.595851698,46322,241.2885232,0.78090684,0.987133543,0.872645337,0.893946096,0.005902855,0.002325344,0.799139623,0.995075469,SEKER
49848,805.584,270.6473214,234.714171,1.153093229,0.49790328,50183,251.9294441,0.789934077,0.993324433,0.965241394,0.930840338,0.005429452,0.002514413,0.866463735,0.999113466,SEKER
52169,894.114,368.8657268,180.4884574,2.043708125,0.872111799,52592,257.7278289,0.700631211,0.991956952,0.820042925,0.698703648,0.007070592,0.00103946,0.488186788,0.997711304,HOROZ
53576,935.254,397.7631863,172.2405901,2.309346397,0.901382894,54159,261.1801712,0.615130257,0.989235399,0.76969914,0.656622282,0.007424279,0.000851327,0.431152822,0.995681216,HOROZ
41780,744.211,257.1975541,207.0124766,1.242425376,0.593441243,42194,230.6424683,0.763077148,0.990188178,0.947951526,0.896752184,0.006155997,0.002455658,0.804164479,0.999114355,SEKER
48598,813.192,301.3699872,206.0170445,1.462840067,0.729855243,49088,248.7506691,0.758537804,0.990017927,0.923510985,0.825399607,0.006201284,0.001775491,0.681284512,0.996610281,SEKER
81910,1103.621,432.4941873,244.2091145,1.770999367,0.825328454,83523,322.9412502,0.742678393,0.980687954,0.84509762,0.746695007,0.005280115,0.001012502,0.557553434,0.987426778,CALI
41117,734.27,248.8671551,210.5372225,1.182057748,0.533210888,41527,228.8051362,0.775792453,0.990126905,0.958340219,0.919386635,0.006052658,0.002667587,0.845271784,0.999160061,SEKER
47605,824.229,315.0821991,193.6120325,1.627389553,0.788931601,48477,246.1961993,0.792122866,0.982012088,0.880575609,0.781371337,0.006618679,0.001521882,0.610541167,0.993588317,SIRA
32152,654.489,238.3685434,171.9161317,1.386539711,0.692706206,32450,202.329429,0.729334906,0.990816641,0.943220332,0.848809269,0.007413801,0.002373893,0.720477174,0.998970213,DERMASON
73333,1127.766,400.8524277,233.714887,1.715134337,0.81244007,74734,305.5658285,0.761774666,0.981253512,0.724554939,0.762290078,0.005466194,0.001138534,0.581086163,0.996640831,BARBUNYA
39364,714.687,249.3821884,201.1797264,1.239599004,0.590944123,39692,223.8745216,0.78476874,0.99173637,0.968450265,0.897716565,0.006335286,0.002538066,0.805895032,0.998986678,SEKER
32142,908.265,243.527936,172.1234015,1.414845012,0.707422224,33954,202.297962,0.723495251,0.946633681,0.489618256,0.830697149,0.007576627,0.002225495,0.690057753,0.976324769,DERMASON
51815,911.612,376.5700564,176.0775332,2.138660449,0.883949486,52523,256.8519165,0.605364925,0.986520191,0.783511364,0.682082689,0.007267588,0.000970327,0.465236794,0.994983531,HOROZ
36878,707.572,254.6911618,184.854707,1.377791055,0.687906351,37233,216.689935,0.78290591,0.990465447,0.925626856,0.850794874,0.006906317,0.002232162,0.723851918,0.997316698,DERMASON
39992,741.018,278.5575553,183.4946344,1.518069213,0.752378109,40423,225.6532647,0.760188564,0.989337753,0.915219938,0.810077704,0.006965332,0.001850241,0.656225886,0.996196314,SIRA
38089,732.053,266.60833,183.8956229,1.449780728,0.724038577,38826,220.2190296,0.705796242,0.981017875,0.893149964,0.826002059,0.006999615,0.002009918,0.682279402,0.989155528,SIRA
35105,687.922,232.3755601,192.4946821,1.207179116,0.560170279,35508,211.4168258,0.782720178,0.988650445,0.932181424,0.909806632,0.006619443,0.002797677,0.827748108,0.999240229,SEKER
81411,1150.387,397.071487,262.3872615,1.513303217,0.750556657,82770,321.95606,0.725840533,0.983581008,0.77304544,0.810826439,0.004877369,0.0013004,0.657439515,0.994905333,BARBUNYA
27275,605.43,219.9207362,158.4897957,1.387601866,0.693280539,27604,186.3534507,0.752538351,0.988081437,0.935075653,0.847366437,0.008063088,0.002564285,0.718029879,0.996339599,DERMASON
44738,798.099,293.9916683,194.417472,1.512166912,0.750119186,45304,238.6675318,0.707767758,0.987506622,0.882618235,0.811817332,0.006571408,0.001760644,0.659047381,0.996589643,SIRA
37583,717.057,259.2028285,185.1352856,1.400072534,0.699891979,38057,218.7513698,0.799638298,0.987544998,0.918531276,0.843938977,0.00689681,0.002158103,0.712232996,0.997177856,DERMASON
25276,600.507,224.4821311,145.969269,1.537872544,0.759721205,25798,179.3945449,0.727995392,0.979765873,0.880809646,0.79914844,0.008881236,0.002234411,0.638638229,0.982144198,DERMASON
34513,690.576,257.9915932,170.6310975,1.511984609,0.750048885,34852,209.6266119,0.788526126,0.990273155,0.909430706,0.812532723,0.0074752,0.002009861,0.660209427,0.998226492,DERMASON
33113,683.142,258.2891098,163.5512757,1.579254632,0.773979945,33501,205.3309062,0.760274602,0.988418256,0.891633587,0.794965403,0.007800233,0.001921676,0.631969992,0.998041537,DERMASON
72779,1065.022,361.2907741,258.664936,1.396752029,0.698154946,74246,304.4094296,0.729153517,0.98024136,0.806303955,0.842560761,0.004964217,0.001543247,0.709908636,0.991566328,BARBUNYA
40695,730.309,256.9121046,201.8861475,1.27255935,0.61845786,41014,227.6279492,0.759518477,0.992222168,0.958821163,0.886014887,0.006313112,0.002399868,0.785022379,0.998987568,SEKER
50487,835.946,311.6093704,206.4985208,1.509015024,0.748899202,50978,253.5390402,0.713042864,0.990368394,0.907889474,0.813643825,0.006172071,0.001668584,0.662016275,0.998992505,SEKER
46704,813.324,295.3600895,203.0207835,1.454826863,0.726310254,47182,243.8552433,0.701735407,0.989869018,0.887231119,0.825620157,0.006324086,0.001812586,0.681648643,0.991680757,SIRA
45298,805.407,309.1636307,187.263429,1.650955728,0.79568567,45759,240.1566258,0.796826625,0.989925479,0.877522159,0.776794558,0.006825106,0.0015329,0.603409785,0.99620284,SIRA
52593,903.642,363.870729,185.0580946,1.966251354,0.861013573,53257,258.7730422,0.701464469,0.987532155,0.809366067,0.711167515,0.006918615,0.001091658,0.505759235,0.99444978,HOROZ
36813,691.769,243.007473,193.3256032,1.256985463,0.605882494,37100,216.4988854,0.778303981,0.992264151,0.966693687,0.890914517,0.006601132,0.002565325,0.793728676,0.997705408,SEKER
37500,728.191,275.840463,173.8182658,1.586947504,0.776481079,37944,218.5096861,0.703406363,0.988298545,0.888690459,0.792159655,0.007355746,0.001786723,0.62751692,0.995836409,DERMASON
38670,711.562,245.5214698,200.8051418,1.222685174,0.575400165,39010,221.8922558,0.763625592,0.991284286,0.95975093,0.903759073,0.006349146,0.002612797,0.816780461,0.998665361,SEKER
38095,707.285,249.072897,194.9295706,1.277758404,0.622499041,38413,220.2363741,0.776608974,0.991721553,0.956949338,0.884224565,0.006538204,0.002465407,0.781853082,0.999019346,SEKER
93120,1153.583,445.3375478,269.9330958,1.649807136,0.795364482,94679,344.3313323,0.768798917,0.983533835,0.879336573,0.773191782,0.004782405,0.001054326,0.597825532,0.986296829,CALI
26144,624.429,239.030731,139.827446,1.709469334,0.811049983,26560,182.4488275,0.808410637,0.984337349,0.84258897,0.763286071,0.009142852,0.001914304,0.582605626,0.995946452,DERMASON
153971,1476.91,543.4833657,362.8924628,1.497643025,0.744416235,155410,442.7662656,0.815295494,0.990740622,0.887034951,0.814682276,0.003529777,0.000959136,0.663707211,0.993996476,BOMBAY
52288,909.031,381.0590166,175.1733074,2.175325809,0.888073622,52904,258.0216063,0.605914527,0.988356268,0.795159967,0.677117179,0.007287695,0.000944986,0.458487674,0.99736007,HOROZ
52210,861.858,331.8370259,201.4842406,1.646962685,0.794565614,52818,257.8290841,0.818903319,0.988488773,0.88326724,0.776975033,0.006355814,0.001428825,0.603690202,0.994255236,SIRA
72725,1017.952,399.7244428,232.6229912,1.718335926,0.813218567,73168,304.296477,0.746540609,0.993945441,0.881939906,0.761265623,0.005496383,0.00113868,0.579525349,0.995819226,CALI
41863,754.738,264.7545345,202.1420334,1.309745084,0.645799136,42324,230.8714514,0.784112832,0.989107835,0.923523133,0.872020764,0.006324309,0.002255798,0.760420212,0.995956635,SEKER
81511,1102.379,426.7298799,244.238197,1.747187316,0.8200105,82369,322.1537343,0.773202428,0.98958346,0.842877037,0.754935967,0.005235243,0.001048955,0.569928314,0.99577152,CALI
74056,1043.271,397.6397877,238.8258183,1.664978228,0.799543297,74857,307.0684414,0.812195657,0.989299598,0.855019154,0.772227657,0.005369447,0.001177852,0.596335554,0.992885713,CALI
59936,922.98,295.4328604,259.7326001,1.137450056,0.476527657,60869,276.2478694,0.834159105,0.984672001,0.884123713,0.935061418,0.004929139,0.002324403,0.874339855,0.994517917,BARBUNYA
35742,715.642,271.8202285,168.9010797,1.609345713,0.783516856,36323,213.3263411,0.80246969,0.984004625,0.87699491,0.784806717,0.007605065,0.001779646,0.615921583,0.991230759,DERMASON
171994,1534.393,568.3886482,387.3556881,1.467355884,0.731820039,173315,467.9632061,0.783425419,0.99237804,0.918015352,0.823315539,0.0033047,0.00093665,0.677848476,0.99464495,BOMBAY
34832,694.283,255.4977282,174.0139583,1.468259964,0.732210591,35252,210.5931619,0.774767561,0.988085782,0.908061396,0.82424671,0.007335144,0.002088417,0.679382639,0.997510329,DERMASON
47104,834.12,315.2805872,190.7496455,1.652850187,0.796213685,47800,244.8972754,0.712983986,0.985439331,0.850766897,0.776759767,0.006693287,0.001503025,0.603355736,0.99725664,SIRA
35215,711.318,269.1178308,167.0956931,1.610561144,0.78388851,35600,211.7477994,0.765244035,0.989185393,0.874600979,0.786821887,0.007642136,0.001806759,0.619088682,0.997080176,SIRA
30545,651.016,239.356224,163.1079262,1.467471444,0.731870011,30898,197.2082703,0.705736928,0.988575312,0.90566309,0.823911186,0.007836183,0.00222744,0.678829642,0.996163115,DERMASON
48095,874.205,366.3137556,168.4059951,2.175182394,0.888057932,48787,247.4600087,0.827398156,0.985815894,0.790830155,0.675541131,0.007616462,0.000978454,0.45635582,0.992657144,HOROZ
25993,607.719,224.0804819,148.2317481,1.511690207,0.749935287,26340,181.9211793,0.708796902,0.98682612,0.88442425,0.811856427,0.008620801,0.002310172,0.659110857,0.996371428,DERMASON
42883,752.306,258.7003767,211.2291737,1.22473791,0.577343706,43202,233.667138,0.786439994,0.992616083,0.952151318,0.903234626,0.006032702,0.002476817,0.81583279,0.999181346,SEKER
91751,1146.703,445.1761203,264.3705338,1.683909753,0.804571307,92725,341.7908739,0.670870989,0.989495821,0.876836809,0.767765516,0.004852003,0.001039957,0.589463888,0.99260399,CALI
31410,665.924,253.1598882,158.1892467,1.600360919,0.780737581,31904,199.9811344,0.732594752,0.984516048,0.890078818,0.789940049,0.00805985,0.001935901,0.62400528,0.998633664,DERMASON
50683,861.87,336.1397512,192.7412118,1.743995215,0.81927831,51326,254.0307065,0.733345873,0.987472236,0.857410207,0.755729442,0.006632199,0.001334451,0.571126989,0.996042737,SIRA
43165,755.211,271.8091504,202.578644,1.341746321,0.666732207,43482,234.4341804,0.755729468,0.992709627,0.951053603,0.862495542,0.00629698,0.00214951,0.74389856,0.998123156,SEKER
21405,534.918,191.2029134,143.0215569,1.336881778,0.663688248,21737,165.0869239,0.724414512,0.984726503,0.94004939,0.863412178,0.008932629,0.003062187,0.74548059,0.996619417,DERMASON
46922,830.981,324.1833404,186.3345591,1.739791813,0.818306987,47677,244.4237016,0.695635415,0.984164272,0.853894451,0.753967497,0.006908984,0.001377224,0.568466986,0.989014208,SIRA
74604,1089.456,421.2105687,229.6475812,1.834160702,0.83830048,77074,308.2024708,0.640861767,0.967952876,0.789864486,0.731706405,0.005645952,0.000998308,0.535394263,0.981999116,CALI
43968,763.577,261.8395724,214.330122,1.221664831,0.574427993,44429,236.6047259,0.803200526,0.989623894,0.947634576,0.90362478,0.00595523,0.002449237,0.816537742,0.997535443,SEKER
38194,703.614,243.4245437,199.9769685,1.217262896,0.570186581,38483,220.5223598,0.769326834,0.99249019,0.96947377,0.905916702,0.006373371,0.002647903,0.820685071,0.998989486,SEKER
26466,610.166,222.1737253,152.2590895,1.459182017,0.728246329,26878,183.5689456,0.74480779,0.984671479,0.893309935,0.826240571,0.008394685,0.002413294,0.682673481,0.996144867,DERMASON
44855,799.527,307.1641886,186.6307029,1.645839531,0.794248811,45387,238.9794129,0.740707102,0.988278582,0.881768248,0.778018473,0.006847936,0.001547744,0.605312744,0.996247643,SIRA
50683,905.491,314.9375832,205.4562108,1.532869617,0.757899604,51613,254.0307065,0.769883947,0.981981284,0.776790492,0.806606515,0.00621387,0.001622515,0.650614071,0.997306541,BARBUNYA
44318,800.556,302.1246865,187.628402,1.610228959,0.783787036,44844,237.5445856,0.690247017,0.988270449,0.868973602,0.786246858,0.0068172,0.001607021,0.618184122,0.995417976,SIRA
54694,846.959,298.9429905,233.4474724,1.280557838,0.624643967,55081,263.8911966,0.78651136,0.992973984,0.958130744,0.882747564,0.005465736,0.002047267,0.779243262,0.997866067,SEKER
42094,743.573,267.0707579,201.0317021,1.328500704,0.65833137,42455,231.5075493,0.787569226,0.991496879,0.95671556,0.866839751,0.006344628,0.00220974,0.751411155,0.998250248,SEKER
184245,1671.122,620.9515398,385.1374477,1.612285545,0.784414055,189905,484.3428743,0.725508263,0.970195624,0.829066299,0.780001084,0.003370249,0.000769525,0.608401691,0.980917253,BOMBAY
40461,749.435,273.2820136,189.4472683,1.442522852,0.720716504,41197,226.9725649,0.762839367,0.982134621,0.905270844,0.830543371,0.006754208,0.001982456,0.689802292,0.995055569,SIRA
77003,1080.39,429.3798215,231.6465033,1.853599408,0.841991435,78457,313.1186112,0.732273955,0.981467555,0.829003565,0.729234574,0.005576144,0.000972709,0.531783064,0.985712772,CALI
54434,946.419,392.0469996,179.0746985,2.189293087,0.889585627,55300,263.2632169,0.835030987,0.984339964,0.763683156,0.671509327,0.007202245,0.00090335,0.450924777,0.987206496,HOROZ
63911,998.424,406.0416808,203.4580273,1.995702437,0.865402875,64828,285.2613057,0.792960123,0.985854878,0.805666773,0.702541929,0.006353236,0.000954693,0.493565162,0.985009197,HOROZ
31519,676.641,255.0735621,157.80274,1.616407689,0.785662138,32065,200.3278244,0.758032708,0.982972088,0.865098731,0.785372748,0.008092692,0.001899224,0.616810353,0.997016997,SIRA
37268,714.729,250.0604704,189.9228983,1.31664203,0.650498099,37667,217.8327141,0.751249798,0.989407173,0.916775805,0.871120149,0.00670979,0.002383422,0.758850313,0.999134217,SEKER
40025,725.214,248.4302657,206.0361603,1.20576051,0.558726328,40354,225.7463461,0.771016335,0.991847153,0.956332347,0.908690998,0.006206877,0.002610465,0.82571933,0.995619761,SEKER
54282,879.376,327.5206119,211.5995489,1.547832278,0.763282539,54920,262.8953955,0.760315993,0.988383103,0.882097289,0.802683513,0.006033687,0.001545041,0.644300823,0.99726961,SIRA
43212,780.946,292.2292652,189.0768953,1.545557773,0.762476757,43887,234.561777,0.721932638,0.984619591,0.890373492,0.802663542,0.006762688,0.001731543,0.644268761,0.995754592,SIRA
41847,763.857,286.1000097,187.6363842,1.524757636,0.754898241,42322,230.8273277,0.796660829,0.988776523,0.901259939,0.806806431,0.006836811,0.001786943,0.650936617,0.992520578,SIRA
49386,856.83,344.4956902,183.1572904,1.88087348,0.846952935,49901,250.7592634,0.800797782,0.989679566,0.845326314,0.727902469,0.006975574,0.00120796,0.529842004,0.996565774,HOROZ
54312,926.03,385.2342561,180.5709647,2.133423038,0.883341335,54923,262.9680326,0.601821687,0.988875335,0.795894579,0.682618507,0.007092986,0.000949995,0.465968025,0.99410692,HOROZ
78474,1172.352,423.8044852,236.3142944,1.793393354,0.830108328,80373,316.0952389,0.714634368,0.976372662,0.717496186,0.745851566,0.005400572,0.00103093,0.556294558,0.997654964,BARBUNYA
34591,682.876,244.4706608,180.6684765,1.353145084,0.673684524,34925,209.8633581,0.808559875,0.99043665,0.932157466,0.858439853,0.007067464,0.002367461,0.736918981,0.997158297,DERMASON
37714,728.687,278.2250489,174.4161198,1.595179672,0.779108879,38440,219.1322801,0.752248928,0.981113424,0.892545608,0.787608021,0.007377235,0.001751112,0.620326395,0.989532055,SIRA
29194,627.767,224.6036772,165.7226237,1.355298826,0.674970562,29520,192.7977056,0.745696041,0.98895664,0.930907444,0.85839069,0.007693488,0.002576576,0.736834577,0.998631037,DERMASON
35255,717.672,268.1334659,169.1690742,1.585002857,0.775853025,35860,211.8680253,0.684656167,0.983128834,0.860158683,0.790158828,0.007605544,0.001828806,0.624350974,0.989598078,HOROZ
29634,638.975,240.9320684,156.7984778,1.536571476,0.759249608,29937,194.2451561,0.724778047,0.989878745,0.912078897,0.806223752,0.008130258,0.00211888,0.649996738,0.998766447,DERMASON
76217,1067.935,379.0568007,257.0248846,1.474786386,0.735002587,77190,311.5164496,0.736438827,0.98739474,0.839792659,0.821819973,0.004973389,0.001399391,0.675388068,0.996053127,BARBUNYA
48130,840.554,331.5392572,185.5027974,1.787246671,0.828816947,48617,247.5500339,0.64725659,0.989982928,0.856040846,0.746668844,0.006888412,0.001320721,0.557514363,0.996415689,SIRA
47490,814.313,313.4086044,193.5454778,1.619302129,0.78653164,47843,245.8986498,0.812544913,0.9926217,0.899972621,0.784594444,0.006599465,0.001542657,0.615588442,0.996823675,SIRA
47291,827.422,325.0290757,186.2673085,1.744960392,0.819500191,47888,245.3829075,0.770864576,0.987533411,0.868028998,0.75495679,0.006872958,0.001377247,0.569959754,0.994557196,SIRA
78121,1069.584,412.3801112,242.3737879,1.701422067,0.809047225,78892,315.3834911,0.702185989,0.990227146,0.858119681,0.764788317,0.005278736,0.001113973,0.584901169,0.995163757,CALI
33198,687.953,267.4495915,159.0087648,1.681980185,0.804068013,33583,205.5942762,0.828045495,0.988535866,0.881463324,0.768721594,0.008056196,0.001735346,0.590932889,0.993937409,DERMASON
43873,786.122,293.0074168,191.3081966,1.531598865,0.757433367,44437,236.3489762,0.778511223,0.987307874,0.892128257,0.806631377,0.006678536,0.00174406,0.650654179,0.996541202,SIRA
75211,1051.329,412.3684827,234.5706002,1.757971725,0.822450032,76192,309.4537436,0.750668716,0.987124633,0.855094157,0.750430153,0.005482821,0.001072568,0.563145415,0.989993716,CALI
84973,1111.998,435.5297904,250.374737,1.739511724,0.818241973,86321,328.9239788,0.808665943,0.98438387,0.863540684,0.75522728,0.005125508,0.001028555,0.570368244,0.992162247,CALI
29741,641.815,237.3907688,160.0058987,1.483637608,0.738713971,30077,194.5955223,0.807872005,0.988828673,0.907289125,0.819726577,0.007981936,0.002223126,0.671951661,0.996932755,DERMASON
34912,676.03,230.3106061,193.1139792,1.192614885,0.544911378,35245,210.8348619,0.774376719,0.990551851,0.959958935,0.91543705,0.006596889,0.002857807,0.838024993,0.999441081,SEKER
65170,978.084,380.2564555,220.0316841,1.728189543,0.815582908,66112,288.0573226,0.701386198,0.985751452,0.856062111,0.757534339,0.005834839,0.001185272,0.573858275,0.991735869,BARBUNYA
46813,807.608,282.3025285,212.3613284,1.329349984,0.658880814,47253,244.1396379,0.725884232,0.990688422,0.901934736,0.864815626,0.00603043,0.002080761,0.747906067,0.994228918,SIRA
42116,766.156,291.4779223,184.2718623,1.58178204,0.774806584,42500,231.568039,0.800319246,0.990964706,0.901617987,0.794461677,0.006920836,0.001700709,0.631169356,0.998372352,SIRA
31021,645.054,238.3215147,166.1166801,1.434663361,0.71704427,31317,198.7389341,0.725892126,0.990548265,0.936857445,0.833911006,0.007682586,0.002291744,0.695407566,0.997675756,DERMASON
87843,1160.9,466.2819801,241.9101475,1.927500706,0.854891665,88804,334.432626,0.742544379,0.989178415,0.819082036,0.717232577,0.005308129,0.000866485,0.514422569,0.991549865,CALI
90599,1182.444,432.9544889,266.9800837,1.621673358,0.787239789,91961,339.6383805,0.754614359,0.985189374,0.814276881,0.784466703,0.0047788,0.00111634,0.615388008,0.997958338,BARBUNYA
70644,1035.229,389.680282,236.3196772,1.648954021,0.795125402,72782,299.9112109,0.699500951,0.970624605,0.828346968,0.769634043,0.005516113,0.001193851,0.59233656,0.976735753,CALI
70314,1019.184,376.3267496,238.2937823,1.57925543,0.773980207,71331,299.2099018,0.708082415,0.985742524,0.850641319,0.795080079,0.005352088,0.001319309,0.632152332,0.998330003,BARBUNYA
59179,952.913,382.2096414,199.5902141,1.914971849,0.85282251,59861,274.4978015,0.624626621,0.988606939,0.818975637,0.718186492,0.006458535,0.001059895,0.515791837,0.987726848,HOROZ
59308,997.744,407.3581419,186.3542706,2.185934031,0.889224877,60135,274.7968175,0.583786125,0.98624761,0.748660454,0.674582853,0.006868519,0.000877373,0.455062025,0.994735568,HOROZ
30167,641.649,235.8461337,163.5860166,1.441725513,0.720347542,30553,195.9842273,0.816737059,0.987366216,0.920761059,0.830983422,0.007818017,0.002299566,0.690533448,0.995559689,DERMASON
39668,716.495,251.6618099,200.9251847,1.252515011,0.602135881,39938,224.7373273,0.801535664,0.993239521,0.971010308,0.893013236,0.006344202,0.002488791,0.79747264,0.998846452,SEKER
38702,708.716,251.2348757,196.4299548,1.279004905,0.623456761,39004,221.9840464,0.751072212,0.992257204,0.968275175,0.88357178,0.006491522,0.002440583,0.780699091,0.998517967,SEKER
44202,799.28,305.6843171,185.0507295,1.651894688,0.795947643,44755,237.2335018,0.715937804,0.987643839,0.86946858,0.776073513,0.006915622,0.001547471,0.602290097,0.994919813,SIRA
52266,903.64,366.5211214,182.9456302,2.003442886,0.86652092,53045,257.9673197,0.733990563,0.985314356,0.804337347,0.703826614,0.007012611,0.001061505,0.495371902,0.992449313,HOROZ
39056,740.619,279.9230087,178.0675717,1.572004414,0.77158146,39445,222.9969589,0.787689329,0.990138167,0.894762815,0.796636761,0.007167222,0.001780623,0.634630128,0.997641363,DERMASON
41197,853.7,250.9006734,210.0639459,1.194401411,0.546836425,42508,229.0276174,0.737504475,0.969158747,0.710337746,0.912821852,0.006090266,0.002608315,0.833243734,0.995227492,SEKER
38883,732.331,267.1679014,185.7064006,1.438657475,0.718920327,39288,222.5025241,0.800457016,0.989691509,0.91107639,0.832819073,0.006871072,0.002038952,0.693587609,0.997834998,SIRA
49068,840.583,315.3947598,199.125552,1.583898986,0.775495256,49755,249.9506311,0.716551301,0.986192342,0.87266391,0.7925009,0.006427708,0.001563993,0.628057677,0.994779917,SIRA
96996,1203.309,469.6980157,265.4558131,1.769401883,0.824979447,98015,351.4244483,0.731614597,0.989603632,0.841800848,0.748192321,0.004842447,0.000936047,0.559791749,0.990496574,CALI
204635,1706.37,635.1262868,412.6639162,1.539088498,0.760160606,206334,510.4403729,0.807044459,0.991765778,0.883168083,0.803683273,0.003103703,0.000798729,0.645906803,0.994107731,BOMBAY
45092,796.137,309.6716193,186.0583448,1.664379094,0.799380842,45491,239.6099279,0.809667457,0.991229034,0.893992235,0.773754884,0.006867551,0.001518432,0.598696621,0.996458139,SIRA
39424,731.87,273.8575836,183.7478606,1.49039876,0.741492302,39786,224.0450754,0.760127253,0.990901322,0.924916782,0.818107983,0.006946469,0.001919492,0.669300672,0.997524892,DERMASON
44724,772.269,259.2741479,219.9767272,1.178643537,0.529302889,45134,238.6301854,0.786951014,0.990915939,0.942352309,0.92037786,0.005797204,0.002566037,0.847095405,0.998423525,SEKER
42147,763.779,283.3826364,190.2757308,1.489326228,0.741054787,42667,231.6532475,0.705389121,0.987812595,0.907906457,0.817457451,0.006723673,0.001852025,0.668236684,0.99522242,DERMASON
41262,737.909,267.5225426,196.8106349,1.359289058,0.677330686,41576,229.2082243,0.757100917,0.992447566,0.952257768,0.856780973,0.006483509,0.002155108,0.734073635,0.997818261,SEKER
40870,761.733,283.9426676,183.5136768,1.547256164,0.763078857,41388,228.1168564,0.756641674,0.987484295,0.885133872,0.803390552,0.006947459,0.001785306,0.645436379,0.998655415,SIRA
35189,690.684,253.0728123,177.8752407,1.422754574,0.71132632,35531,211.669616,0.776661958,0.990374602,0.926953606,0.836398087,0.007191816,0.002171053,0.699561759,0.995304693,DERMASON
33226,676.869,255.1960511,165.9358357,1.537920064,0.759738401,33569,205.6809595,0.716602683,0.98978224,0.911336315,0.805972344,0.007680613,0.0019992,0.64959142,0.999019678,DERMASON
34853,687.382,252.5148524,176.1422122,1.433585109,0.716534272,35228,210.656635,0.716270371,0.989355058,0.926944474,0.834234632,0.00724514,0.002164609,0.695947421,0.997699859,DERMASON
35499,688.485,228.5197507,197.9982626,1.154150283,0.499284173,35887,212.5999309,0.771650291,0.989188285,0.941102697,0.930335038,0.006437357,0.002974712,0.865523282,0.998943941,SEKER
70342,1013.073,382.5846158,236.8221826,1.615493159,0.785386236,71805,299.2694706,0.723668237,0.979625374,0.861277485,0.782230802,0.005438921,0.001256123,0.611885027,0.988496075,CALI
46774,833.722,305.7038868,196.1460607,1.558552263,0.767021759,47446,244.0379201,0.793909974,0.98583653,0.845613391,0.798282033,0.006535765,0.0016372,0.637254204,0.993193981,BARBUNYA
28581,627.368,236.7231605,153.9600203,1.537562544,0.759608974,28927,190.7628356,0.78467494,0.988038856,0.912520349,0.805847789,0.008282536,0.002154543,0.649390659,0.998478754,DERMASON
51659,908.268,363.0639091,182.5478043,1.988870315,0.864403945,52433,256.4649716,0.618389236,0.985238304,0.786915015,0.706390707,0.007028086,0.001079436,0.498987832,0.992422086,HOROZ
45606,855.192,342.0626726,171.3851827,1.995870747,0.86542734,46331,240.9717051,0.784416925,0.98435173,0.783618333,0.704466533,0.007500388,0.001139475,0.496273097,0.990496956,HOROZ
72492,1053.122,411.5200264,227.0045175,1.812827476,0.834092586,74242,303.8086257,0.743942613,0.976428437,0.821377071,0.738259638,0.005676765,0.001040201,0.545027293,0.988040452,CALI
38687,722.284,266.1242827,185.4104489,1.435325162,0.717356545,39030,221.9410243,0.803818903,0.991211888,0.93187772,0.833975096,0.006878907,0.002052634,0.695514461,0.998289407,SIRA
78653,1077.393,411.9322844,244.7338609,1.683184676,0.804382423,79673,316.4555418,0.681367708,0.98719767,0.851484717,0.768222239,0.005237337,0.001125221,0.590165408,0.993357372,CALI
33263,719.325,271.3390351,158.5661122,1.711204439,0.811477467,34108,205.7954494,0.672740879,0.975225753,0.807831848,0.758443949,0.008157383,0.00166504,0.575237224,0.984348492,HOROZ
86784,1143.973,429.6761243,260.0683427,1.652166195,0.796023296,88254,332.4106205,0.680605443,0.983343531,0.833331846,0.773630653,0.004951098,0.001093997,0.598504387,0.988828716,CALI
40172,721.945,244.9037122,209.3768052,1.169679287,0.518734804,40501,226.160516,0.819736359,0.991876744,0.968556795,0.92346708,0.006096378,0.002734874,0.852791448,0.997492492,SEKER
44722,776.694,264.2160633,216.073136,1.222808481,0.575517375,45158,238.6248498,0.763851882,0.990345011,0.931603649,0.903142855,0.005907966,0.002424619,0.815667017,0.997404546,SEKER
38285,709.287,247.6137766,197.3269149,1.254840358,0.604092613,38609,220.7849088,0.742331407,0.991608174,0.956300792,0.891650343,0.006467645,0.002521763,0.795040334,0.997648697,SEKER
82879,1099.559,409.2821438,262.3104973,1.560296473,0.767621175,85153,324.8458407,0.682232759,0.973295128,0.861424642,0.793696587,0.004938309,0.00120886,0.629954273,0.98291543,CALI
33029,694.109,270.4288359,155.9618807,1.733941876,0.81694146,33482,205.0703024,0.758920981,0.986470342,0.861489399,0.758315221,0.008187618,0.001670077,0.575041974,0.997089359,DERMASON
55054,928.326,375.5142262,189.788113,1.978597186,0.862880156,56043,264.758248,0.72077191,0.982352836,0.802782163,0.705055174,0.006820835,0.001039704,0.497102798,0.983566197,HOROZ
37456,722.968,276.9591217,172.8805649,1.60202578,0.781256856,37968,218.3814561,0.696143481,0.98651496,0.900519477,0.788497071,0.007394253,0.00176309,0.621727631,0.996023692,DERMASON
39365,732.258,274.7656908,182.9285611,1.502038223,0.746164147,39803,223.8773653,0.794963448,0.988995804,0.922554156,0.814793741,0.006979949,0.001897679,0.663888841,0.997186415,DERMASON
36301,713.642,231.5127816,200.1100531,1.156927291,0.502876019,36793,214.9880664,0.767982567,0.986627891,0.895710468,0.928622882,0.006377587,0.002925457,0.862340457,0.997665208,SEKER
54282,934.728,382.4225355,181.2497006,2.109920923,0.880550998,55029,262.8953955,0.602530803,0.986425339,0.780719812,0.687447446,0.007045108,0.000970567,0.472583992,0.997114852,HOROZ
42080,771.343,296.381604,181.4648433,1.633272862,0.790650636,42469,231.4690477,0.761284487,0.990840378,0.888772298,0.78098318,0.007043289,0.0016163,0.609934728,0.996189839,SIRA
77809,1075.41,410.5856876,243.1165011,1.688843356,0.805848902,78761,314.7530711,0.765896921,0.987912799,0.845457063,0.766595331,0.005276841,0.001124135,0.587668401,0.992479875,CALI
76057,1069.821,412.4555664,236.7461697,1.74218475,0.81886095,77069,311.1892994,0.741983318,0.98686891,0.835077568,0.754479572,0.00542298,0.001083946,0.569239425,0.991720246,CALI
70040,1048.175,363.109535,247.0075134,1.470034372,0.732974419,71356,298.6263513,0.782919741,0.981557262,0.80110309,0.822413962,0.005184317,0.001462962,0.676364725,0.994279394,BARBUNYA
59990,977.492,410.8334138,187.5203893,2.190873298,0.889754711,60602,276.3722857,0.746515679,0.989901323,0.788973293,0.672711314,0.006848365,0.00086513,0.452540512,0.991458924,HOROZ
39870,744.509,277.7141328,183.1719142,1.516139273,0.751643132,40379,225.3088117,0.729258121,0.987394438,0.903891278,0.811297608,0.006965491,0.001861454,0.658203809,0.997928644,DERMASON
58639,954.844,394.7229777,189.9642223,2.077880629,0.876578118,59344,273.2425546,0.600532541,0.988120113,0.808223684,0.692238785,0.006731407,0.000953475,0.479194536,0.995709044,HOROZ
43894,783.953,288.5641455,195.4823109,1.476165,0.735586282,44524,236.4055341,0.794001664,0.985850328,0.897501061,0.819247775,0.006574114,0.001826746,0.671166917,0.990753112,SIRA
41332,740.092,266.3276466,197.9216687,1.345621469,0.6691237,41673,229.4025651,0.75007259,0.991817244,0.948254397,0.861354681,0.006443619,0.002187951,0.741931886,0.998359475,SEKER
88705,1154.664,455.9312731,250.7253446,1.818449083,0.835217883,89829,336.0695074,0.76481036,0.987487337,0.83607784,0.737105628,0.00513986,0.000935944,0.543324707,0.988008315,CALI
45215,812.088,306.1473396,189.9813078,1.611460323,0.784162807,45948,239.9365041,0.664740734,0.984047184,0.86156136,0.783728856,0.006770924,0.001575764,0.614230919,0.989808755,SIRA
28814,628.443,236.4423025,155.5729145,1.519816629,0.753040547,29137,191.5388322,0.773322598,0.988914439,0.91681483,0.810086986,0.008205813,0.002179857,0.656240925,0.997365871,DERMASON
76794,1045.608,395.7538512,248.7498339,1.590971319,0.777771731,78051,312.6933923,0.73412615,0.983895145,0.882672017,0.790120908,0.005153448,0.001238944,0.624291049,0.993229154,CALI
61254,961.239,347.3497104,224.9855621,1.543875558,0.761877961,62242,279.2687148,0.786709649,0.984126474,0.83307011,0.803998698,0.005670645,0.001461617,0.646413906,0.99798263,BARBUNYA
79453,1159.254,404.9254315,250.1697402,1.618602758,0.786322061,80866,318.0608457,0.727245268,0.982526649,0.742955766,0.785480044,0.005096415,0.0011967,0.616978899,0.998643748,BARBUNYA
36221,707.921,264.9887452,174.7428045,1.516450111,0.751761746,36622,214.7510409,0.754604167,0.989050298,0.908240176,0.810415705,0.007315887,0.001946606,0.656773615,0.995964422,DERMASON
32861,672.026,253.0593984,165.6822772,1.527377597,0.755874141,33210,204.5480987,0.806404908,0.989491117,0.914362672,0.808300739,0.007700904,0.002027745,0.653350084,0.997912282,DERMASON
28993,629.099,226.782185,163.3926498,1.387958304,0.693472871,29335,192.1328554,0.734781286,0.988341572,0.920587407,0.847213177,0.007821963,0.002485801,0.717770167,0.996235063,DERMASON
52268,905.317,381.4871705,175.186845,2.177601694,0.888322156,52860,257.9722553,0.807502163,0.988800605,0.801390879,0.676227866,0.007298675,0.000941447,0.457284127,0.99578269,HOROZ
50181,880.94,365.2980956,175.4863836,2.081632137,0.877053739,50724,252.7695266,0.743973314,0.989295008,0.812562013,0.691954132,0.00727961,0.001029431,0.478800521,0.996686551,HOROZ
41126,782.98,293.6267843,179.3002427,1.637626251,0.791908366,41827,228.8301761,0.685707616,0.983240491,0.842994998,0.779323237,0.007139687,0.001624536,0.607344708,0.994603638,SIRA
41288,748.997,263.423134,199.9741738,1.317285772,0.650931211,41682,229.2804273,0.792871683,0.990547479,0.924854797,0.870388351,0.006380138,0.002258718,0.757575882,0.99794393,SEKER
41706,768.988,287.3243852,185.9565231,1.545115925,0.762319713,42248,230.4381228,0.704707512,0.98717099,0.886276589,0.802013803,0.006889282,0.001758252,0.64322614,0.993858952,SIRA
46529,815.026,289.608245,205.3813982,1.410099686,0.705037806,47156,243.3979515,0.77828516,0.986703707,0.880218833,0.840438612,0.006224253,0.001915539,0.706337061,0.996005667,BARBUNYA
80933,1114.025,377.1125478,274.9796707,1.371419737,0.68433115,82222,321.0094953,0.717395736,0.984322931,0.819493718,0.85122995,0.004659565,0.001509081,0.724592428,0.993720358,BARBUNYA
32836,669.19,218.4060038,191.7587728,1.138962252,0.478674896,33225,204.4702758,0.80291471,0.988291949,0.92142762,0.936193476,0.006651419,0.003151785,0.876458224,0.998252833,SEKER
72756,1090.293,366.1897586,253.5604934,1.444190906,0.721485799,74089,304.3613253,0.809677491,0.982008125,0.769116681,0.831157393,0.005033121,0.001481666,0.690822613,0.997679735,BARBUNYA
33231,668.878,246.1755997,172.2440199,1.429225815,0.714456857,33609,205.6964349,0.729517914,0.988753013,0.933382063,0.835567924,0.007408011,0.002227452,0.698173756,0.997847956,DERMASON
60813,944.042,359.5404964,215.8900137,1.665387343,0.79965411,61634,278.2615971,0.702520678,0.98667943,0.85747933,0.773936733,0.005912231,0.001308438,0.598978067,0.997530491,BARBUNYA
48536,827.083,311.2252589,198.9350601,1.564456555,0.76904088,48988,248.5919438,0.773765683,0.990773251,0.891611492,0.798752469,0.006412256,0.00161005,0.638005506,0.998131897,SIRA
69819,1001.884,383.379959,234.0775761,1.637832916,0.791967775,71154,298.1548453,0.751736167,0.981237878,0.874074814,0.777700655,0.005491055,0.00123904,0.604818309,0.990591335,CALI
46021,782.884,281.7103845,208.4104812,1.351709294,0.672822398,46432,242.0656049,0.740482703,0.991148346,0.943563387,0.859271146,0.006121344,0.002058484,0.738346903,0.998030371,SEKER
181118,1654.091,632.3590715,370.3584898,1.707424263,0.810544168,185974,480.21516,0.770472277,0.973888823,0.831864671,0.759402658,0.00349142,0.000716259,0.576692398,0.984658592,BOMBAY
50431,854.817,330.7304404,194.6436653,1.69915851,0.808477846,50898,253.3983889,0.674887922,0.990824787,0.867283617,0.766178005,0.006558078,0.001394039,0.587028735,0.99745487,SIRA
27477,602.09,220.5920696,158.8074565,1.389053603,0.694062632,27755,187.0422492,0.736175115,0.989983787,0.952481062,0.847910124,0.008028244,0.002559762,0.718951579,0.998662281,DERMASON
39419,742.776,274.0830961,184.586766,1.484846948,0.739214478,39978,224.0308675,0.817143449,0.98601731,0.897841636,0.817383015,0.006953071,0.001914515,0.668114994,0.992048509,SIRA
41435,738.189,260.3770597,202.7837232,1.284013606,0.627262451,41767,229.6882246,0.7905029,0.992051141,0.955525031,0.882136948,0.006283988,0.002347249,0.778165594,0.999175211,SEKER
80886,1136.801,391.6544904,263.8011276,1.484658136,0.739136438,82299,320.9162723,0.71949191,0.982830897,0.786528256,0.819386169,0.004842055,0.001346369,0.671393693,0.996790109,BARBUNYA
45147,819.219,318.0026771,181.4369533,1.752689688,0.821261719,45652,239.7560129,0.692608616,0.988938053,0.845354227,0.753943379,0.007043717,0.001403901,0.568430619,0.996282484,SIRA
168405,1546.583,584.3296465,370.0301966,1.579140438,0.773942481,170625,463.0549703,0.756138957,0.986989011,0.884745539,0.792455035,0.003469788,0.000844075,0.627984982,0.991676479,BOMBAY
29795,641.153,234.7526272,162.1963289,1.447336255,0.722926974,30161,194.7721033,0.804878708,0.987865124,0.910814417,0.829690835,0.007878927,0.002303096,0.688386882,0.996327291,DERMASON
28654,636.062,236.7389484,154.5394214,1.531900056,0.757544004,29012,191.0062981,0.690541029,0.987660279,0.890012732,0.806822449,0.008261986,0.002159614,0.650962464,0.997209436,DERMASON
41226,769.813,264.3466113,198.9424665,1.328759093,0.658498696,41931,229.1082135,0.76384051,0.983186664,0.874199555,0.866696238,0.006412133,0.002231773,0.751162368,0.998113827,SEKER
68879,1032.23,426.2395534,206.4094759,2.06501931,0.874925816,69720,296.1409573,0.81158242,0.987937464,0.812351045,0.694775872,0.006188237,0.000889458,0.482713512,0.996812724,HOROZ
58891,981.815,347.1969328,216.4020641,1.604406752,0.781996085,60173,273.8290526,0.75860159,0.978694763,0.767714012,0.788685114,0.005895586,0.001407088,0.622024209,0.997979841,BARBUNYA
37301,711.888,229.3815744,207.1091018,1.107539806,0.42984628,37731,217.9291359,0.781991614,0.988603536,0.924926014,0.950072544,0.006149475,0.003090615,0.902637838,0.999707336,SEKER
87240,1252.96,431.990195,258.3226384,1.672289342,0.801509051,89042,333.2827897,0.774722933,0.979762359,0.698314577,0.77150545,0.004951745,0.001082166,0.595220659,0.995381164,BARBUNYA
37215,713.286,268.1274258,177.6042502,1.509690367,0.749161414,37638,217.6777656,0.805519481,0.988761358,0.919179833,0.811844462,0.007204821,0.001930609,0.65909143,0.995023983,SIRA
48825,822.823,303.272429,205.5006933,1.475773264,0.735420637,49297,249.3309463,0.773551126,0.990425381,0.906231743,0.822135224,0.006211417,0.001750425,0.675906326,0.997484485,SIRA
37670,714.858,266.0117683,180.7283497,1.471887331,0.733768269,38024,219.0044147,0.797147452,0.99069009,0.926330408,0.823288444,0.007061634,0.002001212,0.677803861,0.997650916,DERMASON
34971,673.194,235.0015866,189.6894581,1.238875312,0.590300279,35269,211.0129383,0.782454021,0.991550654,0.969700104,0.897921335,0.006719899,0.002694608,0.806262723,0.998858983,SEKER
49753,812.08,273.5577319,231.9879368,1.179189468,0.529931999,50186,251.6892669,0.82397072,0.991372096,0.948050578,0.92005905,0.005498316,0.002430369,0.846508655,0.998194091,SEKER
46425,801.859,298.7195889,198.3687661,1.505880158,0.747676207,46899,243.125782,0.780409494,0.989893175,0.907331023,0.813892999,0.006434455,0.00174165,0.662421813,0.997527865,SIRA
40168,737.07,256.077799,199.9792023,1.280522155,0.624616762,40630,226.1492561,0.79617847,0.988629092,0.929121698,0.883127147,0.006375169,0.002392018,0.779913558,0.99869659,SEKER
96343,1198.882,464.9524414,264.9672883,1.754754122,0.821727642,97272,350.2395144,0.783110887,0.990449461,0.842320073,0.7532803,0.004826012,0.000958505,0.56743121,0.995702255,CALI
35506,713.086,262.1062149,173.2478277,1.512897555,0.750400622,35941,212.620891,0.760918949,0.987896831,0.877460939,0.811201257,0.007382026,0.001971831,0.658047479,0.995558422,SIRA
29709,639.387,238.9270984,158.7439363,1.505110079,0.747374301,29986,194.490806,0.721617683,0.990762356,0.913209233,0.814017361,0.008042246,0.00217817,0.662624264,0.997322457,DERMASON
48701,900.346,380.8504605,163.6706362,2.326932121,0.902947727,49472,249.0141343,0.799885029,0.984415427,0.754968556,0.653837031,0.007820177,0.000881606,0.427502863,0.994770143,HOROZ
31534,671.57,236.7196427,169.9273624,1.393063714,0.696205785,31979,200.375487,0.804110567,0.986084618,0.878630657,0.846467512,0.007506807,0.002377257,0.716507249,0.99814025,DERMASON
39600,736.956,276.151578,183.0653099,1.508486661,0.748693747,39961,224.5446191,0.757749713,0.990966192,0.91626676,0.813120898,0.006973525,0.00188041,0.661165595,0.99735948,SIRA
39480,750.41,285.2504009,177.4917944,1.607118807,0.782833264,40031,224.2041419,0.805714286,0.986235667,0.881028145,0.785990628,0.007225187,0.001700977,0.617781268,0.992847894,SIRA
28295,627.07,239.087084,151.5628661,1.577477981,0.773395945,28623,189.8059876,0.788556937,0.988540684,0.904247912,0.793878048,0.0084498,0.002070338,0.630242355,0.994193438,DERMASON
29513,646.689,243.9750274,155.3809161,1.570173696,0.770969378,29885,193.8481846,0.722720149,0.987552284,0.886813456,0.794541092,0.008266697,0.00203225,0.631295546,0.991243662,DERMASON
48955,897.999,356.7442101,176.2208933,2.024414945,0.869479017,49899,249.6626562,0.690966831,0.981081785,0.762878214,0.699836603,0.007287186,0.001078267,0.489771271,0.991500281,HOROZ
27141,616.4,234.6479878,147.6407162,1.589317594,0.777242739,27435,185.8951169,0.817376901,0.989283762,0.897657056,0.792229751,0.008645517,0.002100755,0.627627978,0.997500188,DERMASON
47468,880.635,357.7413431,170.0492761,2.103751049,0.87980142,48071,245.8416863,0.64215368,0.987456055,0.769163937,0.68720513,0.007536474,0.001036797,0.472250891,0.993498308,HOROZ
51071,833.064,300.3870698,216.6920756,1.386239293,0.692543438,51633,255.0012094,0.774753865,0.989115488,0.92475671,0.848908741,0.005881754,0.001884216,0.720646051,0.998987873,SEKER
33583,657.754,221.7110512,192.9504091,1.149057171,0.492559596,33868,206.7829868,0.775302429,0.991584977,0.975444036,0.93266883,0.006601883,0.003081467,0.869871147,0.999531679,SEKER
41318,764.817,289.4467935,182.7237103,1.584068061,0.775550113,41862,229.3637101,0.780763416,0.987004921,0.887634329,0.792420974,0.007005344,0.001703857,0.627931,0.994685442,SIRA
46906,819.195,312.0050158,192.6109674,1.619871496,0.786702019,47360,244.3820249,0.711926661,0.990413851,0.878342055,0.783263129,0.006651708,0.001544343,0.613501129,0.993792991,SIRA
51723,900.249,364.1938838,182.164427,1.999259075,0.865918394,52482,256.6237888,0.722711268,0.985537899,0.801988748,0.704635087,0.007041237,0.001070744,0.496510605,0.992653333,HOROZ
41548,813.415,321.6418575,165.8641251,1.939188823,0.856781543,42304,230.00121,0.658561714,0.982129349,0.789106523,0.715084821,0.007741452,0.001248626,0.511346301,0.991597031,HOROZ
68068,990.337,385.2068488,227.2000155,1.695452563,0.807539844,68964,294.3923731,0.801148735,0.987007714,0.872141282,0.764244909,0.005659147,0.001190861,0.584070281,0.990263455,CALI
73494,1035.962,398.3829604,237.2574441,1.6791168,0.803317363,74785,305.901074,0.793097867,0.98273718,0.860546016,0.767856822,0.005420619,0.001162384,0.5896041,0.990014149,CALI
69816,1028.089,367.5514925,243.5373954,1.509219937,0.748978809,70868,298.1484396,0.765643849,0.9851555,0.830048372,0.811174613,0.005264574,0.001406049,0.658004253,0.993073137,BARBUNYA
75825,1041.481,404.1326348,240.3439412,1.681476275,0.803936239,76515,310.7143197,0.739294489,0.99098216,0.878455124,0.768842437,0.005329807,0.00114879,0.591118693,0.993952057,CALI
26953,608.884,223.0780056,153.9633777,1.448903037,0.723640298,27232,185.2501699,0.776296083,0.9897547,0.913582667,0.830427766,0.008276556,0.002427934,0.689610275,0.999178422,DERMASON
65482,1011.661,357.0747308,234.2268649,1.52448239,0.75479535,66602,288.7460335,0.793894425,0.983183688,0.804010616,0.808643146,0.005453021,0.001438284,0.653903737,0.996864731,BARBUNYA
28877,624.713,233.3248339,157.9862644,1.476867845,0.735883054,29172,191.7481117,0.79810403,0.989887563,0.92982421,0.821807557,0.008079954,0.002273365,0.67536766,0.997428781,DERMASON
56334,989.798,372.7248213,193.5389833,1.92583848,0.854619754,57684,267.8183648,0.674497126,0.97659663,0.722582284,0.718541802,0.006616339,0.001087942,0.516302321,0.994314877,HOROZ
26728,616.154,218.9914088,155.6294124,1.407133815,0.703531107,27089,184.4753278,0.748746393,0.986673558,0.884703575,0.842386141,0.008193333,0.002544985,0.70961441,0.998522433,DERMASON
33847,681.702,248.1214785,174.01962,1.425824734,0.712818574,34224,207.5941687,0.754099456,0.988984338,0.915252469,0.836663436,0.007330679,0.002215782,0.700005705,0.998085448,DERMASON
31056,646.703,235.3317725,168.2782575,1.398468085,0.699054738,31392,198.8510179,0.779459378,0.989296636,0.933137474,0.844981601,0.007577659,0.002382889,0.713993906,0.99849769,DERMASON
83168,1154.625,400.2559405,265.0542163,1.510090826,0.749316689,84772,325.4117184,0.71336181,0.981078658,0.783942498,0.813009091,0.00481262,0.001297009,0.660983782,0.998145546,BARBUNYA
78096,1273.205,397.7600751,251.9766019,1.578559565,0.773751758,79835,315.3330231,0.735263381,0.978217574,0.605399396,0.792771932,0.00509322,0.001240981,0.628487336,0.992104696,BARBUNYA
85743,1128.309,444.9294029,247.7339219,1.79599709,0.830650764,87265,330.4109234,0.73594088,0.982558872,0.846354746,0.742614269,0.005189105,0.000973476,0.551475953,0.990449207,CALI
67546,985.555,356.6686962,241.4833998,1.476990536,0.735934804,68376,293.2613822,0.801713906,0.987861238,0.873871888,0.822223496,0.005280382,0.001488691,0.676051477,0.998521633,BARBUNYA
43919,813.374,276.4658187,202.5948787,1.364623926,0.680441259,44428,236.4728474,0.770643973,0.988543261,0.834222186,0.855342076,0.006294902,0.002078395,0.731610068,0.998372602,SEKER
173392,1608.021,620.2462774,358.0876099,1.732107619,0.816509971,175368,469.8612041,0.839040914,0.988732266,0.842666032,0.757539741,0.003577133,0.000726669,0.573866459,0.993998465,BOMBAY
39488,741.696,245.021911,205.6215787,1.191615747,0.543828008,40042,224.2268564,0.746521476,0.986164527,0.902034459,0.915129816,0.006204971,0.002684419,0.837462581,0.997933598,SEKER
146153,1476.383,526.1933264,356.528288,1.475881001,0.73546621,149267,431.3789276,0.731936098,0.979138055,0.842596259,0.819810716,0.003600291,0.001003164,0.67208961,0.991924286,BOMBAY
86884,1163.356,448.6801704,247.9671157,1.809434163,0.833407509,88015,332.6020815,0.711452482,0.987149918,0.806722933,0.741289906,0.005164129,0.000961898,0.549510725,0.994303479,CALI
43672,754.739,255.2284541,218.1415993,1.170012757,0.519136186,44066,235.8069494,0.771453807,0.991058866,0.963428215,0.92390541,0.005844213,0.002626732,0.853601206,0.998724301,SEKER
30042,648.527,246.4217001,155.5109502,1.584593881,0.775720581,30352,195.5777656,0.693554345,0.989786505,0.89759946,0.793671034,0.008202573,0.002007668,0.629913711,0.998157411,DERMASON
29054,621.3,229.3542841,161.7145945,1.418265834,0.709121372,29351,192.3348687,0.757344316,0.989881094,0.945830009,0.838592876,0.007894069,0.00240816,0.703238012,0.997378445,DERMASON
57597,943.978,387.3908323,191.2330044,2.025753,0.869664302,58442,270.8039476,0.676211609,0.98554122,0.812243008,0.699045835,0.006725886,0.000990722,0.488665079,0.989914749,HOROZ
51320,902.11,364.2012015,182.0640952,2.000401019,0.866083267,52237,255.6220911,0.742186935,0.982445393,0.792460306,0.701870532,0.007096672,0.001062338,0.492622244,0.985442038,HOROZ
54957,897.669,346.6335391,203.1906923,1.705951858,0.810178669,55761,264.5249056,0.742642091,0.98558132,0.857038686,0.763125537,0.006307359,0.001319506,0.582360585,0.993479122,SIRA
48067,852.256,342.9475376,179.0488306,1.91538552,0.852891557,48686,247.3879649,0.638170473,0.987285873,0.831604339,0.721358044,0.007134781,0.001191692,0.520357428,0.996685083,HOROZ
30950,664.641,256.7604858,153.8983449,1.668377174,0.800460994,31251,198.5113697,0.784895516,0.990368308,0.880432896,0.773138316,0.008295977,0.001828421,0.597742856,0.997260537,DERMASON
68545,1007.411,387.4447693,226.7165376,1.70893916,0.810919058,69351,295.4220787,0.78356844,0.988377961,0.848735304,0.762488236,0.005652415,0.001178546,0.58138831,0.993557251,CALI
61464,948.743,361.5067374,217.5064023,1.662051018,0.798747599,62161,279.7470203,0.789518304,0.988787182,0.858091332,0.773836256,0.005881601,0.001300983,0.598822552,0.995273632,CALI
115967,1359.763,449.4549693,331.3052699,1.356618835,0.675754534,118497,384.2574271,0.742711669,0.978649249,0.788166274,0.85494088,0.003875714,0.00127725,0.730923909,0.991585142,BARBUNYA
34895,677.7,225.3698384,197.2329239,1.142658305,0.483847619,35227,210.7835238,0.76303245,0.990575411,0.954768529,0.93527832,0.006458514,0.003048427,0.874745536,0.999535251,SEKER
34048,687.947,263.9556782,164.5060556,1.604534722,0.782035704,34342,208.209654,0.769446328,0.991439054,0.904048038,0.788805361,0.007752458,0.001851393,0.622213898,0.998363803,DERMASON
66500,1038.45,424.1090453,202.017289,2.099370046,0.879264764,67430,290.9818374,0.633152433,0.986207919,0.774926171,0.686101465,0.00637758,0.000871744,0.470735221,0.988247422,HOROZ
59489,973.613,361.7646633,210.1600776,1.721376712,0.813953262,60627,275.2158195,0.692497526,0.981229485,0.788630927,0.760759265,0.006081203,0.001256488,0.57875466,0.996254793,BARBUNYA
183483,1669.563,634.1044843,374.9097183,1.691352487,0.806493607,187798,483.3402646,0.763253132,0.977023184,0.827180091,0.762240729,0.00345593,0.000719637,0.58101093,0.98269428,BOMBAY
47601,853.375,345.5426622,176.6475883,1.956113103,0.859451148,48195,246.1858557,0.71117386,0.98767507,0.821383754,0.712461536,0.007259147,0.001153748,0.50760144,0.992925827,HOROZ
44889,807.762,302.899364,189.6478258,1.597167606,0.779736054,45510,239.0699687,0.798168563,0.986354647,0.864535752,0.78927194,0.006747741,0.001615269,0.622950196,0.994955872,SIRA
74684,1046.993,398.9439007,240.1066679,1.661527787,0.798604842,75767,308.3676737,0.802553246,0.985706178,0.856150034,0.77295999,0.005341759,0.00117623,0.597467147,0.992708266,CALI
43396,776.542,285.6666553,194.0153477,1.472392049,0.733983835,43855,235.0606375,0.81144353,0.989533691,0.904335677,0.822849406,0.006582788,0.001861534,0.677081144,0.996928893,SIRA
55703,966.607,387.9572417,184.7648578,2.099735016,0.879309612,56585,266.3142173,0.671071971,0.98441283,0.749184145,0.686452497,0.006964746,0.000953953,0.471217031,0.9894309,HOROZ
36924,703.026,250.9068247,187.6110881,1.337377376,0.664000527,37327,216.8250376,0.749147866,0.989203526,0.938805948,0.864165564,0.006795223,0.002337606,0.746782122,0.998729515,DERMASON
83097,1138.925,447.9528602,238.9724908,1.874495507,0.845814653,83743,325.2727877,0.760822194,0.992285922,0.805016824,0.726131735,0.005390722,0.000924461,0.527267297,0.988360179,CALI
59039,930.334,349.7941673,217.0338863,1.611703008,0.784236743,60458,274.1729189,0.763616375,0.976529161,0.857178108,0.783812152,0.005924798,0.001379435,0.614361489,0.99016826,CALI
47153,804.357,298.1600917,201.7855477,1.477608754,0.736195311,47591,245.0246197,0.807276151,0.990796579,0.915843994,0.821788786,0.006323248,0.001778938,0.675336808,0.99788358,SIRA
41768,734.841,248.2119894,214.3446965,1.158003876,0.504254715,42091,230.6093435,0.782875993,0.99232615,0.972001164,0.929082209,0.005942635,0.002731338,0.863193752,0.99958171,SEKER
41044,741.688,275.9612985,189.7665962,1.454214303,0.726036129,41325,228.6019332,0.770866201,0.993200242,0.93759879,0.828384032,0.006723548,0.001953013,0.686220105,0.997911092,SEKER
28547,632.851,224.4680577,163.4534937,1.373283939,0.685384315,28958,190.6493359,0.725003175,0.985807031,0.895709948,0.849338378,0.007863105,0.002524043,0.72137568,0.990653635,DERMASON
44710,832.12,332.0685295,171.9583089,1.931099064,0.855477596,45234,238.5928332,0.694103766,0.988415793,0.811414217,0.718504802,0.007427165,0.001221016,0.516249151,0.996928253,HOROZ
83743,1105.143,421.8471866,255.1053802,1.653619325,0.796427438,84943,326.534683,0.758871611,0.985872879,0.861631216,0.77405917,0.005037402,0.001115535,0.599167598,0.990795119,CALI
30486,649.25,238.217906,163.3997689,1.457883984,0.727671644,30819,197.0177169,0.804719671,0.989194977,0.908837823,0.827048311,0.00781401,0.002255159,0.684008909,0.997205634,DERMASON
56506,911.91,311.9078336,231.3239233,1.348359604,0.670795996,57392,268.2269071,0.749476086,0.984562308,0.85388714,0.859955661,0.005519906,0.001862155,0.739523739,0.997143935,BARBUNYA
48525,817.194,291.9815395,212.9270837,1.371274779,0.684249008,49068,248.5637723,0.74552913,0.988933725,0.913114143,0.851299615,0.006017136,0.001949393,0.724711035,0.993777964,SIRA
70925,1050.316,382.7790775,236.6469135,1.617511388,0.785994358,72151,300.5070959,0.772275395,0.983007859,0.807921649,0.78506667,0.005396956,0.001264605,0.616329677,0.996920272,BARBUNYA
33013,652.684,223.7818539,188.0291423,1.190144523,0.542223823,33289,205.020626,0.789784689,0.991708973,0.973842946,0.916162872,0.006778598,0.002945848,0.839354409,0.998953052,SEKER
74385,1073.863,414.7265118,232.4556664,1.784110141,0.828152047,76137,307.7497742,0.714196559,0.976988849,0.810582967,0.742054741,0.005575405,0.001042797,0.550645238,0.982411754,CALI
31953,662.338,245.4183625,166.1746785,1.47686979,0.735883875,32346,201.7023133,0.716370729,0.987850121,0.915297253,0.821871319,0.007680605,0.002161675,0.675472465,0.997584877,DERMASON
62128,937.54,354.1882333,224.6542455,1.576592655,0.773104028,62849,281.2540247,0.735817325,0.988528059,0.888214023,0.794080656,0.005700944,0.001398251,0.630564089,0.994142711,CALI
32854,681.72,253.8612566,165.0859589,1.537751958,0.759677559,33223,204.5263113,0.708304588,0.988893237,0.888353967,0.805661778,0.007726951,0.002008163,0.6490909,0.998140803,DERMASON
28053,619.809,232.087381,155.0669744,1.496691233,0.744035145,28323,188.9925632,0.762019884,0.990467112,0.917642289,0.814316411,0.008273175,0.00224401,0.663111218,0.992472746,DERMASON
48325,831.509,310.1426571,198.8642492,1.559569698,0.767371713,48774,248.0510048,0.704251009,0.990794276,0.878309981,0.799796478,0.006417851,0.001619897,0.639674406,0.997616821,SIRA
25642,589.767,212.2822111,154.5115643,1.373892059,0.685726591,26006,180.6887058,0.71569722,0.98600323,0.926404857,0.851172149,0.008278692,0.002680471,0.724494027,0.995376591,DERMASON
36417,714.972,258.6118866,179.4463484,1.441165501,0.720087922,36862,215.3312901,0.780041126,0.987927947,0.895232751,0.832642664,0.007101406,0.002105517,0.693293805,0.999151115,SIRA
67626,990.089,388.7851819,222.8892471,1.744297614,0.819347873,68420,293.434997,0.782599639,0.988395206,0.866912157,0.754748408,0.005749049,0.00115076,0.569645159,0.993630691,CALI
63007,962.629,369.3044686,219.0893003,1.685634433,0.805019433,63780,283.2366572,0.786074307,0.987880213,0.85443845,0.766946196,0.005861324,0.001250936,0.588206467,0.991501075,CALI
32274,669.447,253.6942715,162.2346851,1.563748661,0.768800282,32663,202.7129327,0.77151463,0.9880905,0.904961825,0.799044186,0.007860639,0.001976609,0.638471611,0.998409127,DERMASON
54349,908.396,368.6042693,188.93584,1.95094943,0.858644876,54969,263.0575907,0.756170521,0.988720915,0.827658149,0.713658556,0.006782172,0.001085202,0.509308535,0.993635196,HOROZ
30298,656.262,247.9111237,155.9922273,1.589253055,0.777222053,30703,196.4092964,0.797840685,0.986809107,0.884034695,0.792256892,0.008182425,0.001988501,0.627670983,0.997528028,DERMASON
38660,721.558,268.6560761,183.5642076,1.463553705,0.730167304,39051,221.8635635,0.79856234,0.989987452,0.933102217,0.825827455,0.0069492,0.001993755,0.681990985,0.998130433,SIRA
27517,610.178,225.0695203,156.0495214,1.442295486,0.720611374,27787,187.1783442,0.709823041,0.990283226,0.928747928,0.831646791,0.00817929,0.002413521,0.691636385,0.997544036,DERMASON
37153,713.493,270.7479812,175.2476152,1.54494531,0.762259027,37501,217.496365,0.812051932,0.990720247,0.917116102,0.803316664,0.007287379,0.001871967,0.645317663,0.996980496,SIRA
33915,677.634,250.3660993,172.8084792,1.448806797,0.723596569,34246,207.8025966,0.796519411,0.990334638,0.928135338,0.829994944,0.007382164,0.002161052,0.688891608,0.998070844,DERMASON
31351,665.596,259.950543,154.1686321,1.686144188,0.805151572,31734,199.7932255,0.713073739,0.987930926,0.889282724,0.768581682,0.008291619,0.001784757,0.590717802,0.996035388,DERMASON
44543,764.877,269.8147058,210.5971091,1.28118903,0.625124633,44928,238.1468224,0.785590829,0.991430734,0.95676686,0.882630996,0.006057399,0.002267684,0.779037474,0.998094266,SEKER
171896,1565.283,563.3965749,391.7292611,1.438229489,0.71872028,173913,467.8298673,0.818614752,0.988402247,0.881637182,0.830374,0.003277543,0.000961221,0.68952098,0.991689406,BOMBAY
91088,1168.645,459.3007292,253.9504864,1.808623152,0.833243119,91799,340.5537309,0.789050589,0.992254818,0.838119258,0.741461333,0.005042385,0.000940091,0.549764908,0.994317541,CALI
39530,742.108,278.3444836,181.3849342,1.534551284,0.758514388,39940,224.3460702,0.740900401,0.989734602,0.901991514,0.806001496,0.007041348,0.00183307,0.649638411,0.996903458,SIRA
77424,1109.772,397.401991,248.7116453,1.597842315,0.779948272,78571,313.9734041,0.715735759,0.985401739,0.789983358,0.790065,0.005132801,0.001233632,0.624202705,0.997377494,BARBUNYA
28515,622.373,235.4868924,154.4033616,1.525140968,0.75504142,28829,190.542451,0.757008601,0.98910819,0.925085242,0.809142492,0.008258351,0.0021836,0.654711572,0.998527441,DERMASON
68292,1035.332,402.7115718,218.4844239,1.843204951,0.840034319,69606,294.8763724,0.80004686,0.981122317,0.800608913,0.732227214,0.005896907,0.001045653,0.536156693,0.988246672,CALI
45595,801.717,301.0928283,193.505323,1.555992484,0.766137556,46054,240.9426426,0.769925701,0.990033439,0.891425183,0.800227106,0.006603637,0.001670383,0.640363421,0.99640067,SIRA
25959,597.217,217.8824928,152.0369934,1.433088671,0.716298954,26365,181.8021599,0.709747095,0.984600797,0.914604848,0.834404626,0.008393332,0.002509695,0.696231079,0.997760872,DERMASON
70692,1006.43,378.5744663,238.1779057,1.589460891,0.777288656,71443,300.0130829,0.787865279,0.989488123,0.877027043,0.79248103,0.005355266,0.001302916,0.628026183,0.998223056,BARBUNYA
40364,764.547,288.7231377,178.9353459,1.613561235,0.784801537,40880,226.700333,0.716894004,0.987377691,0.867752122,0.785182424,0.007152986,0.001677063,0.616511438,0.994778958,SIRA
42530,775.403,281.212824,193.2368778,1.455275138,0.726510576,43028,232.7034117,0.72981553,0.988426141,0.888894651,0.827499288,0.006612105,0.00191245,0.684755072,0.996507033,SIRA
36373,706.208,260.7169424,178.2056931,1.463011298,0.729930173,36774,215.2011663,0.759226017,0.989095557,0.916481538,0.82542072,0.00716787,0.002052444,0.681319365,0.996777928,DERMASON
35316,686.525,247.0774594,182.1545781,1.356416413,0.67563452,35688,212.0512385,0.764415584,0.989576328,0.941604789,0.858237894,0.00699619,0.002341381,0.736572283,0.999098735,DERMASON
74439,1155.858,396.6460314,239.5846613,1.655556867,0.796964333,75814,307.8614599,0.805355404,0.981863508,0.700166661,0.776161705,0.005328471,0.001192865,0.602426992,0.997352143,BARBUNYA
42210,747.163,268.8365871,200.0457671,1.343875409,0.668049763,42536,231.8263168,0.770536692,0.992335904,0.950155096,0.862331721,0.006369026,0.002172452,0.743615997,0.999327252,SEKER
63580,984.893,395.1800767,206.249654,1.916027828,0.852998669,64343,284.5216516,0.787153964,0.988141678,0.823668175,0.719979747,0.006215478,0.001030233,0.518370836,0.993212947,HOROZ
40535,750.716,281.5223744,184.1581483,1.528698985,0.756363962,40902,227.1800276,0.784831939,0.991027334,0.903834048,0.806969706,0.006945168,0.001816734,0.651200106,0.995488941,DERMASON
55039,938.168,384.276326,183.7589375,2.091198019,0.878253803,55850,264.7221776,0.588023504,0.985478962,0.785812925,0.68888495,0.006981891,0.000969928,0.474562474,0.992404106,HOROZ
84171,1135.22,407.5999068,263.9065404,1.54448581,0.762095465,85583,327.3680585,0.735047288,0.983501396,0.82075263,0.803160288,0.004842522,0.001242969,0.645066448,0.996295975,BARBUNYA
77995,1077.542,406.6296361,244.8143065,1.660971705,0.798452947,78742,315.1290502,0.789423077,0.990513322,0.844127818,0.774978069,0.005213535,0.001160031,0.600591007,0.99756467,CALI
28122,625.434,232.0299677,155.040053,1.496580808,0.743990873,28491,189.2248464,0.719545582,0.987048542,0.903427059,0.815518996,0.008250834,0.002251199,0.665071233,0.995332843,DERMASON
49784,856.101,328.2985726,194.09757,1.691410008,0.806508347,50440,251.7676657,0.770316272,0.986994449,0.853590638,0.766886264,0.00659446,0.001406963,0.588114542,0.994742822,SIRA
30372,638.102,233.8354234,165.653751,1.411591479,0.70579086,30634,196.6490057,0.791844822,0.991447411,0.937352719,0.840971838,0.007699046,0.002375431,0.707233632,0.998324968,DERMASON
81272,1094.556,422.5549309,246.9473155,1.711113685,0.811455145,82543,321.681091,0.803202056,0.984601965,0.852461628,0.761276387,0.005199268,0.001077188,0.579541737,0.991661797,CALI
36613,697.658,233.0502036,200.3535672,1.163194681,0.510797067,36993,215.90998,0.757030022,0.989727786,0.945279027,0.926452655,0.006365231,0.00289259,0.858314523,0.998386887,SEKER
49544,842.662,327.3932803,193.6279415,1.690836961,0.806361422,50024,251.1600685,0.821747856,0.990404606,0.876787019,0.767150958,0.006608132,0.001411828,0.588520592,0.995092369,SIRA
36287,697.326,256.3527668,180.7023551,1.418646518,0.70930945,36609,214.9466058,0.768206453,0.991204349,0.937754619,0.838479758,0.00706459,0.002153957,0.703048305,0.997377029,DERMASON
35242,707.012,267.9233055,168.5752625,1.589339394,0.777249725,35740,211.8289594,0.719312569,0.986066032,0.885965562,0.790632823,0.007602387,0.001832437,0.625100261,0.99349647,DERMASON
42315,744.441,256.9243649,210.0993786,1.222870656,0.575576453,42644,232.1144789,0.798396226,0.992284964,0.959497045,0.90343506,0.006071709,0.002495046,0.816194907,0.998100801,SEKER
28911,618.046,218.624846,168.8209692,1.295010016,0.63538586,29182,191.8609613,0.813706727,0.990713453,0.951111379,0.877580773,0.007561995,0.002766716,0.770148013,0.997349391,DERMASON
38498,726.546,264.5539977,185.9382943,1.422805338,0.711351098,38858,221.3982294,0.733840377,0.990735498,0.916477485,0.836873498,0.006871889,0.002079195,0.700357251,0.996472036,DERMASON
35442,706.77,272.2576727,166.2076726,1.638057188,0.792032214,35845,212.4291787,0.777577885,0.988757149,0.891603719,0.780250476,0.007681781,0.001756216,0.608790805,0.997234154,DERMASON
84471,1135.934,435.4694636,249.5624109,1.744932108,0.819493695,85565,327.9509378,0.697784496,0.987214398,0.822642802,0.753097439,0.005155254,0.001022903,0.567155752,0.989648282,CALI
50714,858.649,338.0860126,192.0866171,1.760070626,0.822918787,51270,254.1083829,0.81311528,0.989155452,0.864383351,0.751608684,0.006666522,0.00131234,0.564915614,0.994291378,SIRA
171116,1598.192,613.7203747,361.9939189,1.695388631,0.807523598,174786,466.7672417,0.673960992,0.979002895,0.841865241,0.760553602,0.003586575,0.000740251,0.578441782,0.980683621,BOMBAY
79236,1091.724,421.8782726,239.8612704,1.758842818,0.822644812,80255,317.6262089,0.665066309,0.987302972,0.835423508,0.752885914,0.005324326,0.001055264,0.566837199,0.996977537,CALI
75636,1108.609,404.0895988,239.0063265,1.690706705,0.806328001,77056,310.3268377,0.682309004,0.981571844,0.773359843,0.767965418,0.005342556,0.001146293,0.589770884,0.997129587,BARBUNYA
35087,678.15,237.2938758,188.4922823,1.258904995,0.607471966,35477,211.3626171,0.768945869,0.989006962,0.958748216,0.890720911,0.006763014,0.002625951,0.793383741,0.998794754,SEKER
40962,727.564,255.622513,204.2785081,1.251343156,0.601143226,41237,228.3734622,0.782912844,0.993331232,0.972408202,0.893401209,0.006240479,0.002452358,0.79816572,0.998779212,SEKER
46680,796.926,286.4499688,207.875944,1.377985174,0.688014212,47243,243.7925798,0.726423903,0.988082891,0.923644225,0.851082584,0.00613646,0.001986024,0.724341565,0.998131938,SEKER
46954,799.219,296.8753171,201.6864276,1.471964776,0.733801365,47395,244.5070338,0.724889616,0.990695221,0.923742361,0.82360176,0.006322684,0.001794528,0.67831986,0.99846294,SEKER
36007,692.918,254.009914,180.8653911,1.404414147,0.702138216,36355,214.1157077,0.79823978,0.990427727,0.942395311,0.842942326,0.007054459,0.002197025,0.710551765,0.997908951,DERMASON
50824,899.867,366.8201927,178.4143389,2.056001749,0.87374688,51974,254.3838175,0.73872093,0.977873552,0.78871855,0.693483681,0.00721746,0.001029696,0.480919616,0.988771571,HOROZ
76074,1094.85,390.4287458,250.4580578,1.558858794,0.767127281,77592,311.2240754,0.820470233,0.980436127,0.797511347,0.797134122,0.005132223,0.001278236,0.635422808,0.990534432,BARBUNYA
59622,963.272,384.2858517,198.9986156,1.931098117,0.855477442,60247,275.5232987,0.654546652,0.989626039,0.807455377,0.71697487,0.00644537,0.001050614,0.514052965,0.992686712,HOROZ
32795,651.03,225.2102521,185.6002312,1.213415795,0.566415511,33091,204.3425821,0.775992617,0.99105497,0.972334053,0.907341385,0.006867213,0.002871066,0.82326839,0.998966867,SEKER
83749,1122.304,436.0196041,246.3986313,1.769569911,0.825016208,84824,326.5463805,0.702403717,0.9873267,0.83554236,0.748925914,0.005206266,0.001010326,0.560890025,0.992534111,CALI
41986,744.924,261.5609811,204.7816195,1.277267861,0.622120969,42345,231.2103707,0.756913647,0.991522021,0.950802757,0.88396354,0.006229719,0.002346311,0.781391539,0.9980463,SEKER
68888,1079.833,364.5529324,241.5708805,1.509093031,0.748929512,70428,296.1603042,0.742503611,0.978133697,0.742403908,0.812393147,0.005291966,0.001421876,0.659982626,0.995975182,BARBUNYA
38998,747.763,281.3657909,177.618235,1.584104193,0.775561834,39652,222.8313168,0.768009768,0.983506507,0.876444167,0.791963075,0.007214877,0.001750767,0.627205511,0.993558881,SIRA
33364,682.308,247.8502632,171.7739074,1.442886565,0.720884544,33812,206.1076519,0.726283251,0.986750266,0.900589854,0.831581332,0.007428674,0.002191341,0.691527511,0.997795755,DERMASON
44148,783.07,295.578713,190.8405069,1.548825864,0.763633153,44559,237.0885476,0.776679216,0.990776274,0.90473153,0.802116449,0.006695178,0.001709588,0.643390798,0.996500308,SIRA
24056,568.914,200.9852743,152.6078737,1.317004618,0.650742163,24406,175.0115724,0.779874214,0.985659264,0.933985291,0.870768135,0.008354892,0.002962993,0.758237144,0.998601821,DERMASON
75037,1057.664,414.5013815,231.6883089,1.789047464,0.82919687,75812,309.095577,0.755598743,0.989777344,0.842926838,0.745704576,0.00552396,0.001053653,0.556075315,0.994845132,CALI
45609,834.651,341.0878231,172.5859991,1.97633542,0.862541113,46157,240.9796307,0.787380233,0.988127478,0.822717202,0.706503177,0.00747852,0.001149349,0.499146739,0.986481381,HOROZ
34239,666.439,232.6862934,187.7243461,1.239510475,0.59086546,34510,208.792837,0.769554077,0.992147204,0.968746459,0.897314723,0.006795943,0.002717745,0.805173713,0.998021251,SEKER
52149,862.522,329.8307886,202.0568407,1.632366355,0.790387218,52654,257.6784217,0.768071757,0.990409086,0.880877438,0.781244294,0.006324777,0.001453357,0.610342648,0.996302803,SIRA
52692,908.744,376.8417353,178.8124116,2.107469677,0.880254061,53308,259.0164823,0.703497997,0.988444511,0.801809937,0.687334916,0.007151783,0.000984618,0.472429286,0.995630395,HOROZ
39385,748.882,258.7458213,194.2559154,1.331984258,0.660575497,39895,223.9342302,0.767110748,0.987216443,0.882498406,0.865460277,0.006569654,0.002273583,0.749021491,0.997684836,SEKER
45674,809.693,305.7368435,190.6878534,1.603336752,0.781664372,46164,241.1512865,0.707816762,0.989385668,0.875463698,0.788754419,0.006693892,0.00159818,0.622133534,0.99748956,SIRA
79147,1072.47,408.1812274,250.2303887,1.63122165,0.790053831,80996,317.4477756,0.742996883,0.977171712,0.864717039,0.777712825,0.005157255,0.001163792,0.604837239,0.986623598,CALI
35748,697.09,261.0775794,174.7343346,1.494140119,0.743009137,36099,213.3442459,0.716105769,0.990276739,0.924451024,0.817168009,0.007303278,0.002008829,0.667763556,0.997732318,DERMASON
32631,671.953,237.0317762,176.1377229,1.345718408,0.66918315,33036,203.8310074,0.753324407,0.987740647,0.908160174,0.859931148,0.007264006,0.002450252,0.73948158,0.995133974,DERMASON
41586,745.494,262.3119312,202.0466643,1.298274,0.637737921,42002,230.1063661,0.743762631,0.99009571,0.94030492,0.87722417,0.006307698,0.002304056,0.769522244,0.999050722,SEKER
26695,617.57,226.5564046,150.6986145,1.503374171,0.746691595,27118,184.3614104,0.695019396,0.984401505,0.879563923,0.813755015,0.008486848,0.002295625,0.662197224,0.995530203,DERMASON
35221,674.683,237.2809781,189.1299913,1.254592021,0.603884463,35484,211.7658377,0.762755544,0.992588209,0.972326252,0.892468665,0.006736918,0.00263641,0.796500318,0.999282944,SEKER
43282,777.646,294.9903332,187.2555089,1.57533594,0.772688619,43678,234.7516858,0.73279832,0.990933651,0.899400863,0.795794504,0.006815543,0.001686102,0.633288892,0.997642752,SIRA
63819,966.163,364.7912673,224.6349532,1.623929233,0.787910025,64489,285.0559147,0.740703343,0.989610631,0.859130338,0.781421981,0.005716029,0.00131467,0.610620312,0.991604175,CALI
33731,671.696,231.1720126,186.1264562,1.242015871,0.593081148,34073,207.2381313,0.803214668,0.989962727,0.939493017,0.896467219,0.006853399,0.002730382,0.803653475,0.998150371,SEKER
25084,590.532,219.2852822,145.9218272,1.50275861,0.746448785,25369,178.7118931,0.788111097,0.988765817,0.903898745,0.814974408,0.008742038,0.002378857,0.664183287,0.998107152,DERMASON
24192,577.564,212.4681236,145.44657,1.460798447,0.728959209,24463,175.505587,0.776280323,0.988922046,0.911342045,0.826032555,0.008782578,0.002522263,0.682329782,0.996746286,DERMASON
42334,781.93,290.8127545,185.6955519,1.566072808,0.769588705,42863,232.1665843,0.70242915,0.987658353,0.870088478,0.798337008,0.006869484,0.00172127,0.637341979,0.998123942,SIRA
158935,1504.266,546.7005455,372.9206027,1.465997163,0.731231334,160484,449.847004,0.706377778,0.990347947,0.88263294,0.822839867,0.003439774,0.000972682,0.677065446,0.992576023,BOMBAY
52894,918.483,331.6248277,203.507299,1.629547586,0.789564751,53879,259.51249,0.717888165,0.981718295,0.787905315,0.782548435,0.006269611,0.001450325,0.612382053,0.997905697,BARBUNYA
41781,737.016,257.8640068,206.6063767,1.248093166,0.598366881,42107,230.6452285,0.772391992,0.992257819,0.966573451,0.894445221,0.006171801,0.002436726,0.800032253,0.998514787,SEKER
46150,804.515,303.9296996,194.8274072,1.559994582,0.767517604,46644,242.4046307,0.74050897,0.989409142,0.896010869,0.797568092,0.006585692,0.001643813,0.636114862,0.992335738,SIRA
43805,788.006,294.552311,190.3460792,1.547456676,0.763149778,44253,236.1657432,0.772411483,0.989876393,0.886491346,0.801778613,0.006724171,0.001714101,0.642848943,0.994780889,SIRA
43924,834.163,345.4243527,162.9959755,2.119220133,0.881667228,44618,236.4863078,0.712681724,0.984445739,0.793249673,0.684625464,0.007864137,0.00106572,0.468712026,0.993303962,HOROZ
32049,658.289,245.2688276,167.1506789,1.467351669,0.731818216,32335,202.0050845,0.809318182,0.991155095,0.929375353,0.823606842,0.007652932,0.002172138,0.67832823,0.99534606,DERMASON
74734,1062.473,381.3988414,250.9818411,1.519627236,0.752968887,75706,308.4708805,0.826740121,0.987160859,0.831940538,0.808788195,0.005103418,0.001347039,0.654138344,0.994046444,BARBUNYA
50695,832.041,302.4101617,213.8232786,1.414299526,0.707149758,51159,254.0607776,0.731571808,0.990930237,0.920207009,0.840119843,0.005965286,0.001833057,0.705801351,0.998214516,SEKER
43626,760.859,264.4892473,210.3242018,1.257531207,0.606335563,44036,235.6827282,0.764416253,0.990689436,0.946993275,0.891086237,0.006062652,0.002357878,0.794034682,0.998523392,SEKER
31611,655.395,247.5684815,163.1310109,1.517605268,0.752201747,31879,200.6199772,0.801394347,0.991593212,0.924787287,0.810361545,0.007831719,0.002083302,0.656685834,0.996589881,DERMASON
44370,761.446,258.4358299,218.8442898,1.180911918,0.531906314,44732,237.6839048,0.786437193,0.991907359,0.96165894,0.919701827,0.005824562,0.002570581,0.84585145,0.998876058,SEKER
36289,704.438,262.904149,176.0537875,1.4933172,0.74267675,36635,214.9525293,0.775837003,0.99055548,0.918965726,0.817607976,0.007244734,0.001997021,0.668482803,0.998256868,DERMASON
35214,711.303,269.6926242,166.73063,1.617534967,0.786001446,35659,211.7447929,0.71874107,0.987520682,0.87461303,0.785133793,0.007658676,0.001795181,0.616435073,0.997105285,DERMASON
45886,784.353,272.1067918,215.2976279,1.263863399,0.611525468,46375,241.7103013,0.761075451,0.989455526,0.937274801,0.888292055,0.005930061,0.002277519,0.789062775,0.997267561,SEKER
29389,639.878,237.7820281,158.1594914,1.503431921,0.746714355,29726,193.4405257,0.681199731,0.988663123,0.901987077,0.813520379,0.008090851,0.002185988,0.661815408,0.99499441,DERMASON
26724,605.805,223.6799618,153.1847776,1.460197059,0.728694342,27029,184.4615233,0.691185599,0.988715824,0.915051675,0.82466718,0.008370003,0.002387922,0.680075958,0.993044914,DERMASON
38814,755.282,275.3088214,179.8273925,1.530961538,0.757198986,39413,222.305015,0.738765488,0.984801969,0.855027329,0.807475089,0.007093029,0.001860065,0.652016019,0.998211447,DERMASON
46924,820.238,305.0065164,197.481314,1.54448292,0.762094435,47545,244.4289107,0.694306345,0.98693869,0.876445911,0.801389143,0.006500011,0.001653742,0.642224558,0.991904861,SIRA
46274,834.059,318.9300788,185.9829343,1.714835181,0.812367066,46945,242.7300696,0.663940542,0.985706678,0.835898143,0.761076128,0.006892209,0.00142643,0.579236873,0.993295768,SIRA
39509,737.717,261.8813448,192.28283,1.361959073,0.678893828,40027,224.2864712,0.773321589,0.987058735,0.912276145,0.856443102,0.006628397,0.002199796,0.733494786,0.998989879,SEKER
61475,1002.253,424.3199905,185.4914387,2.287544878,0.899388665,62524,279.7720519,0.71281974,0.983222443,0.769048398,0.659342143,0.006902318,0.00080467,0.434732062,0.994469101,HOROZ
35536,709.556,271.8795357,168.0718547,1.617638695,0.786032625,36063,212.7106966,0.796164359,0.985386684,0.886962077,0.782371119,0.00765082,0.001768231,0.612104568,0.990164035,DERMASON
50973,901.106,347.3629702,189.5035976,1.833015175,0.838078784,51881,254.7564313,0.7746892,0.98249841,0.788857022,0.733401235,0.006814646,0.001216157,0.537877372,0.985937384,HOROZ
50986,859.921,333.2009792,195.5173619,1.704201489,0.809742721,51562,254.7889154,0.667268682,0.988828983,0.866450379,0.764670368,0.006535146,0.001378263,0.584720772,0.99648201,SIRA
45081,795.047,295.8158994,194.4432888,1.521347953,0.753618713,45531,239.5807002,0.711011924,0.990116624,0.896226536,0.809897983,0.006561875,0.001741522,0.655934743,0.997904978,SIRA
37916,732.54,259.5328974,186.6859006,1.390211562,0.694684073,38307,219.7183437,0.784912847,0.989792988,0.887911519,0.846591495,0.006844944,0.002168929,0.71671716,0.996388482,SEKER
76274,1085.99,420.7147372,237.5968264,1.770708572,0.825265004,79162,311.6329139,0.775142276,0.963517849,0.812708373,0.7407226,0.005515834,0.001024267,0.54866997,0.971534619,CALI
41759,775.473,304.2975203,175.5608924,1.733287615,0.816787735,42315,230.5844968,0.717360682,0.986860451,0.872622871,0.757760025,0.007286993,0.001482023,0.574200256,0.995254192,DERMASON
33066,673.337,250.7839681,168.1504603,1.491425999,0.741910216,33406,205.185133,0.710913313,0.989822188,0.916487542,0.81817484,0.007584345,0.00209644,0.669410068,0.99837558,DERMASON
40556,753.828,284.165244,182.2939555,1.558829766,0.767117292,41011,227.2388677,0.766349842,0.988905416,0.896851314,0.799671573,0.007006737,0.00176743,0.639474625,0.99683208,DERMASON
47447,785.622,267.906122,225.6713571,1.187151641,0.538927159,47852,245.7872997,0.765966034,0.991536404,0.966031635,0.91743816,0.005646429,0.002467521,0.841692778,0.999216963,SEKER
40646,741.995,253.3851611,204.8299855,1.237051111,0.588669191,41085,227.4908669,0.736861188,0.989314835,0.927738798,0.897806588,0.006233951,0.002498471,0.806056669,0.997133298,SEKER
64437,1082.767,367.789471,223.9394257,1.64236141,0.793262818,65869,286.4327784,0.823349774,0.978259879,0.690677255,0.778795482,0.005707737,0.001295202,0.606522403,0.996128989,BARBUNYA
91671,1251.82,446.6364958,262.1577749,1.703693496,0.809615905,93273,341.6418334,0.685534168,0.982824612,0.7351197,0.764921444,0.004872168,0.001028891,0.585104816,0.996839268,BARBUNYA
60321,941.694,357.5161265,215.1371786,1.661805407,0.798680607,61010,277.1336908,0.691675267,0.988706769,0.854788735,0.775164168,0.005926893,0.001320023,0.600879488,0.998544781,BARBUNYA
89128,1136.959,433.8362787,264.0191842,1.64319983,0.793501182,90295,336.8698475,0.75274484,0.987075696,0.866431868,0.776490727,0.004867564,0.001091532,0.602937849,0.990747372,CALI
28856,616.758,219.7039144,167.5953485,1.310918927,0.646606552,29176,191.6783772,0.758869165,0.989032081,0.953271064,0.872439518,0.007613804,0.002720964,0.761150713,0.997806876,DERMASON
62816,1005.634,413.0849867,194.313119,2.125872863,0.882455964,63566,282.8070283,0.625408204,0.98820124,0.780549133,0.6846219,0.006576111,0.000891153,0.468707145,0.996411801,HOROZ
94904,1191.159,441.7569765,274.764577,1.607765387,0.783032098,95752,347.6140471,0.808209495,0.991143788,0.84053327,0.786889773,0.004654777,0.001100866,0.619195515,0.995521117,CALI
37660,721.007,271.8475263,176.7023918,1.538448481,0.759929489,38035,218.9753439,0.716841785,0.99014066,0.910355913,0.805507951,0.007218469,0.001874581,0.648843059,0.998211619,DERMASON
73299,1042.622,408.6516884,229.4278965,1.781176982,0.827526591,73978,305.4949842,0.715628844,0.990821596,0.847333047,0.747568144,0.005575133,0.001074084,0.55885813,0.995425237,CALI
78217,1171.758,400.5241402,249.4304055,1.605755078,0.782412939,80156,315.5772132,0.696376425,0.975809671,0.715871651,0.787910594,0.005120679,0.001217349,0.620803104,0.996857737,BARBUNYA
36257,690.403,221.7925064,208.3149927,1.064697761,0.343278441,36639,214.8577347,0.788744344,0.989573951,0.955864628,0.968733066,0.006117233,0.00332316,0.938443753,0.999158963,SEKER
54987,946.884,401.5068833,176.3237882,2.277099916,0.898411272,55691,264.5970953,0.753824852,0.987358819,0.770683984,0.65901011,0.007301851,0.000849535,0.434294325,0.988931571,HOROZ
35858,696.918,260.7961094,175.4728189,1.486247905,0.739792342,36151,213.672234,0.822506652,0.991895107,0.927753419,0.819307598,0.007273024,0.002021542,0.67126494,0.997666111,DERMASON
32341,671.458,252.0921978,164.3419371,1.533949291,0.758294601,32694,202.923237,0.700871186,0.989202912,0.901416707,0.804956436,0.007794818,0.002018716,0.647954863,0.993929903,DERMASON
66293,973.989,372.5145897,227.7918727,1.635328712,0.791246089,67110,290.528603,0.727591013,0.987825957,0.87815147,0.779912011,0.005619215,0.001282442,0.608262746,0.994709532,CALI
23878,582.76,223.9356772,136.1406371,1.644884893,0.79397893,24162,174.3628798,0.705468727,0.988246006,0.883544327,0.778629301,0.009378326,0.002126317,0.606263588,0.997233817,DERMASON
32257,679.625,261.0839521,157.7447956,1.655103429,0.796838886,32758,202.6595371,0.802572651,0.984706026,0.877597033,0.776223646,0.00809387,0.001812523,0.602523148,0.997238128,DERMASON
70006,1013.071,387.8711935,230.873465,1.680016339,0.803553671,70848,298.5538604,0.777326227,0.988115402,0.857166838,0.769724242,0.005540542,0.0011997,0.592475409,0.995368367,CALI
30440,637.929,236.8631454,164.1340815,1.44310763,0.720986597,30717,196.8690218,0.773668827,0.990982192,0.939960971,0.831150923,0.007781312,0.002290615,0.690811856,0.996915861,DERMASON
70188,1041.532,403.257678,224.9807702,1.792409537,0.829902661,71768,298.9416953,0.799589884,0.977984617,0.813069174,0.741316809,0.005745393,0.001070323,0.549550612,0.985019758,CALI
50545,858.245,325.3806656,198.9610812,1.63539856,0.791266272,51199,253.6846325,0.815110466,0.987226313,0.862314127,0.779654907,0.006437445,0.001467246,0.607861774,0.994096269,SIRA
28584,625.161,232.7674861,156.5727079,1.486641505,0.739954318,28869,190.772847,0.752626451,0.990127819,0.919071106,0.819585459,0.008143279,0.002266502,0.671720325,0.998607315,DERMASON
22158,542.436,198.7751249,142.1554953,1.39829364,0.698963474,22424,167.9655972,0.743656867,0.98813771,0.946331753,0.845003102,0.008970806,0.002821269,0.714030242,0.998423947,DERMASON
176492,1593.206,587.5180638,383.5110041,1.531945779,0.757560793,178253,474.0428185,0.752711376,0.990120783,0.873757712,0.806856585,0.003328865,0.000870285,0.651017548,0.997323585,BOMBAY
39370,743.739,277.1816325,181.3831739,1.528155156,0.756162564,39933,223.8915829,0.716339156,0.985901385,0.894404896,0.807743215,0.007040428,0.001848724,0.652449101,0.997043458,DERMASON
59385,910.603,310.991389,243.6819281,1.276218517,0.621309979,60094,274.975145,0.790882576,0.988201817,0.899970909,0.884188935,0.005236868,0.001974384,0.781790073,0.997734968,SEKER
59516,939.011,353.4800427,216.6419379,1.631632574,0.790173606,60643,275.2782678,0.760102171,0.981415827,0.848207756,0.778766082,0.005939244,0.001347532,0.60647661,0.989546993,CALI
48017,862.741,363.0084182,168.846402,2.149932803,0.885241958,48462,247.2592632,0.645650128,0.990817548,0.810669832,0.681139199,0.007559998,0.001003795,0.463950608,0.997462632,HOROZ
34082,686.201,254.7842451,170.5746452,1.493681811,0.742824107,34426,208.3135861,0.797109245,0.990007552,0.909561864,0.8176078,0.007475625,0.002060665,0.668482515,0.998500173,DERMASON
50206,901.06,374.2108249,172.7133563,2.166658288,0.887119271,50896,252.8324832,0.718871707,0.986442942,0.777066281,0.675641821,0.007453508,0.000958091,0.456491871,0.989061895,HOROZ
47450,825.973,321.9481676,188.4459535,1.70843768,0.810795087,47802,245.7950699,0.816077325,0.992636291,0.874005929,0.763461621,0.006784998,0.00142193,0.582873647,0.995803301,SIRA
57239,919.405,356.0448175,206.1805585,1.726859313,0.815266484,58301,269.9610311,0.69659243,0.981784189,0.850918918,0.758222049,0.006220319,0.001268172,0.574900676,0.992772586,SIRA
40201,740.834,270.1332037,189.9135511,1.422400887,0.711153587,40625,226.2421334,0.769470763,0.989563077,0.920459976,0.837520639,0.006719564,0.002039403,0.701440821,0.997730046,DERMASON
44856,792.403,298.9999653,191.745199,1.559360896,0.767299962,45416,238.9820768,0.692222222,0.987669544,0.897714386,0.799271253,0.006665774,0.001678059,0.638834535,0.996173593,SIRA
39834,739.577,272.7283641,186.4733818,1.462559221,0.729732272,40256,225.2070692,0.778007813,0.989517091,0.915159916,0.825755949,0.006846623,0.001963645,0.681872888,0.99727948,DERMASON
34474,672.3,225.6494093,194.6503481,1.159255102,0.505847536,34774,209.5081384,0.793308174,0.991372865,0.958462926,0.92846748,0.006545495,0.003000469,0.862051862,0.999338019,SEKER
35499,699.309,271.0406628,167.2360504,1.620707151,0.786951691,35770,212.5999309,0.81991408,0.992423819,0.912195127,0.784383895,0.007635163,0.001782842,0.615258095,0.997153195,DERMASON
77106,1078.866,424.4677072,233.2611548,1.819710219,0.835468692,78310,313.3279565,0.740563591,0.984625208,0.832459329,0.73816677,0.005504989,0.001008217,0.544890181,0.99154223,CALI
45134,786.873,291.1390368,198.0848825,1.469769086,0.732860448,45589,239.7214918,0.810625382,0.990019522,0.91601883,0.823391787,0.006450548,0.001828953,0.677974035,0.996465278,SIRA
34123,683.185,256.8595849,169.4770894,1.515600639,0.751437374,34498,208.4388471,0.742886378,0.989129805,0.918714192,0.811489465,0.007527462,0.002013538,0.658515152,0.998045985,DERMASON
78502,1111.104,388.4329683,258.2775381,1.503936313,0.746913004,79717,316.1516262,0.730604572,0.984758583,0.799063261,0.813915532,0.004948065,0.001339468,0.662458494,0.996295385,BARBUNYA
41063,752.361,272.9495451,191.7885087,1.423179871,0.711533799,41507,228.6548391,0.798021611,0.989303009,0.911607709,0.837718337,0.006647092,0.002019313,0.701772012,0.998747802,SIRA
34922,694.541,255.6155783,175.0669504,1.460101851,0.728652371,35279,210.8650549,0.693667567,0.989880666,0.909731423,0.824930375,0.007319615,0.002090919,0.680510124,0.993614091,DERMASON
28278,680.236,237.1094314,153.0891717,1.548832153,0.76363537,29241,189.7489601,0.712023165,0.96706679,0.76796129,0.800259015,0.008384943,0.002121301,0.640414491,0.991894556,DERMASON
164154,1532.775,589.430266,356.9019467,1.651518776,0.795842826,165847,457.1732322,0.748809415,0.989791796,0.87802022,0.775618862,0.003590715,0.000801593,0.601584619,0.993528294,BOMBAY
27761,632.209,250.318697,141.4044702,1.770231851,0.825160909,28012,188.0063909,0.67381068,0.991039554,0.872817855,0.751068111,0.009016919,0.001769927,0.564103307,0.998593642,DERMASON
50761,901.822,380.1711848,170.3955307,2.231110072,0.893929608,51229,254.2261051,0.696940989,0.990864549,0.784329196,0.668714819,0.007489435,0.000923831,0.44717951,0.997706708,HOROZ
63557,1023.845,372.0830453,218.3550724,1.704027487,0.809699298,64632,284.4701843,0.714115572,0.983367372,0.761912022,0.764534122,0.00585432,0.001233797,0.584512424,0.996025236,BARBUNYA
41496,734.055,251.309916,210.3701975,1.194607977,0.547058015,41823,229.8572343,0.7904,0.992181336,0.967740455,0.914636549,0.006056244,0.002614432,0.836560017,0.999361269,SEKER
53574,927.901,377.7799429,181.8434323,2.077501168,0.876529852,54126,261.1752962,0.824735602,0.989801574,0.781916994,0.69134241,0.007051554,0.000993659,0.477954328,0.992950675,HOROZ
42438,782.142,297.9735621,182.2210678,1.635231127,0.791217885,43022,232.4515859,0.790735807,0.98642555,0.871753214,0.780108088,0.007021386,0.001604064,0.60856863,0.995150366,SIRA
170598,1620.307,614.4028157,357.4440405,1.718878331,0.813349954,172462,466.0602105,0.685226095,0.989191822,0.816562033,0.758558064,0.003601466,0.000735554,0.575410337,0.989060359,BOMBAY
32518,655.131,220.8211992,187.6655865,1.176673909,0.527019605,32842,203.4777716,0.794032183,0.990134584,0.952088655,0.921459408,0.006790737,0.003019962,0.849087441,0.999099038,SEKER
80170,1078.862,416.0825942,247.7927835,1.679155415,0.803327516,81325,319.4927453,0.758991546,0.985797725,0.865545603,0.767858953,0.005190004,0.001112944,0.589607372,0.990042412,CALI
31209,654.454,241.1930189,165.0399444,1.46142208,0.729233427,31597,199.3402442,0.767635773,0.987720353,0.915654142,0.826476011,0.007728316,0.002224261,0.683062597,0.998242761,DERMASON
39900,745.235,284.4319098,179.2281691,1.586982176,0.776492251,40298,225.3935621,0.788849348,0.990123579,0.902809817,0.792434162,0.007128619,0.001733955,0.627951901,0.996548474,DERMASON
49254,842.823,321.5933468,195.7813148,1.642615115,0.793334993,49838,250.4239217,0.789326923,0.988282034,0.871321866,0.778697458,0.006529284,0.001480882,0.606369731,0.996032085,SIRA
66266,986.107,374.0023758,227.5559785,1.643562073,0.793604033,67126,290.4694333,0.783202733,0.987188273,0.856352435,0.776651305,0.005643956,0.001266682,0.60318725,0.991375687,CALI
39273,729.415,253.7961875,197.5272,1.284867034,0.627904183,39696,223.6156002,0.753540044,0.989344015,0.927586803,0.88108337,0.006462358,0.002402364,0.776307905,0.997452435,SEKER
50641,888.595,359.820388,179.7825674,2.001419788,0.86623009,51236,253.9254296,0.623365913,0.988387072,0.805943147,0.705700505,0.007105318,0.001087039,0.498013203,0.996733479,HOROZ
71385,1066.275,377.31638,241.9376684,1.559560289,0.76736848,72551,301.480024,0.701117703,0.983928547,0.789002491,0.799011228,0.005285654,0.001328893,0.638418942,0.99565283,BARBUNYA
31855,664.685,251.8856928,161.2512721,1.562069492,0.768227959,32169,201.3927648,0.718360996,0.99023905,0.906057411,0.79954031,0.007907258,0.001993274,0.639264707,0.998575895,DERMASON
31992,664.928,237.7309518,171.97862,1.382328523,0.690411323,32361,201.8253689,0.809903547,0.988597386,0.909289157,0.848965468,0.00743095,0.002381136,0.720742366,0.996302731,DERMASON
65693,988.933,384.5957961,222.1746091,1.731051976,0.816260916,67513,289.2108667,0.716937684,0.973042229,0.844102567,0.751986552,0.005854441,0.001154797,0.565483775,0.978881805,CALI
33165,674.921,261.1331351,162.0316558,1.611618013,0.784210853,33414,205.4920668,0.816751219,0.992548034,0.914921815,0.786924519,0.007873757,0.00186249,0.619250199,0.997994775,DERMASON
43999,790.708,289.945887,196.0156435,1.479197689,0.736862944,44623,236.6881212,0.703421263,0.98601618,0.884342312,0.816318258,0.006589829,0.001805061,0.666375498,0.985701096,SIRA
43991,781.199,284.1605096,198.401177,1.432252136,0.715901698,44490,236.6666027,0.830614403,0.988783996,0.905837595,0.832862395,0.006459515,0.001917223,0.69365977,0.993495687,SIRA
27030,607.861,219.6720226,157.2078142,1.397335264,0.69846126,27401,185.5145948,0.72657384,0.986460348,0.919279021,0.844507155,0.008126971,0.002549892,0.713192335,0.996568799,DERMASON
49388,830.595,314.0555206,201.2631223,1.56042258,0.767664417,50019,250.7643408,0.685259185,0.987384794,0.899606695,0.798471367,0.006358944,0.001594418,0.637556524,0.994857596,SIRA
38695,746.287,284.8594599,173.8530483,1.638507134,0.7921614,39226,221.9639705,0.698289241,0.98646306,0.873077833,0.779205193,0.007361661,0.001674029,0.607160733,0.994837192,DERMASON
165950,1572.499,595.2191258,357.0544198,1.667026349,0.800097077,167660,459.6673824,0.743243848,0.989800787,0.843347118,0.772265814,0.003586738,0.000786949,0.596394487,0.994205324,BOMBAY
47775,852.11,341.6923548,178.6041407,1.913126725,0.852513916,48428,246.6353974,0.794079516,0.986516065,0.82683573,0.721805431,0.007152116,0.001197553,0.52100308,0.996744916,HOROZ
40514,766.818,299.5296828,172.7269021,1.734122937,0.816983966,40949,227.1211723,0.799266113,0.98937703,0.865825536,0.758259316,0.007393239,0.001507598,0.57495719,0.997046451,SIRA
48314,829.738,317.8125223,194.213286,1.636409788,0.791558131,48864,248.0227719,0.74196818,0.98874427,0.881862548,0.780405914,0.006578063,0.001505081,0.60903339,0.996628201,SIRA
37997,706.226,246.9038174,196.2197834,1.258302365,0.606974188,38305,219.9529108,0.776177636,0.991959274,0.957352263,0.890844513,0.006497982,0.002524445,0.793603946,0.998593721,SEKER
46137,804.134,301.8584982,195.156389,1.546751811,0.762900314,46601,242.3704868,0.774110738,0.990043132,0.896607496,0.802927492,0.006542656,0.00167741,0.644692557,0.99717938,SIRA
33251,658.962,217.452163,194.9834825,1.115233763,0.442693503,33565,205.7583245,0.757943925,0.990645017,0.962263101,0.946223398,0.006539718,0.003233803,0.895338718,0.998511968,SEKER
42963,789.231,311.4863791,175.8779258,1.77103737,0.825336743,43364,233.8849943,0.759224571,0.990752698,0.866754675,0.750867486,0.007250108,0.0014216,0.563801981,0.998514378,SIRA
32749,676.089,255.6686374,163.3931339,1.564745294,0.769138901,33101,204.199221,0.717408925,0.98936588,0.900326778,0.798687015,0.007806914,0.001959592,0.637900949,0.998152508,DERMASON
42438,762.303,287.5245902,188.8720731,1.522324532,0.753986288,42893,232.4515859,0.809267735,0.989392209,0.917718559,0.808458107,0.006775168,0.001785377,0.653604511,0.994998181,SIRA
29756,635.482,237.7558875,159.7211444,1.488568645,0.740745022,30124,194.6445887,0.737813042,0.987783827,0.92592947,0.818674106,0.007990183,0.002214016,0.670227292,0.997679332,DERMASON
76362,1065.768,420.3790294,233.6133827,1.799464673,0.831368968,77651,311.812633,0.796965016,0.983400085,0.844815369,0.741741646,0.005505081,0.001027908,0.550180669,0.990030677,CALI
56131,895.196,352.1789922,203.3050691,1.732268623,0.816547909,56543,267.3353865,0.785290579,0.99271351,0.880189893,0.759089533,0.006274233,0.001285028,0.576216918,0.998162488,SIRA
24307,574.45,216.8926579,143.1742788,1.514885633,0.751163817,24647,175.9222374,0.721361586,0.986205218,0.925628584,0.811102778,0.008923053,0.002382302,0.657887717,0.99662465,DERMASON
29248,631.381,235.8564911,158.2645293,1.490267542,0.741438839,29614,192.9759317,0.713296264,0.987640981,0.921983228,0.818192159,0.008064021,0.002229219,0.669438409,0.997642332,DERMASON
43392,794.102,303.1735207,183.230945,1.654597812,0.796698859,43892,235.0498039,0.758734044,0.988608402,0.864702973,0.775297933,0.006986853,0.001557169,0.601086885,0.994557044,SIRA
60874,921.145,310.3337608,250.9693725,1.23654037,0.588210412,61578,278.4011208,0.8203822,0.988567345,0.901541464,0.897102268,0.005097969,0.002036783,0.80479248,0.995158391,BARBUNYA
40988,764.163,293.0813531,179.1694284,1.635777687,0.791375771,41498,228.445929,0.675032938,0.987710251,0.882052794,0.779462516,0.007150418,0.001628142,0.607561814,0.993836059,DERMASON
38147,727.24,265.5571724,183.4325973,1.44770982,0.723097325,38558,220.3866351,0.718751178,0.989340733,0.906389231,0.829902778,0.006961417,0.002036978,0.688738621,0.997093665,SIRA
39923,752.984,274.9605285,185.8182827,1.479728068,0.737085184,40504,225.4585158,0.744082454,0.985655738,0.884833459,0.81996684,0.006887271,0.00192049,0.672345619,0.994888685,SIRA
44290,764.47,266.3331823,212.346134,1.254240787,0.603589734,44661,237.4695337,0.779040315,0.991692976,0.952345754,0.891625789,0.006013393,0.00234439,0.794996547,0.997117095,SEKER
32044,660.301,245.4266568,166.505768,1.473982912,0.734661433,32368,201.9893264,0.751677223,0.989990114,0.923576081,0.823012989,0.007659052,0.002167612,0.67735038,0.998402886,DERMASON
38713,734.278,269.888704,183.1876498,1.473290936,0.734367045,39159,222.0155907,0.726322702,0.988610537,0.902288992,0.822619055,0.006971526,0.001969258,0.67670211,0.996979084,SIRA
41608,760.435,288.4697885,184.8417065,1.560631494,0.767736025,42168,230.1672239,0.762889622,0.986719788,0.90419585,0.797890223,0.006933037,0.001733308,0.636628808,0.993542968,SIRA
51828,932.413,379.141053,174.6356099,2.171040908,0.887603383,52624,256.8841356,0.653247457,0.984873822,0.749130836,0.677542391,0.007315371,0.000950959,0.459063692,0.996646054,HOROZ
66040,1020.017,369.2521146,229.0483291,1.612114422,0.784361993,67289,289.9736877,0.722617354,0.981438274,0.797631155,0.785300006,0.00559134,0.001311711,0.616696099,0.994184674,BARBUNYA
47571,852.287,330.8592135,185.3330451,1.78521436,0.828386586,48377,246.1082656,0.646960424,0.98333919,0.822963202,0.743845888,0.006955061,0.001313447,0.553306706,0.987771076,SIRA
82399,1095.949,425.5856627,249.0755998,1.708660596,0.81085021,84147,323.9037901,0.77002654,0.979226829,0.862087039,0.761077777,0.005164937,0.001068959,0.579239383,0.989723509,CALI
38959,718.457,258.5421323,192.1426476,1.345573903,0.669094522,39336,222.7198676,0.772996032,0.990415904,0.948453632,0.861445156,0.006636262,0.002254311,0.742087757,0.99853392,SEKER
78208,1085.393,428.2633423,236.0708384,1.814130645,0.834354513,79877,315.5590568,0.729661143,0.979105375,0.83423232,0.736834152,0.005475953,0.000995677,0.542924568,0.984936097,CALI
56545,975.553,339.5660561,212.5891557,1.597287759,0.77977387,57685,268.3194552,0.792024428,0.980237497,0.746624668,0.790183384,0.006005236,0.00144418,0.62438978,0.997330152,BARBUNYA
31507,644.759,232.2807816,173.1442548,1.34154484,0.666607063,31766,200.289686,0.824920145,0.991846628,0.95240593,0.862274032,0.007372355,0.002514011,0.743516506,0.997460732,DERMASON
45809,807.796,303.6566545,192.8801427,1.574328235,0.772354639,46449,241.5074125,0.753164973,0.986221447,0.882180144,0.795330545,0.006628755,0.001636072,0.632550676,0.995842389,SIRA
67012,1010.404,382.8597507,224.0108652,1.709112415,0.810961859,68008,292.0998603,0.807801726,0.985354664,0.82484497,0.762942199,0.005713301,0.00119408,0.5820808,0.994841521,BARBUNYA
48641,861.054,343.0666475,182.6998015,1.877761468,0.846399172,49333,248.8606934,0.796662081,0.985972878,0.824425814,0.725400429,0.007053034,0.001204667,0.526205783,0.988088943,HOROZ
77977,1055.268,402.5569313,247.7280324,1.624995474,0.788225644,78830,315.0926847,0.73936377,0.989179246,0.87993552,0.782728256,0.005162509,0.001195321,0.612663523,0.995575451,CALI
28237,615.544,221.3797909,162.7226031,1.36047351,0.678025696,28558,189.6113526,0.738550467,0.988759717,0.936505243,0.85649802,0.007840061,0.002602583,0.733588858,0.998028209,DERMASON
41408,756.571,287.1576793,184.1275133,1.559558776,0.76736796,41755,229.6133774,0.684656085,0.991689618,0.909064583,0.799607303,0.006934836,0.001748731,0.639371838,0.997137961,DERMASON
43741,775.79,287.5840722,194.3038502,1.480073976,0.737229962,44199,235.9931586,0.706137802,0.989637775,0.913293186,0.820605804,0.006574703,0.001839053,0.673393885,0.996672765,SIRA
40769,812.578,329.6831125,158.2840497,2.082857452,0.877208474,41473,227.8348152,0.704419794,0.983025101,0.775907238,0.691072143,0.008086613,0.001137732,0.477580707,0.994732535,HOROZ
48226,821.186,305.6394848,201.3631148,1.517852389,0.752295712,48664,247.7967923,0.775387485,0.990999507,0.898686116,0.810748626,0.00633765,0.00168909,0.657313334,0.997704614,SIRA
34036,666.067,226.9280102,191.1104706,1.187417987,0.539222369,34369,208.1729597,0.753842746,0.990311036,0.964078826,0.917352422,0.006667294,0.002912555,0.841535465,0.999254348,SEKER
39141,713.315,254.0004503,196.5365763,1.292382594,0.633473145,39440,223.239488,0.760758017,0.992418864,0.966671841,0.878894064,0.00648937,0.002388518,0.772454776,0.998307107,SEKER
46646,819.003,309.0538978,193.0813074,1.600641211,0.780825143,47273,243.7037788,0.799170779,0.986736615,0.873882992,0.788547825,0.006625518,0.001580199,0.621807672,0.995290985,SIRA
69057,1015.989,398.4042886,222.611652,1.789682998,0.829330637,70214,296.5233604,0.778984772,0.983521805,0.84069712,0.744277531,0.005769209,0.001092033,0.553949044,0.991393185,CALI
75542,1136.864,406.8328176,236.9368628,1.717051593,0.812906882,77278,310.1339415,0.699657312,0.977535651,0.734482266,0.76231299,0.005385518,0.001121865,0.581121094,0.9978149,BARBUNYA
68505,1028.344,420.6668096,208.2468565,2.020039182,0.86887024,69129,295.3358681,0.73804137,0.990973398,0.814057905,0.702066009,0.006140673,0.000920254,0.492896681,0.995670608,HOROZ
68226,1011.284,385.8758434,227.5336849,1.695906448,0.807655115,69707,294.733848,0.788922294,0.978753927,0.838327093,0.763804869,0.005655847,0.001187428,0.583397878,0.989388223,CALI
91565,1153.995,453.3610781,259.4846038,1.747159837,0.820004217,92497,341.4442545,0.785291595,0.989923998,0.864035347,0.753139762,0.004951249,0.000982645,0.567219501,0.991023131,CALI
86498,1145.822,380.1703566,290.3756566,1.309236322,0.6454482,87924,331.8624326,0.759874201,0.983781448,0.827907119,0.87293085,0.004395135,0.001574241,0.762008269,0.997648903,BARBUNYA
40441,738.262,269.3863251,192.0585214,1.402626258,0.701216605,40834,226.9164613,0.826152683,0.990375667,0.932418153,0.842345881,0.006661218,0.002068689,0.709546583,0.995228669,SIRA
23740,566.508,205.0815284,147.4884517,1.39049211,0.694834318,24021,173.8582951,0.745228528,0.988301903,0.929562262,0.847752094,0.008638649,0.002752334,0.718683613,0.999323894,DERMASON
58490,945.13,383.2262065,195.2039971,1.963208808,0.860547519,59119,272.8951831,0.795619942,0.989360442,0.822826724,0.712099482,0.006551995,0.00103924,0.507085672,0.995515058,HOROZ
35561,708.141,259.7683482,174.8105517,1.485999247,0.739689928,36021,212.7855057,0.793648314,0.987229672,0.89113674,0.819135615,0.007304866,0.002028688,0.670983156,0.997080465,SIRA
34113,673.914,221.2423662,196.5103818,1.125855866,0.459431581,34492,208.4083026,0.77466164,0.989011945,0.943888774,0.941990931,0.006485573,0.003150032,0.887346915,0.99902473,SEKER
35414,697.42,258.9546893,174.6907701,1.482360454,0.738183696,35770,212.3452501,0.701267327,0.990047526,0.914947241,0.820009287,0.007312212,0.002039406,0.672415231,0.996761747,DERMASON
27784,623.477,234.0884161,151.4629612,1.545515909,0.762461884,28116,188.0842564,0.695451929,0.988191777,0.898180786,0.803475283,0.008425296,0.002165983,0.645572531,0.997742617,DERMASON
66372,1060.47,369.2427646,230.3727641,1.602805636,0.781499421,67927,290.7016599,0.744239244,0.977107777,0.741648281,0.787291418,0.005563231,0.001318405,0.619827778,0.993463455,BARBUNYA
63411,995.926,406.657802,199.7408488,2.035927074,0.871059941,64068,284.143261,0.625102276,0.989745271,0.803378723,0.698728168,0.006413048,0.000942925,0.488221053,0.99398246,HOROZ
39261,714.215,243.4054931,205.5627348,1.184093476,0.535511524,39589,223.5814343,0.77946753,0.99171487,0.967193317,0.918555417,0.006199676,0.002722515,0.843744055,0.99907183,SEKER
186103,1646.095,622.0727101,384.8835009,1.616262346,0.785618328,189236,486.7789015,0.797664052,0.983443954,0.863084757,0.782511262,0.003342626,0.00077309,0.612323875,0.989676023,BOMBAY
39152,721.127,243.7752217,204.7996083,1.190310977,0.542405857,39565,223.2708549,0.787449718,0.989561481,0.946107103,0.915888224,0.00622638,0.002702622,0.838851239,0.998493838,SEKER
62626,993.13,363.8432009,219.8378372,1.655052677,0.796824837,63602,282.3790002,0.768483183,0.984654571,0.797907111,0.776100802,0.005809779,0.001300205,0.602332456,0.996891943,BARBUNYA
50769,881.294,352.3135317,184.5966435,1.908558709,0.851745585,51334,254.2461375,0.749844918,0.988993649,0.821422976,0.721647381,0.006939541,0.001160942,0.520774943,0.993929553,HOROZ
38060,755.921,304.4258079,159.3401004,1.910541083,0.852079779,38480,220.1351791,0.702940307,0.989085239,0.837000711,0.723116022,0.007998576,0.001349039,0.522896781,0.999015782,HOROZ
48335,828.946,315.5246544,196.0655896,1.609281134,0.78349708,48874,248.0766684,0.759411136,0.988971641,0.883932509,0.786235449,0.006527871,0.001538728,0.618166182,0.994803174,SIRA
42001,767.935,282.0922743,190.6128594,1.479922578,0.737166611,42496,231.2516684,0.795473485,0.988351845,0.894994922,0.819773136,0.006716323,0.001871053,0.672027995,0.994549403,SIRA
34151,662.129,226.5248185,192.2363364,1.17836629,0.528982779,34389,208.524348,0.778210737,0.993079182,0.978876878,0.920536431,0.006633036,0.002938029,0.847387321,0.998532653,SEKER
57822,960.638,398.2196633,185.7767932,2.143538257,0.884511503,58383,271.3323736,0.728833428,0.990391038,0.787378314,0.681363575,0.006886992,0.000915641,0.464256322,0.995151187,HOROZ
34475,677.676,241.0431821,182.3691135,1.321732487,0.65389796,34878,209.511177,0.776463964,0.988445438,0.943343645,0.869185244,0.006991825,0.002461613,0.755482988,0.99854641,SEKER
37535,717.198,267.6735864,179.0563814,1.494912297,0.743320396,37935,218.6116335,0.801790063,0.989455648,0.916997485,0.816709771,0.007131306,0.001957131,0.667014851,0.997128702,DERMASON
26625,612.307,234.4139087,145.0415273,1.616184779,0.785594941,26972,184.1195342,0.778782029,0.987134806,0.892403021,0.785446287,0.008804278,0.002066995,0.61692587,0.9970662,DERMASON
66306,1026.124,388.0393096,221.1541359,1.754610231,0.821695229,68370,290.5570878,0.684124184,0.969811321,0.791339788,0.748782612,0.00585225,0.001134817,0.5606754,0.983766793,CALI
27566,624.367,236.2875497,149.3493441,1.582113073,0.774914496,27953,187.344926,0.715776901,0.986155332,0.888594731,0.792868377,0.008571702,0.002089543,0.628640263,0.994579978,DERMASON
48357,820.651,296.7043203,207.8179902,1.427712394,0.71372976,48825,248.1331188,0.740093971,0.990414747,0.902302598,0.836297627,0.006135706,0.001851347,0.69939372,0.998533082,SEKER
72923,1083.134,406.9631528,229.1976759,1.775598951,0.826327268,74095,304.7104319,0.689931502,0.984182468,0.781106071,0.748742066,0.005580724,0.00108193,0.560614682,0.995426841,BARBUNYA
44165,771.361,263.8424028,213.423154,1.236240763,0.587940854,44603,237.1341909,0.749473934,0.990180033,0.93276608,0.898772102,0.005974016,0.002404609,0.807791291,0.998624522,SEKER
52647,918.243,384.432846,174.928609,2.19765565,0.890475934,53197,258.9058561,0.767124685,0.989661071,0.784636018,0.673474857,0.007302085,0.000926642,0.453568383,0.996787121,HOROZ
155917,1507.244,553.8696768,361.7394028,1.531128963,0.757260593,158297,445.5554849,0.7876585,0.984964971,0.862454528,0.804441015,0.003552337,0.000917637,0.647125346,0.99083236,BOMBAY
22964,565.797,216.1733746,135.5463134,1.594830351,0.778998376,23222,170.9931955,0.766488652,0.988889846,0.901438539,0.79100026,0.009413577,0.002273217,0.625681411,0.997855705,DERMASON
40005,739.199,269.1613974,189.5539267,1.419972681,0.709963077,40461,225.6899377,0.722268361,0.988729888,0.920028747,0.838492963,0.006728194,0.002051521,0.703070449,0.998340831,SIRA
63210,1002.819,416.9757411,194.9538804,2.138842993,0.883970594,64194,283.6925653,0.655875486,0.984671465,0.789860775,0.680357482,0.006596674,0.000871873,0.462886304,0.990041127,HOROZ
41423,738.127,267.2506913,197.7869605,1.351204805,0.672518559,41677,229.6549622,0.754407372,0.993905511,0.955408783,0.859324109,0.006451746,0.002170126,0.738437924,0.997780871,SEKER
73887,1070.969,396.4265041,238.11329,1.66486509,0.799512636,74972,306.7178675,0.702181041,0.98552793,0.809513503,0.773706764,0.005365308,0.001185987,0.598622156,0.99662513,BARBUNYA
73187,1095.733,373.3533521,250.6776512,1.489376298,0.741075239,74557,305.2614987,0.69623661,0.981624797,0.766009801,0.817620886,0.005101362,0.001406286,0.668503914,0.995653884,BARBUNYA
51561,858.03,333.29467,198.3860735,1.68003058,0.803557408,52271,256.2215919,0.816989114,0.986416942,0.880088306,0.768753943,0.006464085,0.001392632,0.590982626,0.992868883,SIRA
62169,1006.857,350.4064815,226.2702692,1.548619192,0.763560292,63136,281.3468131,0.746075749,0.984683857,0.770633986,0.802915551,0.005636354,0.001444966,0.644673382,0.998353572,BARBUNYA
50364,858.355,320.5463373,202.7764668,1.580786677,0.77448161,51360,253.230007,0.704825347,0.980607477,0.859005999,0.78999501,0.006364593,0.001529142,0.624092116,0.986556503,SIRA
67761,1032.935,428.2426353,202.3107271,2.116756938,0.881373128,68536,293.7277392,0.796550994,0.988692074,0.798074958,0.68589093,0.006319898,0.0008628,0.470446367,0.995820612,HOROZ
56525,872.803,320.9125419,225.0322995,1.426073247,0.712938806,57058,268.2719987,0.786511382,0.990658628,0.932433728,0.835966077,0.005677356,0.001710332,0.698839281,0.996596003,SEKER
45035,808.971,314.5140715,183.4175502,1.714743606,0.81234471,45701,239.4584367,0.792939519,0.985427015,0.864757076,0.76136001,0.00698377,0.001447538,0.579669065,0.993983823,SIRA
32222,664.072,246.9185955,166.4961596,1.483028775,0.738461401,32560,202.5495609,0.781158331,0.989619165,0.91818886,0.820309059,0.007663044,0.002140381,0.672906953,0.997940374,DERMASON
40000,742.236,280.963795,181.5970177,1.54718287,0.763052924,40340,225.6758334,0.71404345,0.991571641,0.912401154,0.803220335,0.007024095,0.00180347,0.645162906,0.998184996,DERMASON
70331,1037.407,403.1301199,224.9070412,1.792429964,0.829906935,71883,299.24607,0.791552244,0.97840936,0.821217713,0.742306405,0.005731898,0.001073522,0.551018799,0.987662606,CALI
41626,760.147,283.7511809,187.1176498,1.516431941,0.751754815,42103,230.2170048,0.774149154,0.988670641,0.905272593,0.811334085,0.006816681,0.001822014,0.658262998,0.998211035,DERMASON
63944,991.765,392.2073851,208.165323,1.884114893,0.847526428,64716,285.3349426,0.812916349,0.988070956,0.816943663,0.727510377,0.006133607,0.00105987,0.529271348,0.99720803,HOROZ
36876,707.667,261.0194762,180.5624243,1.445591336,0.722128983,37270,216.6840591,0.716136174,0.989428495,0.925328167,0.830145176,0.007078302,0.0020736,0.689141014,0.996216279,DERMASON
33400,682.854,261.2171063,163.2152726,1.600445241,0.780763929,33783,206.2188177,0.766019907,0.988662937,0.900120422,0.789453725,0.007820871,0.001873879,0.623237185,0.997456986,DERMASON
41949,774.378,296.4984314,180.7257045,1.640599118,0.792760369,42497,231.1084716,0.788307588,0.987104972,0.879074058,0.77945934,0.007068069,0.001609364,0.607556863,0.996757253,SIRA
68033,1005.269,384.9832288,226.3186333,1.70106731,0.808958166,68739,294.3166763,0.66589343,0.989729266,0.845989369,0.764492202,0.005658772,0.001192324,0.584448327,0.994185943,CALI
162019,1575.185,596.6920015,350.2521852,1.703606792,0.809594246,164165,454.1904862,0.715631625,0.986927786,0.82056441,0.761180785,0.003682852,0.000762632,0.579396188,0.987063281,BOMBAY
42037,772.972,290.2907318,184.9638009,1.569446186,0.770725412,42536,231.3507526,0.783264082,0.988268761,0.884125779,0.796962243,0.006905601,0.001718431,0.635148816,0.996831887,SIRA
35680,703.303,257.4026315,176.840615,1.455562861,0.726639024,36100,213.1412371,0.787429379,0.988365651,0.906462349,0.828046069,0.007214199,0.002092117,0.685660292,0.998021657,DERMASON
46411,783.759,286.8878275,206.3306558,1.390427546,0.694799752,46760,243.0891205,0.791591335,0.992536356,0.949436029,0.847331595,0.006181462,0.001965552,0.717970832,0.998286423,SEKER
57583,926.308,332.5452734,220.7230731,1.50661763,0.747964782,58564,270.7710337,0.718082055,0.983249095,0.84332179,0.814238106,0.00577506,0.00156582,0.662983694,0.998862922,BARBUNYA
57618,957.302,389.6199391,189.4927963,2.056120057,0.873762459,58319,270.853311,0.772659613,0.987979904,0.790078258,0.695173126,0.006762122,0.00097417,0.483265675,0.993652247,HOROZ
42026,775.61,282.6605008,190.1728942,1.486334328,0.739827921,42503,231.3204814,0.707329799,0.988777263,0.877892059,0.818368611,0.006725848,0.001860898,0.669727183,0.995438503,SIRA
41711,766.51,290.5573503,183.4972522,1.583442514,0.775347045,42124,230.4519357,0.827599206,0.990195613,0.892123164,0.793137518,0.006965965,0.001700415,0.629067122,0.996091626,SIRA
49987,828.77,299.1049357,214.4676282,1.39463908,0.697040877,50520,252.2804493,0.7972154,0.989449723,0.914531972,0.843451308,0.005983654,0.001868041,0.71141011,0.992160341,SIRA
30657,640.693,231.2316241,169.0569659,1.367773418,0.682253982,30983,197.5694934,0.733596554,0.989478101,0.938511416,0.854422461,0.007542539,0.002479636,0.730037743,0.998526218,DERMASON
30008,645.884,210.557999,182.5165157,1.153638059,0.498615976,30724,195.4670618,0.782681273,0.976695743,0.903936374,0.928328835,0.007016729,0.003214562,0.861794425,0.994198849,SEKER
29920,641.567,236.3747199,161.4634609,1.463951773,0.730341116,30221,195.1802428,0.761439406,0.990040038,0.91345555,0.825723846,0.007900225,0.002265471,0.68181987,0.998151407,DERMASON
50887,933.584,372.7356361,176.7878002,2.108378721,0.880364312,52212,254.5414322,0.578840204,0.974622692,0.733685459,0.682900715,0.007324771,0.000982662,0.466353386,0.983249555,HOROZ
66516,974.201,372.3567768,228.9267115,1.626532677,0.788679359,67382,291.0168407,0.779578777,0.987147903,0.880722003,0.781553765,0.005598003,0.001288393,0.610826287,0.993528916,CALI
75280,1068.444,414.0120655,234.8487655,1.762887979,0.823544949,76272,309.5956604,0.797254935,0.986993917,0.82867826,0.747793811,0.005499629,0.001060817,0.559195584,0.985799173,CALI
49216,799.631,286.2928916,219.0012436,1.307266055,0.644083459,49540,250.3273006,0.760515499,0.99345983,0.967245979,0.874374838,0.005817069,0.002097368,0.764531357,0.99944589,SEKER
46856,809.173,302.5953764,197.9203031,1.528874864,0.756429038,47372,244.2517392,0.726900403,0.98910749,0.899274563,0.807189264,0.006457986,0.001691135,0.651554508,0.99614531,SIRA
32580,667.271,243.627789,171.221475,1.422881031,0.711388037,32877,203.6716582,0.791929995,0.990966329,0.919509971,0.835995184,0.007477833,0.002253049,0.698887947,0.994434403,DERMASON
37776,700.671,246.1757026,196.0336313,1.255783005,0.604880942,38029,219.3123276,0.735514019,0.993347182,0.966935595,0.890877228,0.006516722,0.002532097,0.793662236,0.996667547,SEKER
36952,739.826,278.5566919,169.9361415,1.639184516,0.792355647,37620,216.9072328,0.677148616,0.982243488,0.848376507,0.778682542,0.007538339,0.00170961,0.606346501,0.993913796,SIRA
38263,729.742,281.4322328,173.5070766,1.622021639,0.787343486,38640,220.7214641,0.690169553,0.990243271,0.90292192,0.784279263,0.007355206,0.001716554,0.615093962,0.997695717,DERMASON
46243,800.216,299.5363521,197.3083247,1.518113098,0.752394781,46768,242.6487508,0.749578552,0.988774376,0.907489071,0.810081144,0.006477442,0.001720669,0.65623146,0.996233575,SIRA
39961,748.391,278.4865578,183.3672582,1.518736553,0.752631434,40363,225.5657896,0.813207163,0.990040384,0.896580109,0.809970116,0.006968959,0.001850221,0.656051589,0.99636953,SIRA
36741,692.928,238.615411,196.4650044,1.214544095,0.567527829,37052,216.2870641,0.752642576,0.991606391,0.961578214,0.906425378,0.006494527,0.002704304,0.821606966,0.997877889,SEKER
58962,931.901,335.844087,224.6666206,1.494855293,0.743297439,59755,273.9940693,0.700128242,0.986729144,0.853183632,0.81583711,0.005695941,0.001556536,0.66559019,0.994961019,BARBUNYA
86177,1130.442,441.2044839,250.5114464,1.761214868,0.823173517,87187,331.2460781,0.769080427,0.988415704,0.847431622,0.750776772,0.005119748,0.001003394,0.563665761,0.992736519,CALI
62194,980.312,391.0499928,203.692152,1.919808834,0.853626741,62707,281.4033764,0.636320851,0.991819095,0.813260568,0.719609721,0.006287584,0.001040044,0.517838151,0.994150257,HOROZ
37826,704.225,242.586215,198.8657396,1.219849208,0.572687945,38170,219.4574196,0.764532298,0.990987687,0.958467531,0.904657421,0.006413214,0.002649672,0.818405049,0.998330751,SEKER
62338,1029.433,412.7213466,193.859331,2.128973336,0.882820789,63076,281.7289597,0.58853852,0.988299829,0.739207827,0.682613008,0.006620702,0.000886711,0.465960518,0.992017519,HOROZ
185950,1641.868,622.9177351,383.0486918,1.626210319,0.788584341,188551,486.5787638,0.813920915,0.986205324,0.86682129,0.781128448,0.003349921,0.000769315,0.610161652,0.992251175,BOMBAY
35066,674.509,229.0391713,195.1179759,1.173849668,0.523707997,35356,211.2993561,0.788708952,0.991797715,0.968546765,0.922546807,0.006531659,0.002918481,0.85109261,0.999054778,SEKER
33696,679.072,245.3369109,175.3365574,1.399234219,0.69945501,34066,207.1305861,0.750802139,0.989138731,0.918240759,0.844269969,0.007280891,0.002281864,0.71279178,0.99736265,DERMASON
28814,619.554,228.3790911,160.7908762,1.42034857,0.7101479,29079,191.5388322,0.767186751,0.990886894,0.943311405,0.838688127,0.007925977,0.002418993,0.703397775,0.999070024,DERMASON
54306,926.309,374.4387362,191.6264209,1.954003704,0.859122643,56858,262.9535068,0.776110444,0.955116255,0.79532734,0.702260427,0.006894979,0.00103444,0.493169707,0.963655435,HOROZ
46347,779.401,261.4360325,225.8533322,1.157547821,0.503671612,46748,242.9214548,0.76769032,0.991422093,0.958759267,0.929181232,0.00564084,0.002593733,0.863377762,0.999401047,SEKER
38798,716.355,251.7188293,196.4911875,1.281069306,0.625033544,39139,222.2591907,0.792539935,0.991287463,0.950085324,0.882966091,0.006487933,0.002432553,0.779629118,0.998758933,SEKER
43373,768.891,280.036106,197.4821894,1.418032213,0.709005851,43813,234.9983378,0.721488456,0.989957319,0.921933872,0.839171567,0.006456462,0.001975047,0.704208918,0.998590931,SEKER
54854,932.182,390.521444,179.4881525,2.175750536,0.888120068,55509,264.276904,0.689467069,0.988200112,0.793262165,0.676728277,0.007119288,0.00092103,0.457961161,0.996409242,HOROZ
31026,648.469,236.2812723,167.6454005,1.409411004,0.704689082,31397,198.7549499,0.729165687,0.988183584,0.927165393,0.841179447,0.007615589,0.002352003,0.707582862,0.997275072,DERMASON
74727,1064.7,404.4919384,237.4490424,1.703489449,0.809564929,75848,308.4564336,0.774919114,0.985220441,0.828386291,0.762577457,0.005412929,0.00112914,0.581524377,0.990620641,CALI
103801,1235.37,470.0347856,282.9014051,1.661479148,0.798591564,105041,363.5430346,0.773335817,0.988195086,0.854707078,0.773438575,0.00452823,0.000999566,0.598207229,0.993908837,CALI
48099,824.539,303.5007394,202.9163988,1.495693503,0.743634672,48609,247.4702989,0.721557156,0.989508116,0.889044515,0.815386148,0.006309918,0.001720508,0.664854571,0.994418663,SIRA
34031,691.801,265.5715834,163.6202104,1.623097677,0.787663356,34420,208.1576685,0.740738322,0.988698431,0.893556882,0.783810022,0.007803814,0.001816895,0.61435815,0.997163286,SIRA
46014,812.918,307.9433601,191.864326,1.605005821,0.782181453,46726,242.0471946,0.741969814,0.984762231,0.874996613,0.786012059,0.006692384,0.001575714,0.617814957,0.991596603,SIRA
40623,754.292,292.6719883,177.0996213,1.65258393,0.796139606,40977,227.4264937,0.72107141,0.991361007,0.897228073,0.777069562,0.007204588,0.001620423,0.603837104,0.997891494,DERMASON
47677,834.119,313.9661431,194.1148488,1.617424659,0.785968282,48354,246.3823082,0.779265143,0.98599909,0.861118177,0.784741647,0.006585275,0.001540496,0.615819452,0.996041567,SIRA
195455,1716.411,633.8275833,396.8950789,1.596965085,0.779672291,198403,498.859735,0.759024962,0.985141354,0.833708195,0.787059049,0.003242831,0.000767597,0.619461947,0.9892591,BOMBAY
52369,870.3,340.1124416,196.8031072,1.728186341,0.815582148,52977,258.2213812,0.684070276,0.988523321,0.868852746,0.759223567,0.006494538,0.001331088,0.576420425,0.996161905,SIRA
69448,993.332,374.9551683,236.5010886,1.585426818,0.77599019,70025,297.3616315,0.783227509,0.991760086,0.884465209,0.793059162,0.005399078,0.001317412,0.628942834,0.997142837,BARBUNYA
58641,910.692,344.1535559,217.2837758,1.583889799,0.775492275,59181,273.2472143,0.704904436,0.99087545,0.888522006,0.793968883,0.005868821,0.001438615,0.630386587,0.998462884,BARBUNYA
27490,618.868,233.0015231,151.2025622,1.540989251,0.76084488,27753,187.0864909,0.731117021,0.990523547,0.901962641,0.802941064,0.008475865,0.002173194,0.644714352,0.993497887,DERMASON
44299,778.783,296.3809195,190.6617954,1.554485097,0.765614346,44663,237.4936601,0.701155429,0.991850077,0.917848201,0.801312245,0.006690465,0.001701544,0.642101315,0.998136924,SIRA
55616,910.56,363.1294378,196.382352,1.849094046,0.841147755,56083,266.106164,0.806695386,0.991673056,0.842931877,0.732813527,0.006529226,0.00116149,0.537015665,0.992992469,HOROZ
38771,740.232,275.719567,179.4099111,1.536813464,0.759337434,39185,222.1818408,0.708897096,0.989434733,0.889162535,0.805825438,0.00711149,0.001849713,0.649354636,0.997936948,SIRA
28334,624.311,231.7847752,155.9701258,1.486084428,0.739725019,28679,189.9367507,0.718772197,0.987970292,0.913515203,0.819453092,0.008180447,0.002275376,0.67150337,0.997910702,DERMASON
59189,956.133,396.8444772,191.1172439,2.076445166,0.876395378,59771,274.5209927,0.610560954,0.990262836,0.813606203,0.69175964,0.0067047,0.000947065,0.478531399,0.993644211,HOROZ
40586,757.206,279.0875951,186.9260425,1.493037521,0.742563625,41123,227.3228985,0.682829167,0.986941614,0.88952472,0.814521686,0.00687645,0.001867044,0.663445577,0.990549139,SIRA
36021,718.049,268.2881126,171.3113294,1.566085054,0.769592848,36571,214.1573292,0.777386913,0.984960761,0.8779251,0.79823637,0.007448103,0.001865312,0.637181303,0.997880115,DERMASON
52741,917.035,385.0091891,175.145116,2.198229662,0.89053664,53339,259.1368882,0.630571497,0.988788691,0.788109207,0.673066762,0.007299998,0.000924134,0.453018866,0.995839509,HOROZ
59088,977.984,406.9518663,188.5342666,2.158503458,0.886209899,60601,274.2866716,0.651825703,0.975033415,0.776328723,0.674002737,0.006887217,0.000876739,0.454279689,0.98056428,HOROZ
56778,908.906,315.9444788,229.5528208,1.376347621,0.687102354,57545,268.8717071,0.759226573,0.986671301,0.863678311,0.851009355,0.005564558,0.001800312,0.724216922,0.996774238,BARBUNYA
39395,735.469,276.9184076,182.2438612,1.519493748,0.75291836,39735,223.9626573,0.755112994,0.991443312,0.915213094,0.808767677,0.007029278,0.001855178,0.654105156,0.993908695,SIRA
48842,874.559,349.7882022,178.491769,1.959688136,0.860005196,49513,249.3743488,0.618683894,0.986448004,0.80246311,0.712929559,0.007161627,0.001141243,0.508268557,0.99604786,HOROZ
48350,836.603,324.6012524,190.9903013,1.699569299,0.808581376,48940,248.1151587,0.768484964,0.987944422,0.868095505,0.764369074,0.006713573,0.001413663,0.584260081,0.992990496,SIRA
41182,763.149,287.8889629,182.4093582,1.578257638,0.773652522,41640,228.9859186,0.743934823,0.989000961,0.888584267,0.795396657,0.00699065,0.001725967,0.632655842,0.998493915,DERMASON
82619,1114.99,442.4189292,239.7090109,1.845649972,0.840498066,83605,324.335903,0.80850002,0.988206447,0.835118017,0.733096804,0.00535493,0.000954067,0.537430924,0.991909369,CALI
57849,938.662,364.3486399,203.18628,1.793175405,0.830062799,58595,271.3957156,0.782589286,0.987268538,0.825063257,0.744879178,0.00629827,0.001196036,0.55484499,0.994934391,HOROZ
85209,1122.182,430.6441622,256.0528764,1.681856374,0.804035649,87141,329.3804311,0.751640733,0.977829036,0.850293259,0.76485521,0.005053975,0.001066915,0.585003492,0.983891852,CALI
68120,1010.368,368.9500199,235.4532033,1.566978129,0.769894651,69182,294.504801,0.706316619,0.984649186,0.838542999,0.798224109,0.005416178,0.001356351,0.637161729,0.998418493,BARBUNYA
69624,1048.166,417.3255655,216.0689569,1.931446199,0.855533926,70971,297.7381905,0.788324143,0.981020417,0.796358644,0.713443448,0.00599399,0.00095793,0.509001554,0.983109116,CALI
37765,704.943,237.2047302,202.9953077,1.168523218,0.517338219,38130,219.2803945,0.783912818,0.990427485,0.954973561,0.924435168,0.006281073,0.002829564,0.854580379,0.998597014,SEKER
73611,1116.098,390.9581355,240.5775022,1.625081863,0.788251183,75022,306.1444694,0.773891377,0.981192184,0.742587991,0.783062025,0.005311137,0.001231833,0.613186135,0.996477667,BARBUNYA
80984,1080.886,414.6725821,252.4371712,1.642676394,0.79335242,82866,321.1106216,0.768815979,0.977288635,0.871062474,0.774371481,0.005120426,0.001135751,0.599651191,0.985032856,CALI
73343,1057.08,405.7892808,232.1361587,1.748065803,0.820211186,74096,305.5866619,0.812322789,0.989837508,0.824807919,0.753067359,0.005532761,0.001097633,0.567110447,0.991346379,CALI
36529,710.141,264.93638,176.3144517,1.502635646,0.746400236,36928,215.6621602,0.684281513,0.989195191,0.910245358,0.814014897,0.007252768,0.001964323,0.662620253,0.995676812,DERMASON
81817,1092.464,404.7418654,258.0855879,1.568246676,0.770322252,82640,322.7578656,0.732339778,0.990041142,0.861467992,0.797441266,0.004946916,0.001233983,0.635912573,0.997267779,CALI
31007,649.708,236.9705356,167.1148355,1.418010166,0.708994945,31375,198.6940829,0.718353257,0.988270916,0.923066914,0.838475899,0.007642485,0.002330111,0.703041833,0.996920466,DERMASON
59192,959.297,388.0714346,195.5276968,1.984738944,0.863794315,60018,274.5279496,0.768029064,0.986237462,0.808289069,0.70741602,0.006556147,0.00101281,0.500437425,0.993237647,HOROZ
44049,812.823,322.7544975,176.2762927,1.830958051,0.837679472,44699,236.822568,0.817235622,0.985458288,0.837826223,0.73375451,0.00732717,0.001310144,0.53839568,0.985779906,HOROZ
84511,1118.151,436.6164778,247.9467271,1.760928579,0.823109837,85464,328.0285768,0.810680403,0.988849106,0.849419431,0.751296832,0.005166386,0.001015343,0.56444693,0.993950731,CALI
67087,1017.039,383.655235,223.3964339,1.717374034,0.81298521,67725,292.263274,0.798844963,0.99057955,0.815028924,0.761786227,0.005718772,0.001187996,0.580318256,0.996623505,CALI
31918,661.896,241.8120563,168.5512179,1.434650306,0.717038104,32297,201.5918148,0.761148471,0.988265164,0.915516174,0.83367148,0.00757604,0.002257365,0.695008136,0.997093635,DERMASON
74509,1092.049,456.7581544,208.7097977,2.188484486,0.889498951,75260,308.0061773,0.797314072,0.99002126,0.78511694,0.674330987,0.006130241,0.000781897,0.454722281,0.995152657,HOROZ
35764,674.477,222.1229203,205.0983639,1.083006788,0.383946726,36032,213.3919846,0.7745149,0.992562167,0.987919735,0.960693225,0.006210796,0.003263367,0.922931472,0.999541049,SEKER
34783,724.442,252.1944891,175.8885352,1.433831312,0.716650856,35370,210.4449835,0.769518373,0.983404015,0.832855502,0.834455123,0.00725051,0.002168504,0.696315353,0.998398756,SIRA
39234,715.421,256.6452699,194.9617023,1.316388126,0.650327017,39502,223.504542,0.793086719,0.993215533,0.963272326,0.870869516,0.0065414,0.002320934,0.758413714,0.998366808,SEKER
77772,1069.897,421.9406353,235.6387064,1.790625325,0.829528676,78533,314.6782259,0.802799455,0.990309806,0.85378632,0.745787913,0.005425354,0.001035307,0.556199612,0.99594511,CALI
67708,1078.716,435.8916485,198.6219165,2.194579813,0.890149756,68617,293.6128456,0.578923518,0.986752554,0.731199034,0.673591354,0.006437816,0.000817531,0.453725312,0.99573641,HOROZ
59338,940.712,352.1829755,215.7836786,1.632111278,0.790313002,59999,274.8663095,0.793076717,0.98898315,0.842615415,0.780464499,0.005935201,0.0013584,0.609124834,0.994159511,CALI
35912,698.705,250.3033689,183.0458201,1.36743559,0.682060371,36326,213.8330623,0.807737292,0.988603204,0.924403868,0.854295582,0.006969909,0.002290021,0.729820942,0.99798313,DERMASON
48416,870.972,358.1162752,173.2700919,2.066809518,0.875157843,49103,248.2844453,0.619764465,0.986009001,0.802029575,0.69330679,0.007396651,0.001054185,0.480674305,0.99346223,HOROZ
42745,767.781,285.6236225,191.0934163,1.494680602,0.743227066,43142,233.2908578,0.722239119,0.99079783,0.911214169,0.816777183,0.006682036,0.001834438,0.667124967,0.997138747,SIRA
107911,1298.822,498.5977794,279.3503372,1.784847601,0.828308741,110337,370.6704095,0.731897721,0.978012815,0.803852392,0.743425713,0.004620454,0.000870592,0.55268179,0.986452768,CALI
51552,890.528,363.8436901,181.0721152,2.009385541,0.86736957,52178,256.1992291,0.705505604,0.988002606,0.816883689,0.704146413,0.0070578,0.001070289,0.49582217,0.9962979,HOROZ
42281,773.575,298.8940676,181.0396281,1.650986974,0.795694396,42703,232.0212085,0.790890385,0.99011779,0.8878718,0.776265686,0.007069229,0.00158341,0.602588415,0.994865624,SIRA
52948,942.553,370.4330203,182.8715928,2.025645507,0.869649432,53826,259.6449256,0.626099707,0.98368818,0.748941445,0.700922735,0.006996166,0.001041647,0.49129268,0.99518481,HOROZ
29923,633.899,229.5402992,166.3706019,1.379692665,0.688960279,30216,195.1900277,0.820595091,0.990303151,0.935782379,0.850351892,0.007671032,0.002474163,0.72309834,0.997653476,DERMASON
53002,931.496,382.7761912,177.3468881,2.15834738,0.886192384,53702,259.7772938,0.623061822,0.986965104,0.767609133,0.67866628,0.00722192,0.000945056,0.46058792,0.994108729,HOROZ
39392,746.64,265.9159705,189.1446635,1.405886719,0.702893747,39836,223.9541296,0.725290912,0.988854303,0.887964063,0.842198869,0.006750507,0.002094955,0.709298935,0.997193952,SIRA
27744,618.527,226.3664991,156.3517374,1.447802902,0.723139745,28090,187.9488173,0.749108975,0.987682449,0.911300514,0.83028548,0.008159115,0.002391843,0.689373978,0.998077645,DERMASON
61429,995.324,393.3468383,201.1884141,1.955116749,0.85929613,62735,279.6673595,0.736770773,0.979182275,0.779209712,0.710994299,0.006403276,0.001009361,0.505512893,0.988336725,HOROZ
35414,680.978,237.1379832,190.3678563,1.245682899,0.596285403,35729,212.3452501,0.764749071,0.991183632,0.959662852,0.895450181,0.006696165,0.002655655,0.801831027,0.998827199,SEKER
30689,657.065,233.0480921,168.5126085,1.382971246,0.690763425,31127,197.6725787,0.804725194,0.985928615,0.893255981,0.848205093,0.007593864,0.002424633,0.71945188,0.994981263,DERMASON
33702,678.75,245.952983,175.275076,1.403239917,0.701533464,34090,207.1490264,0.757416397,0.988618363,0.919275854,0.842230185,0.007297875,0.002265163,0.709351685,0.995390599,DERMASON
72182,1024.349,393.577237,233.8967551,1.68269644,0.804255074,72828,303.1583362,0.79781155,0.991129785,0.864455973,0.770263897,0.005452568,0.001183965,0.59330647,0.998354685,CALI
39139,714.71,254.9119117,195.7036086,1.302540682,0.640773069,39431,223.2337845,0.79408781,0.992594659,0.962852743,0.875729122,0.00651299,0.002362867,0.766901494,0.998920395,SEKER
68749,1024.216,391.3524554,226.6710099,1.726521868,0.815186079,70178,295.8613619,0.76838564,0.979637493,0.823556004,0.755997204,0.005692482,0.001146997,0.571531772,0.986762102,CALI
38180,724.522,262.1790259,186.3858232,1.406646822,0.703282487,38554,220.4819399,0.702975401,0.99029932,0.913992503,0.84095949,0.006866921,0.002118566,0.707212864,0.994798727,DERMASON
36143,736.997,299.8903167,154.194303,1.944885841,0.857688897,36592,214.5196888,0.761980056,0.987729558,0.83618548,0.715327161,0.008297328,0.001340099,0.511692947,0.995184367,HOROZ
82583,1119.357,421.2621199,251.4297785,1.675466297,0.802353753,84070,324.265233,0.804338086,0.982312359,0.828253501,0.769746952,0.005101076,0.001104672,0.592510371,0.992731157,CALI
53711,879.517,328.5702802,208.810849,1.573530695,0.772089756,54301,261.5090231,0.714802837,0.989134638,0.872538554,0.795899809,0.006117374,0.001514183,0.633456505,0.996763255,SIRA
49102,869.585,351.2384935,179.3433351,1.958469732,0.859816752,49660,250.0372135,0.619693069,0.988763592,0.815990244,0.711873038,0.007153242,0.001133164,0.506763222,0.992480433,HOROZ
41114,803.231,339.5572132,154.6684699,2.19538742,0.890235543,41547,228.796789,0.791445291,0.989578068,0.800790058,0.673809244,0.008258919,0.001050149,0.454018897,0.996747374,HOROZ
73235,1091.178,401.9699383,232.6695086,1.727643389,0.815453097,74256,305.3615858,0.805550361,0.986250269,0.772924987,0.759662743,0.005488768,0.001127556,0.577087483,0.997001374,BARBUNYA
53759,899.51,354.1312794,194.4597156,1.821103556,0.835745098,54419,261.6258487,0.790806119,0.987871883,0.834928054,0.738782095,0.006587386,0.001210482,0.545798985,0.993956471,HOROZ
33049,680.429,239.4500637,176.4089364,1.357357902,0.676192082,33505,205.1323809,0.756685594,0.986390091,0.89702089,0.856681254,0.007245304,0.002407207,0.733902771,0.996168726,DERMASON
28929,637.003,245.240063,150.8091116,1.626162109,0.788570125,29192,191.9206784,0.8120649,0.990990682,0.895901637,0.782582895,0.008477309,0.001961368,0.612435987,0.995920196,DERMASON
68062,1016.666,375.2806726,232.5483356,1.613774924,0.784866335,69176,294.3793979,0.737383805,0.983896149,0.827480886,0.784424617,0.005513806,0.001287764,0.61532198,0.992991181,BARBUNYA
74923,1101.567,385.5329639,248.4430483,1.551796142,0.764676336,76197,308.8606909,0.774253886,0.983280182,0.77589542,0.801126544,0.005145722,0.001307467,0.64180374,0.995948567,BARBUNYA
172359,1545.501,568.8688779,387.3404908,1.468653269,0.732380204,173829,468.459491,0.757455504,0.991543413,0.906786924,0.823492916,0.003300488,0.000936262,0.678140582,0.995953383,BOMBAY
65617,977.81,351.8985886,238.9379581,1.472761345,0.734141381,66608,289.0435248,0.715491391,0.985121907,0.862416954,0.821383018,0.005362918,0.001505788,0.674670063,0.993627989,BARBUNYA
38326,752.941,293.0184093,167.6879488,1.747402908,0.820059784,38888,220.9030982,0.740370127,0.985548241,0.849535372,0.753888122,0.007645421,0.001523382,0.5683473,0.993131724,SIRA
71019,1024.243,389.9032255,233.7988398,1.667686743,0.800275121,72064,300.7061676,0.768603896,0.985499001,0.850703869,0.771232829,0.005490126,0.00119813,0.594800076,0.991940202,CALI
39195,738.413,249.8854677,199.8315177,1.250480758,0.60040987,39617,223.3934286,0.754040015,0.989348007,0.903320497,0.893983274,0.006375442,0.002511931,0.799206095,0.999391843,SEKER
43717,819.231,330.9603984,169.3107746,1.954750955,0.859239152,44186,235.9284069,0.830569013,0.989385778,0.818554235,0.712859931,0.007570519,0.00120593,0.508169282,0.993344389,HOROZ
38726,745.109,285.8407373,173.5025669,1.647472671,0.794709208,39230,222.0528644,0.744616213,0.987152689,0.876542316,0.776841211,0.007381107,0.001658175,0.603482267,0.994220542,SIRA
83580,1218.142,400.899182,266.2635976,1.505647733,0.747585147,85345,326.2167395,0.797458209,0.979319234,0.707809514,0.813712659,0.004796592,0.00129717,0.662128292,0.996931961,BARBUNYA
37652,693.787,231.7787323,206.9460336,1.119996012,0.450333704,37917,218.9520846,0.783274392,0.99301105,0.982982075,0.944659945,0.006155815,0.003023899,0.892382412,0.999464743,SEKER
41660,766.264,287.1168982,185.7958952,1.545334992,0.762397596,42143,230.3110059,0.775329413,0.988539022,0.891604568,0.802150648,0.006891908,0.001760123,0.643445662,0.994339097,DERMASON
51978,913.367,364.4751867,182.6510379,1.995472848,0.865369492,52780,257.2556026,0.68201858,0.98480485,0.782958595,0.705824736,0.007012105,0.001073534,0.498188558,0.994121742,HOROZ
184491,1656.324,618.6363355,383.1531609,1.614592802,0.785114057,187848,484.6661086,0.766795511,0.982129168,0.845073453,0.78344268,0.003353206,0.000779236,0.613782433,0.991008698,BOMBAY
39069,731.629,267.7007193,186.0038201,1.43922162,0.719183659,39440,223.0340686,0.786698079,0.990593306,0.917192165,0.833147065,0.006851998,0.002036497,0.694134033,0.999012707,SIRA
35616,702.212,273.0505738,166.2604174,1.642306557,0.793247208,35920,212.9499933,0.799461279,0.991536748,0.907650211,0.779892129,0.007666514,0.001749508,0.608231733,0.998902963,DERMASON
58274,983.251,399.9385568,188.4421428,2.122341377,0.882038289,59545,272.3908244,0.613778794,0.978654799,0.757453366,0.681081681,0.00686307,0.000910951,0.463872256,0.984495282,HOROZ
153287,1484.785,534.7542054,368.3810922,1.45163315,0.724876084,155347,441.7816996,0.789707685,0.986739364,0.873751724,0.826139739,0.003488582,0.001002404,0.682506868,0.990749595,BOMBAY
35128,707.671,266.3311549,168.2013897,1.583406388,0.775335308,35534,211.4860722,0.722203947,0.988574323,0.8814557,0.794071847,0.007581734,0.001859463,0.630550099,0.998417054,DERMASON
66832,1016.277,396.1902317,217.0426707,1.825402491,0.836593355,67791,291.7072938,0.764126135,0.985853579,0.813148992,0.736280883,0.005928152,0.001074665,0.542109539,0.989568103,CALI
32441,667.506,248.2911899,167.229045,1.484737236,0.739169136,32793,203.2367193,0.721199591,0.989266002,0.91494239,0.818541807,0.007653623,0.002119387,0.67001069,0.99478982,DERMASON
40551,746.337,280.6973935,184.7203999,1.519579827,0.752950944,40961,227.2248595,0.723969864,0.989990479,0.914832295,0.809501138,0.006922083,0.001833523,0.655292093,0.995768645,DERMASON
46217,779.227,270.7798305,217.7277888,1.243662245,0.594525395,46553,242.5805269,0.754563265,0.99278242,0.956497041,0.895858922,0.005858879,0.002327838,0.802563207,0.99811756,SEKER
64908,1032.048,436.0308164,190.3896317,2.290202531,0.899635057,65565,287.4777076,0.814792498,0.98997941,0.765787545,0.659305941,0.006717674,0.000782973,0.434684324,0.995515138,HOROZ
42431,778.43,297.233562,182.626619,1.627547854,0.788978148,43023,232.4324141,0.747235137,0.986239918,0.879941907,0.781985764,0.007005104,0.001615808,0.611501735,0.995248337,SIRA
78098,1113.014,432.3499704,235.3525011,1.837031553,0.838854004,81009,315.3370609,0.760655291,0.964065721,0.792224961,0.729356037,0.005535993,0.000966348,0.531960228,0.977227724,CALI
37096,715.828,265.4873786,178.4071265,1.488098507,0.740552486,37521,217.3294599,0.779098584,0.98867301,0.909744802,0.818605619,0.007156766,0.001982419,0.67011516,0.997197369,DERMASON
68451,1002.041,384.8935977,228.0712058,1.687602766,0.805528886,69370,295.2194439,0.720233586,0.986752198,0.856680098,0.76701573,0.005622907,0.001200488,0.588313131,0.992838866,BARBUNYA
24568,574.445,211.3147005,148.6671844,1.42139438,0.710661095,24805,176.864211,0.831488814,0.990445475,0.935583944,0.836970691,0.008601217,0.002603638,0.700519938,0.995715104,DERMASON
45725,778.722,276.2327551,210.989002,1.309228218,0.645442605,46072,241.2858848,0.744913087,0.99246831,0.947542481,0.873487594,0.006041176,0.002169343,0.762980578,0.998915702,SEKER
42657,773.799,296.9344798,184.1508406,1.612452481,0.784464824,43239,233.0505938,0.802185196,0.986539929,0.895249,0.784855278,0.006960979,0.001629328,0.615997808,0.993267194,SIRA
61226,1008.378,408.2274672,199.3850822,2.047432349,0.872610566,63901,279.2048788,0.611648352,0.95813837,0.756656953,0.683944372,0.006667551,0.000899972,0.467779905,0.957747709,HOROZ
28549,630.878,232.6747036,156.7858937,1.484028302,0.738875837,28900,190.6560142,0.700864143,0.987854671,0.901384319,0.819410152,0.008150012,0.002266436,0.671432997,0.99642557,DERMASON
58121,933.902,376.1395319,198.0311247,1.899396029,0.850185565,58785,272.0330046,0.770018548,0.988704602,0.837414219,0.723223648,0.006471663,0.00109216,0.523052446,0.993483738,HOROZ
49306,831.795,306.6491937,205.6595309,1.491052675,0.741758463,49840,250.5560795,0.83006734,0.989285714,0.895523577,0.817077249,0.006219308,0.001709914,0.66761523,0.995449475,SIRA
29958,659.487,241.8081891,158.9226565,1.521546358,0.753693462,30426,195.3041481,0.766091293,0.984618418,0.865585958,0.807682109,0.008071573,0.002118848,0.652350389,0.992581359,DERMASON
52353,916.856,368.6700282,185.9717941,1.982397546,0.86344693,54198,258.1819318,0.683388158,0.965958153,0.782616814,0.700306268,0.007042004,0.001044788,0.49042887,0.972224988,HOROZ
52922,931.369,380.9248103,178.9937156,2.128146282,0.882723642,53803,259.5811688,0.58220022,0.983625448,0.766659559,0.681449887,0.007197854,0.000957455,0.464373948,0.988255691,HOROZ
31689,665.122,244.3291763,165.7024826,1.474505225,0.734883288,32068,200.8673391,0.758182601,0.988181365,0.900151838,0.822117695,0.00771022,0.002172614,0.675877504,0.996584911,DERMASON
41635,765.73,289.9573019,183.3849908,1.581139768,0.774596976,42018,230.2418912,0.694333267,0.990884859,0.89231277,0.794054468,0.006964268,0.001707876,0.630522499,0.996944197,SIRA
67884,1089.592,423.7583854,206.0546751,2.05653371,0.873816903,69188,293.9942062,0.799915158,0.981152801,0.718537564,0.693777908,0.00624239,0.000892098,0.481327786,0.989866817,HOROZ
26233,587.746,202.9322079,164.9807904,1.230035372,0.582284978,26523,182.7591119,0.770018786,0.989066094,0.954285795,0.900591945,0.007735761,0.003139027,0.811065852,0.997639687,DERMASON
47977,871.47,361.1227245,169.52872,2.130156617,0.882959563,48578,247.1562535,0.71973777,0.987628144,0.793849306,0.684410691,0.007526997,0.001018752,0.468417994,0.99780369,HOROZ
132889,1373.51,499.646493,339.9068395,1.469951278,0.732938729,134325,411.3387045,0.789361449,0.989309511,0.885187446,0.823259465,0.003759878,0.00106537,0.677756147,0.996268514,BOMBAY
82602,1118.823,441.6257063,240.6262772,1.835317869,0.838523948,84018,324.3025329,0.714550173,0.983146469,0.829235059,0.734337989,0.005346429,0.00095902,0.539252282,0.989699349,CALI
71682,1058.192,388.2167355,236.420938,1.642057335,0.793176261,72768,302.1065326,0.765391761,0.985075858,0.804435134,0.778190389,0.005415819,0.001225145,0.605580282,0.994397545,BARBUNYA
38760,753.761,276.7611091,178.6877616,1.548853187,0.763642783,39356,222.1503202,0.711297071,0.984856185,0.857287135,0.802678963,0.007140379,0.001828389,0.644293518,0.997916069,DERMASON
50547,854.246,325.399109,198.7428884,1.637286806,0.79181073,51228,253.6896515,0.69770042,0.986706489,0.870441004,0.779626141,0.006437555,0.001467055,0.607816919,0.995170622,SIRA
69112,1103.241,396.1407983,223.2682399,1.774281906,0.826042184,70526,296.6414189,0.675581623,0.979950656,0.713546924,0.748828245,0.005731867,0.001111744,0.560743741,0.994917474,BARBUNYA
36926,716.403,262.2363601,179.6527043,1.459685013,0.72846849,37348,216.8309098,0.796488428,0.988700868,0.904122626,0.826852957,0.007101673,0.00204764,0.683685812,0.997965934,DERMASON
30419,658.305,249.3340284,156.3215033,1.595007873,0.779054544,30880,196.8011019,0.777522174,0.985071244,0.882064796,0.789307032,0.008196654,0.001962458,0.623005591,0.993698822,DERMASON
36964,718.569,257.0194271,183.7088715,1.399058331,0.699363194,37421,216.9424498,0.799256184,0.987787606,0.899605022,0.844070241,0.006953236,0.002177114,0.712454572,0.996765504,DERMASON
86045,1120.98,443.5950005,249.0735919,1.780979658,0.827484387,86694,330.9922909,0.816304265,0.992513899,0.860478007,0.74615875,0.005155384,0.000985748,0.55675288,0.991565553,CALI
37968,724.161,269.7300926,179.5210501,1.502498412,0.746346036,38324,219.8689588,0.774161977,0.990710782,0.909823858,0.815144342,0.007104143,0.001934771,0.664460298,0.998350542,DERMASON
46625,785.745,275.8307819,215.8361969,1.277963502,0.622656917,47081,243.648915,0.748346816,0.990314564,0.948998348,0.8833275,0.005915942,0.002221727,0.780267472,0.997153351,SEKER
95754,1182.302,452.7056001,272.5128474,1.661226634,0.798522604,97441,349.1672656,0.748826952,0.982686959,0.860815227,0.771289919,0.004727798,0.00103207,0.594888139,0.988244021,CALI
44029,823.817,327.69361,172.1976171,1.90300897,0.850803731,44653,236.7687984,0.700920148,0.986025575,0.815243203,0.72253102,0.007442677,0.001251224,0.522051076,0.99346788,HOROZ
49387,893.018,364.8307482,174.0505504,2.096119475,0.878864191,50004,250.7618021,0.715173193,0.987660987,0.778219456,0.687337357,0.007387182,0.001017041,0.472432642,0.990275261,HOROZ
47545,815.076,308.2470263,197.0890391,1.563998829,0.768885355,48066,246.041001,0.740922549,0.989160737,0.899328807,0.79819424,0.006483269,0.001623335,0.637114045,0.99644562,SIRA
44327,813.871,310.3989608,182.4400991,1.701374655,0.809035327,44894,237.5687044,0.659627976,0.98737025,0.840943961,0.765365656,0.007002481,0.001482203,0.585784588,0.996639052,SIRA
28279,643.246,245.8127463,146.857054,1.673823215,0.801917595,28642,189.7523151,0.749072897,0.987326304,0.858854753,0.771938469,0.008692413,0.001903929,0.595889,0.997412842,DERMASON
54398,927.333,385.3302876,180.8988232,2.130087309,0.882951441,55076,263.1761478,0.608315441,0.987689738,0.794916235,0.682988481,0.007083538,0.000950788,0.466473265,0.993628782,HOROZ
47502,868.421,344.3308603,177.1429657,1.943802052,0.857516972,48109,245.9297153,0.822089924,0.987382818,0.791518601,0.714225019,0.007248766,0.001163547,0.510117378,0.991567206,HOROZ
36411,717.877,273.4817534,169.9713275,1.608987571,0.783407149,36843,215.3135506,0.749290036,0.98827457,0.88785571,0.787304995,0.007510965,0.001780113,0.619849156,0.997329587,DERMASON
33203,670.74,249.9082958,169.4526675,1.47479706,0.735007115,33513,205.609758,0.719115481,0.990749858,0.927424952,0.822740827,0.007526678,0.002127332,0.676902469,0.998293771,DERMASON
103602,1260.637,484.9987515,275.5378231,1.760189385,0.822945251,104732,363.1943878,0.791459129,0.989210556,0.819215016,0.748856335,0.004681365,0.000908126,0.560785811,0.987089232,CALI
39003,746.686,285.1940553,174.9220023,1.63040699,0.789816053,39523,222.8456012,0.67860809,0.986843104,0.879087004,0.78138235,0.007312106,0.001681422,0.610558377,0.995458646,DERMASON
40272,723.726,249.7229125,205.5231241,1.215059929,0.5680346,40551,226.4418313,0.76847629,0.993119775,0.966194836,0.906772346,0.006200907,0.002585997,0.822236088,0.999066122,SEKER
47328,874.436,363.4143173,166.1896743,2.186744266,0.889312059,47999,245.4788813,0.793561368,0.986020542,0.777807199,0.67547939,0.007678632,0.00098608,0.456272406,0.997751068,HOROZ
58542,943.418,386.2558352,194.5732215,1.985143856,0.863854252,59114,273.0164637,0.819640457,0.990323781,0.826549948,0.706828063,0.006597927,0.00101588,0.49960591,0.991789603,HOROZ
46841,833.57,295.6766049,202.56788,1.459642096,0.728449546,47465,244.21264,0.703571858,0.986853471,0.847133527,0.82594509,0.006312346,0.001812071,0.682185291,0.995746368,SEKER
76682,1047.949,400.5993106,245.2582862,1.633377273,0.790680942,77378,312.4652857,0.734431568,0.991005195,0.877451257,0.779994567,0.005224164,0.001192787,0.608391524,0.993732888,CALI
68015,993.761,386.9878698,224.3231412,1.725135747,0.814855223,68625,294.2777389,0.777509774,0.991111111,0.86546731,0.760431429,0.005689743,0.00117358,0.578255959,0.997570025,BARBUNYA
40462,741.338,249.6428546,206.6216739,1.208212332,0.561216429,40933,226.9753697,0.792906134,0.988493392,0.925176698,0.909200346,0.00616981,0.002600698,0.826645269,0.998763008,SEKER
66144,980.922,369.5828203,228.7993346,1.615314227,0.785332189,66817,290.2019236,0.794427096,0.989927713,0.863836139,0.785214863,0.005587549,0.001310253,0.616562381,0.995941986,CALI
76709,1075.733,417.5289524,236.53146,1.765215301,0.824059585,77578,312.5202909,0.772559723,0.988798371,0.833004221,0.748499689,0.005443024,0.001053869,0.560251784,0.988965022,CALI
51550,913.589,380.7034098,173.6775831,2.192012366,0.889876347,52297,256.1942594,0.778230676,0.985716198,0.776134181,0.672949737,0.007385129,0.000934261,0.452861348,0.992677675,HOROZ
30128,649.502,242.7659338,158.3638805,1.532962776,0.757933727,30498,195.8575018,0.697681958,0.987868057,0.897468432,0.806775064,0.008057818,0.002105751,0.650886004,0.997784015,DERMASON
41486,753.173,278.3072461,190.3581347,1.462019191,0.729495557,41862,229.8295363,0.80536574,0.991018107,0.919013606,0.825812262,0.006708462,0.001924545,0.681965891,0.997047221,HOROZ
26928,603.535,215.1376235,160.0915006,1.343841632,0.66802893,27225,185.1642365,0.749979112,0.989090909,0.928985727,0.860678079,0.007989365,0.002704301,0.740766755,0.995473205,DERMASON
23033,556.421,203.2432992,144.6375618,1.405190302,0.702536834,23355,171.2498947,0.72417154,0.986212802,0.934874571,0.842585686,0.008824005,0.00274348,0.709950639,0.997615752,DERMASON
38407,703.703,245.2510679,199.6264058,1.228550236,0.580910373,38689,221.1364086,0.783816327,0.992711107,0.974633746,0.901673581,0.006385583,0.00260362,0.813015246,0.998830072,SEKER
50698,854.937,328.9275314,197.1141753,1.668715763,0.800552047,51211,254.0682948,0.801714186,0.989982621,0.871630594,0.772414196,0.006487978,0.001424591,0.596623691,0.995595357,HOROZ
46515,815.292,298.5064641,199.6252062,1.495334531,0.743490337,47147,243.361331,0.689560602,0.986595117,0.879379886,0.815263186,0.006417424,0.001748766,0.664654063,0.993880171,SIRA
58072,965.068,401.4215223,185.4722379,2.164321339,0.886859816,58805,271.9183091,0.815766924,0.987535074,0.783539358,0.677388466,0.00691248,0.000897769,0.458855134,0.993109957,HOROZ
60408,999.737,369.4875345,208.9364254,1.768420867,0.824764579,61404,277.3334715,0.742477876,0.983779558,0.759508765,0.750589521,0.006116533,0.001197554,0.563384629,0.996301134,BARBUNYA
36730,692.349,235.9680653,198.4962669,1.188778353,0.540724566,37038,216.2546843,0.766677799,0.991684216,0.962898819,0.91645742,0.006424396,0.002795511,0.839894202,0.998448047,SEKER
73503,1019.705,390.0110517,241.5851849,1.614383149,0.7850506,74243,305.9198036,0.731227616,0.99003273,0.888312619,0.784387525,0.005306056,0.001239009,0.61526379,0.993271495,CALI
84648,1132.054,439.91571,248.9619409,1.766999841,0.824452603,86779,328.2943511,0.767183875,0.975443368,0.830027112,0.746266486,0.005197001,0.000994279,0.556913668,0.984066364,CALI
27884,630.303,239.4054088,148.4848418,1.612322214,0.784425208,28196,188.4224282,0.758253114,0.988934601,0.881995135,0.787043322,0.008585763,0.002032138,0.619437191,0.998732343,DERMASON
42588,765.436,280.882102,193.9428884,1.448272243,0.723353474,43076,232.8620315,0.817977528,0.988671186,0.91343856,0.82903834,0.006595334,0.00192183,0.687304569,0.99540413,SIRA
42659,750.109,250.8943863,217.153824,1.155376321,0.500876329,43069,233.0560571,0.741895652,0.990480392,0.952734259,0.928901043,0.005881394,0.002701082,0.862857148,0.996924717,SEKER
60635,994.351,413.413755,188.0527019,2.198393062,0.890553912,61424,277.854062,0.644504677,0.987154858,0.770644026,0.672096801,0.006818071,0.000858161,0.451714109,0.993045164,HOROZ
57055,937.369,367.3171818,205.6747948,1.785912475,0.828534609,59620,269.5267746,0.664442348,0.956977524,0.815985423,0.733771214,0.006437949,0.001151251,0.538420195,0.961571343,HOROZ
26874,609.355,230.0850987,149.1908917,1.542219475,0.761286089,27275,184.978484,0.788093842,0.985297892,0.90949731,0.803956818,0.008561625,0.002206312,0.646346566,0.996808262,DERMASON
49452,825.529,278.3305613,226.9136794,1.226592253,0.579085457,50153,250.9267661,0.76598513,0.98602277,0.911861871,0.90154227,0.005628297,0.002293513,0.812778465,0.996947769,SEKER
146618,1460.102,551.0396701,340.3802019,1.618894598,0.786409556,148342,432.0646197,0.815631954,0.988378207,0.864232837,0.784089863,0.003758336,0.000876272,0.614796914,0.995291403,BOMBAY
28847,640.822,233.4161316,157.9871675,1.477437284,0.736123099,29335,191.6484833,0.764766702,0.983364582,0.882745866,0.82105929,0.008091522,0.002268339,0.674138358,0.995997144,DERMASON
33208,665.248,239.2844011,177.0818406,1.351264479,0.672554524,33574,205.6252387,0.767655286,0.989098707,0.942942975,0.859334072,0.007205625,0.002423815,0.738455047,0.997848074,DERMASON
30099,638.821,237.1419113,162.3034301,1.461102277,0.729092863,30477,195.7632168,0.803604325,0.987597204,0.926837426,0.825510833,0.007878731,0.002256977,0.681468136,0.995694645,DERMASON
40422,746.151,280.9801432,183.6846474,1.529687686,0.756729424,40760,226.8631501,0.815239094,0.991707556,0.912376753,0.807399226,0.006951169,0.001822178,0.65189351,0.997193474,SIRA
96148,1185.141,464.0364174,266.7571838,1.739546095,0.818249953,97828,349.8848893,0.742816969,0.982827002,0.860221065,0.754003083,0.004826272,0.000962241,0.568520649,0.988967875,CALI
70966,1032.731,386.4901941,237.0890354,1.630147904,0.789740343,72555,300.5939413,0.685661836,0.978099373,0.836153022,0.777753086,0.005446132,0.001229235,0.604899863,0.986076244,CALI
68838,1021.546,324.8827085,270.189651,1.202424694,0.555295806,69878,296.0528057,0.757527071,0.985116918,0.828938389,0.911260581,0.004719526,0.002007467,0.830395846,0.998488472,BARBUNYA
36738,690.192,237.9328529,197.0584232,1.2074229,0.560417534,37032,216.2782338,0.746661789,0.99206092,0.969137797,0.908988528,0.006476478,0.002727422,0.826260144,0.99764542,SEKER
51074,858.232,321.6669537,203.4811617,1.580819329,0.774492282,51874,255.0086989,0.687476444,0.984578016,0.871365436,0.79277245,0.006298057,0.001534548,0.628488157,0.993526227,SIRA
30834,656.296,233.9633516,168.3615206,1.389648601,0.694382212,31423,198.1390121,0.759607804,0.981255768,0.899580883,0.846880551,0.007587837,0.002407611,0.717206668,0.996665243,DERMASON
71613,1195.63,388.4951893,235.8801426,1.64700252,0.794576836,72987,301.961096,0.780523161,0.98117473,0.629517959,0.777258263,0.005424925,0.001221335,0.604130408,0.995004304,BARBUNYA
45360,784.586,290.296352,199.1389298,1.457757919,0.727615724,45785,240.3209224,0.765182186,0.990717484,0.925980415,0.827846856,0.006399831,0.001854165,0.685330418,0.999045844,SIRA
41918,750.442,280.0744683,190.7890144,1.467980058,0.732089774,42224,231.0230621,0.714714408,0.992752937,0.935354312,0.824862986,0.006681485,0.001908007,0.680398945,0.998812082,SEKER
48686,874.501,351.8705181,176.9531072,1.988495843,0.864348861,49362,248.9757829,0.648161461,0.986305255,0.800006173,0.707577845,0.007227345,0.00111752,0.500666407,0.995573069,HOROZ
31573,674.103,217.3070261,185.4482507,1.171793345,0.52126839,32197,200.499357,0.756964757,0.980619312,0.873118507,0.922654737,0.006882685,0.003076767,0.851291764,0.997538024,SEKER
43643,798.501,291.9057674,191.1758187,1.526896912,0.755695563,44293,235.7286437,0.730011374,0.985324995,0.860148688,0.807550484,0.00668849,0.001754634,0.652137784,0.995747169,SIRA
49106,908.723,297.8698781,210.4572992,1.415345912,0.707672051,49733,250.0473977,0.742343159,0.987392677,0.7472766,0.839451774,0.006065855,0.001858039,0.704679281,0.99736494,SEKER
34437,687.782,259.7955739,169.1082759,1.536267652,0.759139266,34798,209.3956786,0.792876384,0.989625841,0.914815603,0.806001717,0.007544083,0.001963948,0.649638767,0.998019024,DERMASON
37646,703.337,249.2379262,192.5507286,1.294401366,0.634944322,37941,218.9346384,0.803577527,0.99222477,0.956316772,0.878416226,0.006620569,0.002431512,0.771615065,0.998779595,SEKER
79896,1057.845,399.7660593,255.2200243,1.566358519,0.76968533,80538,318.9463069,0.790110759,0.992028608,0.897203224,0.797832381,0.00500358,0.001250568,0.636536508,0.997044382,CALI
37216,729.942,288.9452027,164.9765705,1.751431744,0.820976874,37630,217.6806902,0.822616653,0.98899814,0.877733857,0.753363227,0.007764005,0.001542706,0.567556151,0.99403586,DERMASON
34291,687.182,257.9686332,169.9776055,1.517662473,0.752223504,34674,208.9513274,0.693925045,0.98895426,0.912528557,0.809987342,0.007522925,0.001997466,0.656079493,0.995707227,DERMASON
92819,1169.482,453.5816889,262.1580846,1.730183868,0.816055708,94031,343.7743756,0.822695727,0.987110634,0.852824495,0.757910612,0.004886733,0.00099465,0.574428496,0.993866918,CALI
203536,1735.247,648.1573185,401.698875,1.613540288,0.784795183,206049,509.0678579,0.774879315,0.987803872,0.849431759,0.785407868,0.003184485,0.000747481,0.61686552,0.995337369,BOMBAY
39318,746.921,279.8154344,179.4510188,1.55928585,0.767274166,39764,223.7436757,0.791711973,0.988783825,0.885629231,0.79961163,0.007116726,0.001794636,0.63937876,0.996974253,DERMASON
43871,814.595,328.4832516,170.8977177,1.922104379,0.854006029,44373,236.343589,0.643505684,0.988686814,0.830814213,0.719499664,0.00748748,0.001237764,0.517679766,0.995034545,HOROZ
47114,818.382,315.0707499,190.7427445,1.65180988,0.795924003,47544,244.9232694,0.777612729,0.990955746,0.883990717,0.777359591,0.006687412,0.001506349,0.604287934,0.99816878,SIRA
63219,981.824,367.1035044,222.0402827,1.653319389,0.796344124,64634,283.712761,0.768078437,0.978107498,0.824119515,0.772841331,0.005806854,0.001277856,0.597283723,0.98750076,CALI
34291,680.903,250.314032,174.6730289,1.433043405,0.716277481,34664,208.9513274,0.757812155,0.989239557,0.929436062,0.834756748,0.007299701,0.002186375,0.696818829,0.998571627,DERMASON
48673,799.093,270.6905941,229.2923642,1.180547792,0.531490274,49078,248.9425403,0.751544068,0.99174783,0.957862843,0.91965715,0.005561412,0.002453966,0.845769273,0.998471048,SEKER
38195,719.457,243.2856909,200.212062,1.21514003,0.568113196,38604,220.5252467,0.778536486,0.989405243,0.927271034,0.906445611,0.006369569,0.002652509,0.821643645,0.998412083,SEKER
66506,986.389,325.0822839,261.6285179,1.242533828,0.593536513,67473,290.9949642,0.762124129,0.985668341,0.858962593,0.895142487,0.004888014,0.001935891,0.801280072,0.995617596,BARBUNYA
28268,644.92,251.7619327,144.9893635,1.736416566,0.81752108,28925,189.7154065,0.670875261,0.977286085,0.854069585,0.753550803,0.008906252,0.001771434,0.567838812,0.986004721,DERMASON
47551,821.031,314.5426793,192.9740847,1.629973682,0.789689407,47966,246.0565252,0.741316413,0.991348038,0.88644217,0.782267531,0.006614849,0.001527991,0.61194249,0.997450154,SIRA
85465,1121.047,444.0432205,247.7210094,1.792513366,0.829924385,86667,329.8748516,0.785885057,0.986130823,0.854575661,0.742889062,0.005195615,0.000976141,0.551884159,0.989259731,CALI
31414,658.232,241.103848,166.1409755,1.451200387,0.724680799,31861,199.9938676,0.773172533,0.985970309,0.911119035,0.829492641,0.007675045,0.002241356,0.688058041,0.998510096,DERMASON
43964,795.449,266.7102618,210.1685413,1.26903037,0.615671136,44557,236.593963,0.778840703,0.986691205,0.873136981,0.887082339,0.00606656,0.002317277,0.786915077,0.998619132,SEKER
47705,803.672,283.6167927,214.3764565,1.322984796,0.654725672,48140,246.4546459,0.778539372,0.990963855,0.928145554,0.86897057,0.005945222,0.002091068,0.755109851,0.998998852,SEKER
38552,714.493,234.9970849,209.0326346,1.124212424,0.456912575,38959,221.5534494,0.801663548,0.98955312,0.948988218,0.942792331,0.006095587,0.002970705,0.888857379,0.999264509,SEKER
33732,685.843,251.6333561,171.2088463,1.469745061,0.732850122,34120,207.2412032,0.71481246,0.98862837,0.901161304,0.823583989,0.007459782,0.002117081,0.678290587,0.99691424,DERMASON
31158,642.626,216.4848362,183.6443122,1.178826797,0.529514251,31492,199.1773023,0.798759229,0.989394132,0.948119004,0.92005198,0.00694797,0.003071052,0.846495646,0.997871751,SEKER
87657,1143.783,443.1117397,256.064473,1.730469419,0.816123248,89803,334.0783722,0.744268781,0.976103248,0.841994379,0.753937082,0.005055064,0.001007504,0.568421124,0.983635373,CALI
35106,680.346,234.3642027,191.0105524,1.226969922,0.579438588,35445,211.419837,0.810387812,0.990435887,0.953084795,0.902099529,0.006675902,0.002727141,0.813783561,0.998487952,SEKER
33796,689.612,257.0214392,167.8566113,1.531196401,0.757285401,34210,207.4377103,0.69658058,0.987898275,0.893028965,0.807083296,0.007605085,0.001990477,0.651383447,0.99739599,DERMASON
176276,1616.13,621.159964,365.5225515,1.699375213,0.808532472,178364,473.7526506,0.800454091,0.988293602,0.848106647,0.762690254,0.003523792,0.0007355,0.581696423,0.988520484,BOMBAY
75799,1096.146,409.7062235,236.3038694,1.733810896,0.816910701,77029,310.661044,0.796877628,0.984031988,0.792750516,0.758253173,0.005405167,0.001102163,0.574947874,0.996850889,BARBUNYA
77787,1082.712,399.5687474,249.7240302,1.600041242,0.780637648,79288,314.7085707,0.751637839,0.981069014,0.833855862,0.787620585,0.005136703,0.001219362,0.620346186,0.992579482,CALI
77921,1121.69,403.2322686,246.4501018,1.636161907,0.791486648,79249,314.9795209,0.696127217,0.983242691,0.778249204,0.781136693,0.005174886,0.001188471,0.610174534,0.998344328,BARBUNYA
69889,1002.511,391.5626777,228.7546748,1.711714429,0.811602825,70764,298.3042717,0.774479167,0.987634956,0.873857056,0.761830197,0.005602637,0.001164139,0.580385248,0.993453804,CALI
54982,916.327,373.1166089,188.3618504,1.980850199,0.863216602,55548,264.5850651,0.75978719,0.989810614,0.822866592,0.709121649,0.006786159,0.00105849,0.502853514,0.996077482,HOROZ
28026,616.131,224.6623763,159.1833305,1.41134361,0.705665957,28333,188.9015921,0.720185019,0.989164578,0.927736964,0.84082433,0.008016213,0.002471554,0.706985554,0.997799544,DERMASON
61251,987.762,410.285781,190.5497847,2.153168431,0.885608862,62008,279.2618759,0.789133964,0.987791898,0.788893574,0.680652094,0.006698434,0.000886857,0.463287273,0.997535531,HOROZ
40307,792.925,321.5996431,161.1916111,1.995138834,0.865320902,40880,226.5402091,0.61331406,0.985983366,0.805612354,0.704416855,0.007978754,0.001211808,0.496203105,0.989994085,HOROZ
76077,1133.565,403.5801067,241.3428439,1.672227359,0.801492514,77477,311.230212,0.800700957,0.981930121,0.743995633,0.771173323,0.00530489,0.001157348,0.594708294,0.99448748,BARBUNYA
183924,1623.448,631.112949,373.1654798,1.691241508,0.806465163,185666,483.9207683,0.76097561,0.990617561,0.876943276,0.766773632,0.003431379,0.000731673,0.587941803,0.994351582,BOMBAY
37556,721.732,268.0902406,179.1175572,1.496727874,0.744049834,37907,218.6727792,0.755958132,0.990740496,0.90601893,0.815668555,0.007138413,0.00194911,0.665315191,0.995795792,DERMASON
94198,1183.792,456.7018734,268.2737271,1.702372716,0.809285557,96847,346.3186663,0.761682205,0.972647578,0.844696597,0.758303582,0.004848318,0.000988879,0.575024322,0.978905716,CALI
26927,608.024,224.1799815,153.148157,1.463811161,0.730279741,27214,185.1607983,0.777113997,0.989453958,0.915285095,0.825947067,0.008325472,0.002389998,0.682188558,0.998595225,DERMASON
83461,1115.612,435.778211,247.3506306,1.761783303,0.823299847,85055,325.9844255,0.778089573,0.981259185,0.842688552,0.748051227,0.005221339,0.001008526,0.559580638,0.985859825,CALI
77583,1084.672,384.862785,257.3128981,1.495699546,0.7436371,78675,314.2956309,0.725698732,0.986120114,0.828666103,0.816643342,0.004960659,0.001360971,0.666906348,0.997491522,BARBUNYA
35410,704.701,228.5505682,197.4338111,1.15760602,0.5037461,35997,212.3332576,0.765952844,0.983693086,0.896037148,0.92904279,0.006454407,0.002966054,0.863120506,0.999153494,SEKER
47160,817.827,311.8671938,193.785565,1.609341717,0.783515632,47702,245.0428063,0.807534247,0.988637793,0.886055186,0.785728064,0.00661296,0.001554765,0.61736859,0.993557027,SIRA
42948,778.088,285.0214146,193.0020563,1.47677916,0.735845638,43496,233.8441617,0.789427248,0.98740114,0.891446683,0.820444183,0.00663643,0.001854857,0.673128658,0.994062374,SIRA
62517,1011.37,404.4650897,198.3090131,2.039569878,0.87155404,63535,282.1331541,0.626736842,0.983977335,0.76804711,0.697546367,0.006469682,0.000944833,0.486570935,0.992395422,HOROZ
36147,710.044,241.696022,190.8682385,1.266297755,0.613488463,36675,214.531559,0.786146151,0.985603272,0.900972633,0.887608978,0.006686475,0.00256014,0.787849698,0.997652304,SEKER
41567,768.363,286.8489529,185.1102001,1.549611814,0.763909907,42083,230.053794,0.796852235,0.987738517,0.884760364,0.802003255,0.006900882,0.00176112,0.643209222,0.996724609,SIRA
68131,1036.382,357.7621194,243.6287019,1.468472789,0.732302394,69197,294.5285783,0.776917463,0.984594708,0.797103846,0.823252553,0.005251092,0.001487859,0.677744767,0.995249748,BARBUNYA
37016,722.111,275.9506091,171.265728,1.611242438,0.784096391,37446,217.0949907,0.776016771,0.988516798,0.892054584,0.786716838,0.007454901,0.001761552,0.618923384,0.997235621,DERMASON
39797,759.848,282.4563606,180.095131,1.568373109,0.770364801,40473,225.1024526,0.700750106,0.983297507,0.866177204,0.79694595,0.007097428,0.001766023,0.635122847,0.996109594,SIRA
39345,834.349,271.2153929,186.4318545,1.454769592,0.726284644,40593,223.8204859,0.708459378,0.969255783,0.710238015,0.825249937,0.006893262,0.00197218,0.681037458,0.990752585,SIRA
39235,734.13,275.3988576,181.8888427,1.514105282,0.750864702,39649,223.5073903,0.750148175,0.989558375,0.914824059,0.811577042,0.007019214,0.001878396,0.658657296,0.997276491,SIRA
26383,603.722,231.0449513,145.9625909,1.582905249,0.7751724,26630,183.2808744,0.780262029,0.990724747,0.909620077,0.793269333,0.008757342,0.002139118,0.629276234,0.996084654,DERMASON
92147,1146.254,446.7414441,263.818805,1.693364672,0.807008185,93190,342.5276694,0.807903066,0.988807812,0.881311295,0.766724632,0.004848139,0.001033505,0.587866662,0.995472637,CALI
39926,723.237,248.2750461,205.0050383,1.211068021,0.564083939,40308,225.4669866,0.781025039,0.990522973,0.959189452,0.908133903,0.00621838,0.002608895,0.824707186,0.9987765,SEKER
39560,765.067,283.5270612,178.1061085,1.591899703,0.778067823,40096,224.4311841,0.6975842,0.986632083,0.849311897,0.79156883,0.007167014,0.001735692,0.626581213,0.997454446,DERMASON
53232,880.63,348.7819052,195.4604503,1.784411653,0.828216139,53796,260.34033,0.828268683,0.989515949,0.862572673,0.746427284,0.00655211,0.001254616,0.55715369,0.994191536,SIRA
39614,720.724,249.8716832,202.0126213,1.236911246,0.588543648,39972,224.5843078,0.755415713,0.991043731,0.958342157,0.898798555,0.006307661,0.002539204,0.807838843,0.99922495,SEKER
30448,664.217,253.0739378,153.67161,1.646849003,0.794533583,30830,196.8948899,0.803207766,0.987609471,0.867258692,0.778013302,0.008311677,0.001878523,0.605304697,0.996845438,DERMASON
31994,654.535,212.1713961,192.4225318,1.102632806,0.421302377,32391,201.8316774,0.789741311,0.987743509,0.938453277,0.951267141,0.0066316,0.003349716,0.904909174,0.997782541,SEKER
65990,1010.042,397.5522392,213.4137081,1.862824289,0.843697254,66576,289.8638949,0.765190167,0.991198029,0.812847597,0.729121525,0.006024432,0.001050257,0.531618198,0.990311292,CALI
32114,648.566,222.6575074,183.8290361,1.211220556,0.564236127,32393,202.2098285,0.760670804,0.991387028,0.9593916,0.908165329,0.006933347,0.002909259,0.824764265,0.998971432,SEKER
43948,777.578,292.4937012,192.1021159,1.522594896,0.754087894,44489,236.5509068,0.79108615,0.987839691,0.913400091,0.808738465,0.00665545,0.001756263,0.654057904,0.995865226,SIRA
48319,826.388,306.0555749,203.2290582,1.505963653,0.747708906,48777,248.0356054,0.781709053,0.990610329,0.889118808,0.810426686,0.006334063,0.001685455,0.656791414,0.989103997,SIRA
26006,593.423,221.9037691,149.4269501,1.485031776,0.739290835,26248,181.9666662,0.714117033,0.99078025,0.928014309,0.820025126,0.008532791,0.002380014,0.672441207,0.99859656,DERMASON
55605,955.326,396.740326,179.4204111,2.211232956,0.891898117,56350,266.0798468,0.59349984,0.986779059,0.765632771,0.67066499,0.007134976,0.00089042,0.449791529,0.994593853,HOROZ
40783,751.422,284.9988079,182.6373103,1.560463234,0.767678355,41172,227.8739308,0.759799538,0.990551831,0.907655871,0.799560996,0.006988177,0.001761773,0.639297787,0.997600692,DERMASON
33623,659.408,217.371862,197.0837827,1.102941394,0.421848171,33918,206.9060976,0.793238493,0.991302553,0.97171275,0.951853178,0.006464975,0.003273607,0.906024472,0.999291894,SEKER
24464,577.656,216.8235649,144.0188315,1.505522318,0.74753599,24752,176.4894677,0.758856008,0.988364577,0.921295086,0.813977336,0.008862965,0.002399982,0.662559103,0.997497517,DERMASON
63317,979.067,371.6758083,217.4355445,1.709360855,0.811023206,64040,283.932577,0.719184462,0.988710181,0.83005213,0.763925363,0.005870079,0.001233183,0.583581961,0.99755216,BARBUNYA
37606,700.716,229.643827,209.019182,1.098673456,0.414194161,37942,218.8182952,0.785733687,0.991144378,0.96246055,0.95285947,0.006106574,0.003105223,0.907941169,0.997530862,SEKER
28139,617.749,220.1561651,163.1082547,1.349754894,0.671642657,28459,189.2820318,0.803374636,0.988755754,0.926604535,0.859762576,0.00782388,0.002637036,0.739191688,0.997727599,DERMASON
36521,730.156,278.2900716,168.3759448,1.652789964,0.796196933,36941,215.6385434,0.7749321,0.988630519,0.86083756,0.774869697,0.007620001,0.001694531,0.600423047,0.992373186,DERMASON
73777,1027.678,389.143248,243.14149,1.600480642,0.780774989,74836,306.4894678,0.742821184,0.985849057,0.87784277,0.787600631,0.005274588,0.001251966,0.620314755,0.992801757,CALI
89235,1197.862,395.6879606,288.8077414,1.370073942,0.683567167,90764,337.0719964,0.769081601,0.983154114,0.781504559,0.85186316,0.004434224,0.001440379,0.725670843,0.994222712,BARBUNYA
49425,829.027,312.2965836,202.4879484,1.54229714,0.761313898,49900,250.8582558,0.749408661,0.990480962,0.903689408,0.803269293,0.006318596,0.001622725,0.645241557,0.995154207,SIRA
191093,1686.806,635.7172404,386.4785077,1.644896748,0.793982285,194125,493.2617604,0.767047462,0.984381198,0.843964868,0.77591377,0.003326743,0.000743794,0.602042178,0.990297221,BOMBAY
42528,781.67,293.0467026,186.3169009,1.572840151,0.771860009,43237,232.6979402,0.802536232,0.983602008,0.874657319,0.794064353,0.006890677,0.001689913,0.630538196,0.991735792,SIRA
40900,749.122,283.0238894,184.203207,1.536476449,0.759215105,41244,228.2005639,0.772850097,0.991659393,0.915857843,0.806294354,0.006919899,0.001804073,0.650110585,0.998879603,SIRA
71243,1053.652,348.7025741,260.9807271,1.336123851,0.663209717,72741,301.1800207,0.761403471,0.979406387,0.80641328,0.863716081,0.004894552,0.001680261,0.746005468,0.996755699,BARBUNYA
66370,1004.139,339.2870724,249.8830846,1.357783273,0.676443462,67637,290.69728,0.720535869,0.981267649,0.827168546,0.856788553,0.005112055,0.001699299,0.734086625,0.996730541,BARBUNYA
65343,1016.802,417.2749046,200.54584,2.080695887,0.876935305,66374,288.4394071,0.723717438,0.984466809,0.794211461,0.691245517,0.006385916,0.000899357,0.477820365,0.994198868,HOROZ
77972,1077.81,415.4903941,243.1599652,1.708712179,0.810862962,79627,315.0825825,0.779447193,0.979215593,0.84345928,0.75833903,0.005328713,0.001087065,0.575078085,0.982642927,CALI
41499,757.035,284.2983621,186.4537745,1.524765926,0.754901339,41899,229.865543,0.80856909,0.990453233,0.909945912,0.80853629,0.006850728,0.001805987,0.653730932,0.996786651,DERMASON
42837,789.064,279.5822057,197.5449882,1.41528372,0.707641051,43683,233.5417787,0.739346554,0.980633198,0.864578543,0.835324187,0.006526652,0.001960155,0.697766497,0.987537564,SIRA
42670,791.457,293.8811775,185.5367529,1.583951281,0.775512226,43350,233.0861029,0.707135992,0.984313725,0.856008068,0.793130424,0.006887302,0.001681153,0.62905587,0.996393851,HOROZ
40119,734.219,264.7946821,193.1224646,1.37112315,0.684163049,40472,226.0112769,0.753408451,0.991277921,0.935209103,0.853534048,0.006600231,0.002160839,0.728520371,0.998891146,SEKER
39520,731.357,272.9724152,184.912273,1.476226595,0.735612312,39910,224.3176917,0.798093623,0.990228013,0.928470169,0.82175956,0.006907197,0.001942946,0.675288774,0.996879247,DERMASON
72840,1060.226,351.3973376,264.6197971,1.327932912,0.657963191,74400,304.5369738,0.757944684,0.979032258,0.814297123,0.866645649,0.004824236,0.001678706,0.751074681,0.997376789,BARBUNYA
36640,719.248,268.4934083,174.0701632,1.542443595,0.761366326,37114,215.989576,0.775597468,0.987228539,0.890036881,0.8044502,0.007327877,0.001893017,0.647140124,0.998177139,SIRA
46979,817.382,314.7181139,190.2664056,1.654091867,0.796558587,47455,244.5721173,0.790878941,0.989969445,0.88361584,0.777114842,0.006699123,0.001507088,0.603907477,0.998918447,SIRA
58877,964.919,376.8503384,202.2688788,1.863115772,0.843750686,60278,273.7965023,0.713816348,0.976757689,0.794646218,0.726539091,0.006400638,0.001100117,0.527859051,0.983462523,CALI
40304,749.929,291.1140433,176.604156,1.648398599,0.79496951,40623,226.5317784,0.694034991,0.992147306,0.900570502,0.778154759,0.007222957,0.001633649,0.60552483,0.998146281,DERMASON
84226,1113.968,440.5559563,245.6595216,1.793359986,0.830101359,85372,327.4749974,0.788477921,0.986576395,0.852924539,0.743322143,0.005230641,0.000985015,0.552527808,0.990881262,CALI
47301,882.93,358.6190044,168.9438553,2.122711143,0.882082129,48105,245.4088501,0.727931671,0.983286561,0.762478566,0.684316356,0.007581637,0.001025582,0.468288874,0.994042012,HOROZ
48973,871.941,362.0082361,172.7835838,2.095154112,0.878744833,49545,249.7085506,0.783881553,0.98845494,0.809454374,0.689786932,0.007391996,0.001032289,0.475806012,0.996886922,HOROZ
67031,977.642,370.5708826,232.0351282,1.597046471,0.779697919,67944,292.1412671,0.741624624,0.986562463,0.881304243,0.788354619,0.005528351,0.001317231,0.621503006,0.992569182,CALI
84791,1111.688,440.9227214,246.9561704,1.785429053,0.828432129,85718,328.571536,0.685745018,0.989185469,0.862171744,0.745190756,0.005200112,0.00098915,0.555309262,0.99146529,CALI
72059,1082.571,366.4219104,251.0428058,1.459599327,0.728430665,73183,302.8999313,0.735746375,0.984641242,0.772654462,0.82664252,0.005085026,0.001464684,0.683337855,0.997399474,BARBUNYA
68843,1102.682,371.9794475,236.3442579,1.573888237,0.772208566,70506,296.0635573,0.775259009,0.976413355,0.71149046,0.795913751,0.005403301,0.001337528,0.633478699,0.997024673,BARBUNYA
32244,674.342,253.4801708,162.4702254,1.560163841,0.767575682,32628,202.6186958,0.801093168,0.988230967,0.891042373,0.799347322,0.007861313,0.00197978,0.638956142,0.996876268,DERMASON
